"Product Stock Number","Product EAN","Product Manufacturer Code","Product Title","Product Best Match Image URL","Price","Width","Aspect Ratio","Rim","Speed Rating","Load Index","Reinforced","Runflat","Rolling Resistance","Wet Grip","Noise Performance","Noise Class Type","EC Vehicle Class","Product Available","Brand Name","Brand Group","Model Name"
"1756015HUN0361161000","4024068004714","03611610000","175/60R15 UNIROYAL RAINEXPERT 5 81H (CAR SUMMER)","https://dcjqgkl774ppl.cloudfront.net/70/model/m_6657_uniroyal__rainexpert-5__productpicture__30.png","54.51","175","60","15","H","81","","false","C","A","70","2","C1","2.0","UNIROYAL","MID RANGE PREMIUM","RAINEXPERT 5"
"1757014TUN0361150000","4024068004622","03611500000","175/70R14 UNIROYAL RAINEXPERT 5 84T (CAR SUMMER)","https://dcjqgkl774ppl.cloudfront.net/70/model/m_6657_uniroyal__rainexpert-5__productpicture__30.png","48.77","175","70","14","T","84","","false","D","A","70","2","C1","2.0","UNIROYAL","MID RANGE PREMIUM","RAINEXPERT 5"
"1756514HZE03.005.01","6921109014221","03.005.01","175/65R14 ZETA ZTR50 82H (CAR SUMMER)","https://dcjqgkl774ppl.cloudfront.net/70/images/ze-ztr50.jpg","27.03","175","65","14","H","82","","false","D","D","71","2","C1","30.0","ZETA","House Brand","ZTR50"
"1956016VUN0361179000","4024068004721","03611790000","195/60R16 UNIROYAL RAINEXPERT 5 89V (CAR SUMMER)","https://dcjqgkl774ppl.cloudfront.net/70/model/m_6657_uniroyal__rainexpert-5__productpicture__30.png","75.88","195","60","16","V","89","","false","C","A","71","2","C1","4.0","UNIROYAL","MID RANGE PREMIUM","RAINEXPERT 5"
"2255517ZRADSC0085","8886459507213","DSC0085","225/55R17 RADAR DIMAX R8+ 97Y RUNFLAT (CAR SUMMER)","https://dcjqgkl774ppl.cloudfront.net/tyrecat/dimax-r8-plus.jpg","62.17","225","55","17","Y","97","","true","D","B","71","2","C1","3.0","RADAR","BUDGET","DIMAX R8+"
"2156016HUN0361184000","4024068004929","03611840000","215/60R16 UNIROYAL RAINEXPERT 5 99H XL (CAR SUMMER)","https://dcjqgkl774ppl.cloudfront.net/70/model/m_6657_uniroyal__rainexpert-5__productpicture__30.png","76.34","215","60","16","H","99","XL","false","C","A","72","2","C1","2.0","UNIROYAL","MID RANGE PREMIUM","RAINEXPERT 5"
"2554519ZUN03611070000","4024068003250","03611070000","255/45R19 UNIROYAL RAINSPORT 5 104Y XL (CAR SUMMER)","https://dcjqgkl774ppl.cloudfront.net/70/model/m_5279_rs5.jpg","119.81","255","45","19","Y","104","XL","false","C","A","73","2","C1","5.0","UNIROYAL","MID RANGE PREMIUM","RAINSPORT 5"
"2355520VBR9442","3286340944212","9442","235/55R20 BRIDGESTONE DUELER H/L 33A 102V (4X4 / SUV SUMMER)","https://dcjqgkl774ppl.cloudfront.net/tyrecat/dueler-h-l_33.png","153.38","235","55","20","V","102","","false","D","C","69","2","C1","6.0","BRIDGESTONE","PREMIUM","DUELER H/L 33A"
"1856515TUN0361166000","4024068004783","03611660000","185/65R15 UNIROYAL RAINEXPERT 5 88T (CAR SUMMER)","https://dcjqgkl774ppl.cloudfront.net/70/model/m_6657_uniroyal__rainexpert-5__productpicture__30.png","42.1","185","65","15","T","88","","false","C","A","70","2","C1","13.0","UNIROYAL","MID RANGE PREMIUM","RAINEXPERT 5"
"1956515TUN0361171000","4024068004448","0361171000","195/65R15 UNIROYAL RAINEXPERT 5 95T XL (CAR SUMMER)","https://dcjqgkl774ppl.cloudfront.net/70/model/m_6657_uniroyal__rainexpert-5__productpicture__30.png","48.91","195","65","15","T","95","XL","false","C","A","72","2","C1","4.0","UNIROYAL","MID RANGE PREMIUM","RAINEXPERT 5"
"2256517HUN0361195000","4024068004745","03611950000","225/65R17 UNIROYAL RAINEXPERT 5 102H (4X4 / SUV SUMMER)","https://dcjqgkl774ppl.cloudfront.net/70/model/m_6657_uniroyal__rainexpert-5__productpicture__30.png","72.55","225","65","17","H","102","","false","C","A","71","2","C1","3.0","UNIROYAL","MID RANGE PREMIUM","RAINEXPERT 5"
"2154018ZRADSC0086","8886459507220","DSC0086","215/40R18 RADAR DIMAX R8+ 85Y RUNFLAT (CAR SUMMER)","https://dcjqgkl774ppl.cloudfront.net/tyrecat/dimax-r8-plus.jpg","62.17","215","40","18","Y","85","","true","D","B","72","2","C1","30.0","RADAR","BUDGET","DIMAX R8+"
"1756515HUN0361162000","4024068004608","03611620000","175/65R15 UNIROYAL RAINEXPERT 5 84H (CAR SUMMER)","https://dcjqgkl774ppl.cloudfront.net/70/model/m_6657_uniroyal__rainexpert-5__productpicture__30.png","46.17","175","65","15","H","84","","false","C","A","70","2","C1","10.0","UNIROYAL","MID RANGE PREMIUM","RAINEXPERT 5"
"1855515HYOR2423","4968814925185","R2423","185/55R15 YOKOHAMA ES32 82H (CAR SUMMER)","http://images.tyresoft.biz/tyrecat/es32.png","44.83","185","55","15","H","82","","false","C","C","68","2","C1","14.0","YOKOHAMA","MID RANGE 2","ES32"
"2156517VUN0361193000","4024068004509","03611930000","215/65R17 UNIROYAL RAINEXPERT 5 99V (4X4 / SUV SUMMER)","https://dcjqgkl774ppl.cloudfront.net/70/model/m_6657_uniroyal__rainexpert-5__productpicture__30.png","70.17","215","65","17","V","99","","false","C","A","71","2","C1","29.0","UNIROYAL","MID RANGE PREMIUM","RAINEXPERT 5"
"2254018ZZE03.026.02","6921109031518","03.026.02","225/40R18 ZETA ALVENTI 92Y XL (CAR SUMMER)","https://dcjqgkl774ppl.cloudfront.net/70/images/ze-alveti.jpg","41.77","225","40","18","Y","92","XL","false","B","B","72","2","C1","30.0","ZETA","House Brand","ALVENTI"
"1756016HYOR2416","4968814925116","R2416","175/60R16 YOKOHAMA ES32 82H (CAR SUMMER)","http://images.tyresoft.biz/tyrecat/es32.png","62.17","175","60","16","H","82","","false","C","C","68","2","C1","8.0","YOKOHAMA","MID RANGE 2","ES32"
"2156017HUN0361191000","4024068004677","03611910000","215/60R17 UNIROYAL RAINEXPERT 5 96H (4X4 / SUV SUMMER)","https://dcjqgkl774ppl.cloudfront.net/70/model/m_6657_uniroyal__rainexpert-5__productpicture__30.png","70.24","215","60","17","H","96","","false","C","A","71","2","C1","18.0","UNIROYAL","MID RANGE PREMIUM","RAINEXPERT 5"
"1855515VZE03.015.01","6921109014467","03.015.01","185/55R15 ZETA ZTR20 82V (CAR SUMMER)","https://dcjqgkl774ppl.cloudfront.net/70/images/ze-ztr20.jpg","31.57","185","55","15","V","82","","false","D","C","70","2","C1","30.0","ZETA","House Brand","ZTR20"
"2355519VMI538717","3528705387174","538717","235/55R19 MICHELIN LATITUDE SPORT 3 105V XL VOL (4X4 / SUV SUMMER)","https://dcjqgkl774ppl.cloudfront.net/70/images/mi-latisport.jpg","129.34","235","55","19","V","105","XL","false","C","A","70","2","C1","4.0","MICHELIN","PREMIUM","LATITUDE SPORT 3"
"1656015HYOR2410","4968814925055","R2410","165/60R15 YOKOHAMA ES32 77H (CAR SUMMER)","http://images.tyresoft.biz/tyrecat/es32.png","41.77","165","60","15","H","77","","false","C","C","68","2","C1","2.0","YOKOHAMA","MID RANGE 2","ES32"
"2157015RMI858573","3528708585737","858573","215/70R15 MICHELIN CROSSCLIMATE CAMPING 109/107R (VAN ALL SEASON)","","136.13","215","70","15","R","109/107","","false","C","A","072","1","C2","4.0","MICHELIN","PREMIUM","CROSSCLIMATE CAMPING"
"2853522ZHA1020860","8808563409948","1020860","285/35R22 HANKOOK VENTUS S1 EVO 2 SUV K117A 106Y XL RO1 SILENT ABSORBER (4X4 / SUV SUMMER)","https://dcjqgkl774ppl.cloudfront.net/70/MODEL/ha-k117.jpg","196.72","285","35","22","Y","106","XL","false","C","A","73","2","C1","3.0","HANKOOK","MID RANGE 2","VENTUS S1 EVO 2 SUV K117A"
"2154517ZPI4183600","8019227418361","4183600","215/45R17 PIRELLI POWERGY 91Y XL (CAR SUMMER)","","65.08","215","45","17","Y","91","XL","false","B","A","69","1","C1","2.0","PIRELLI","PREMIUM","POWERGY"
"1857516RBLV67","6973307190634","","185/75R16 BLACKARROW V67 104/102R (VAN SUMMER)","","33.15","185","75","16","R","104/102","","false","C","B","71","2","C2","30.0","BLACKARROW","BUDGET WHOLESALE","V67"
"2653521ZMI763796","3528707637963","763796","265/35R21 MICHELIN PILOT SPORT 4 S 101Y XL BLAT2 (CAR SUMMER)","https://dcjqgkl774ppl.cloudfront.net/tyrecat/pilot-sport_4_s.png","263.16","265","35","21","Y","101","XL","false","D","A","073","2","C1","2.0","MICHELIN","PREMIUM","PILOT SPORT 4 S"
"2354019ZHA1018809","8808563386829","1018809","235/40R19 HANKOOK VENTUS S1 EVO 2 K117 R01 96Y XL (CAR SUMMER)","http://www.etyre.net/preview/t3/ha-k117xl.jpg","102.8","235","40","19","Y","96","XL","false","D","A","70","2","C1","1.0","HANKOOK","MID RANGE 2","VENTUS S1 EVO 2 K117"
"2254018ZYOR2470","4968814925659","R2470","225/40R18 YOKOHAMA ES32 92W XL (CAR SUMMER)","http://images.tyresoft.biz/tyrecat/es32.png","48.91","225","40","18","W","92","XL","false","C","B","68","1","C1","5.0","YOKOHAMA","MID RANGE 2","ES32"
"2355519ZHA1020563","8808563406497","1020563","235/55R19 HANKOOK K117A VENTUS S1 EVO2 SUV 101Y MO (4X4 / SUV SUMMER)","https://dcjqgkl774ppl.cloudfront.net/70/images/ha-k117.jpg","91.74","235","55","19","Y","101","","false","D","A","70","2","C1","2.0","HANKOOK","MID RANGE 2","K117A VENTUS S1 EVO2 SUV"
"3054020ZHA1023814","8808563446363","1023814","305/40R20 HANKOOK VENTUS S1 EVO3 SUV K127C* 112Y XL RUNFLAT (CAR SUMMER)","https://dcjqgkl774ppl.cloudfront.net/tyrecat/ventuss1evo3.png","167.23","305","40","20","Y","112","XL","true","B","B","71","1","C1","9.0","HANKOOK","MID RANGE 2","VENTUS S1 EVO3 SUV K127C"
"2953521ZYOF8199","4968814857448","F8199","295/35R21 YOKOHAMA V105 N2 107Y XL (4X4 / SUV SUMMER)","http://ordering.vandenban.nl/profielen/yokohama_advan_sport_v105_diagonal.jpg","119.29","295","35","21","Y","107","XL","false","D","A","74","2","C1","5.0","YOKOHAMA","MID RANGE 2","ADVAN SPORT V105 N-2"
"2854022ZCO354462000","4019238804003","03544620000","285/40R22 CONTINENTAL CROSSCONTACT LX SPORT 110Y XL LR CONTISILENT (4X4 / SUV SUMMER)","http://www.etyre.net/preview/t3/co-crossconlx.jpg","260.1","285","40","22","Y","110","XL","false","B","C","75","2","C1","12.0","CONTINENTAL","PREMIUM","CROSSCONTACT LX SPORT"
"2257015SRARGD0071","8886459512026","RGD0071","225/70R15 RADAR ARGONITE RV-4 112/110S (VAN SUMMER)","https://dcjqgkl774ppl.cloudfront.net/tyrecat/radar/argoniterv-4_argoniterv-4(45).jpg","51.97","225","70","15","S","112/110","","false","C","A","72","2","C2","30.0","RADAR","BUDGET","ARGONITE RV-4"
"2453520ZMI869998","3528708699984","869998","245/35R20 MICHELIN PILOT SPORT 4 S 95Y XL MO1 (CAR SUMMER)","https://dcjqgkl774ppl.cloudfront.net/tyrecat/pilot-sport_4_s.png","189.19","245","35","20","Y","95","XL","false","C","A","071","2","C1","1.0","MICHELIN","PREMIUM","PILOT SPORT 4 S"
"2055516VDU528523","3188649819256","528523","205/55R16 DUNLOP SPORT BLURESPONSE 91V SL (CAR SUMMER)","https://dcjqgkl774ppl.cloudfront.net/70/images/du-bluresp.jpg","52.92","205","55","16","V","91","SL","false","B","A","68","1","C1","8.0","DUNLOP","PREMIUM","SPORT BLURESPONSE"
"1856515HHA1024353","8808563455259","1024353","185/65R15 HANKOOK KINERGY ECO2 K435 88H OE (CAR SUMMER)","https://dcjqgkl774ppl.cloudfront.net/tyrecat/k435.png","45.86","185","65","15","H","88","","false","A","B","70","2","C1","11.0","HANKOOK","MID RANGE 2","KLNERGY ECO2 K435"
"2354019ZBR8739","3286340873918","08739","235/40R19 BRIDGESTONE POTENZA S001 96Y XL RO1 (CAR SUMMER)","http://www.etyre.net/preview/t3/br-s001rft.jpg","105.01","235","40","19","Y","96","XL","false","C","B","71","2","C1","4.0","BRIDGESTONE","PREMIUM","POTENZA S001"
"2454519ZHA1024447","8808563456263","1024447","245/45R19 HANKOOK VENTUS S1 EVO 2 SUV (K117A) 98W (CAR SUMMER)","http://images.tyresoft.co.uk/70/MODEL/ha-k117.jpg","124.46","245","45","19","W","98","","false","C","C","71","2","C1","7.0","HANKOOK","MID RANGE 2","VENTUS S1 EVO2 SUV K117A"
"2356516TRARGD0045","8886459520755","RGD0045","235/65R16 RADAR ARGONITE (RV-4) 115/113T (VAN SUMMER)","https://dcjqgkl774ppl.cloudfront.net/tyrecat/radar/argoniterv-4_argoniterv-4(45).jpg","51.97","235","65","16","T","115/113","","false","C","A","72","2","C2","10.0","RADAR","BUDGET","ARGONITE RV-4"
"2554017ZAC8997020613179","8997020613179","1200026930","255/40R17 ACCELERA PHI 98W XL (CAR SUMMER)","https://dcjqgkl774ppl.cloudfront.net/70/MODEL/accphi.jpg","46.87","255","40","17","W","98","XL","false","D","C","72","2","C1","30.0","ACCELERA","BUDGET","PHI"
"2056516THA2020819","8808563432786","2020819","205/65R16 HANKOOK VANTRA LT RA18 107/105T OE (VAN SUMMER)","https://www.etyre.net/preview/t3/ha-ra188pr.jpg","80.09","205","65","16","T","107/105","","false","A","B","72","2","C2","28.0","HANKOOK","MID RANGE 2","VANTRA LT RA18"
"2454019ZMI000425","3528700004250","000425","245/40R19 MICHELIN PILOT SPORT 4 S 98Y XL MO1 (CAR SUMMER)","https://dcjqgkl774ppl.cloudfront.net/tyrecat/pilot-sport_4_s.png","147.94","245","40","19","Y","98","XL","false","C","A","072","2","C1","2.0","MICHELIN","PREMIUM","PILOT SPORT 4 S"
"2554018ZAC8997020611953","8997020611953","1200000129","255/40R18 ACCELERA PHI 99Y XL (CAR SUMMER)","https://dcjqgkl774ppl.cloudfront.net/70/MODEL/accphi.jpg","48.91","255","40","18","Y","99","XL","false","D","C","72","2","C1","10.0","ACCELERA","BUDGET","PHI"
"2155017VCO0312883000","4019238074741","0312883","215/50R17 CONTINENTAL PREMIUMCONTACT C 95V XL (CAR SUMMER)","","89.71","215","50","17","V","95","XL","false","B","B","71","2","C1","15.0","CONTINENTAL","PREMIUM","PREMIUMCONTACT C"
"2355018VCO0312577000","4019238067408","03125770000","235/50R18 CONTINENTAL ECOCONTACT 6 Q 101V XL (CAR SUMMER)","https://dcjqgkl774ppl.cloudfront.net/tyrecat/continental/ecocontact6q_ecocontact-6q.png","112.24","235","50","18","V","101","XL","false","A","B","71","2","C1","3.0","CONTINENTAL","PREMIUM","ECOCONTACT 6 Q"
"2154518ZCO0312469000","4019238067026","03124690000","215/45R18 CONTINENTAL ULTRACONTACT 93W XL (CAR SUMMER)","https://dcjqgkl774ppl.cloudfront.net/tyrecat/continental/ultracontact_ultracontact.png","99.76","215","45","18","W","93","XL","false","B","A","70","2","C1","1.0","CONTINENTAL","PREMIUM","ULTRACONTACT"
"2154018ZKU2231633","8808956234553","2231633","215/40R18 KUMHO PS71 89Y XL (CAR SUMMER)","https://dcjqgkl774ppl.cloudfront.net/tyrecat/ps71.png","66.41","215","40","18","Y","89","XL","false","D","B","72","2","C1","9.0","KUMHO","MID RANGE PREMIUM","PS71"
"2054017ZZE03.025.01","6921109014672","03.025.01","205/40R17 ZETA ZTR10 84W XL (CAR SUMMER)","https://dcjqgkl774ppl.cloudfront.net/70/images/ze-ztr10.jpg","39.73","205","40","17","W","84","XL","false","D","C","72","2","C1","30.0","ZETA","House Brand","ZTR10"
"2754521ZTO3833400","4981910543046","3833400","275/45R21 TOYO PROXES SPORT SUV 110Y XL (4X4 / SUV SUMMER)","https://dcjqgkl774ppl.cloudfront.net/tyrecat/pxsps.png","97.87","275","45","21","Y","110","XL","false","C","A","70","1","C1","3.0","TOYO","MID RANGE PREMIUM","PROXES SPORT SUV"
"2156016TRARGD0037","8886459520670","RGD0037","215/60R16 RADAR ARGONITE RV-4 103/101T (VAN SUMMER)","https://dcjqgkl774ppl.cloudfront.net/tyrecat/radar/argoniterv-4_argoniterv-4(45).jpg","47.89","215","60","16","T","103/101","","false","C","B","72","2","C2","20.0","RADAR","BUDGET","ARGONITE RV-4"
"2354019ZHA1027243","8808563515854","1027243","235/40R19 HANKOOK VENTUS S1 EVO 2 K117 96Y XL R01 (CAR SUMMER)","https://dcjqgkl774ppl.cloudfront.net/70/MODEL/ha-k117.jpg","104.33","235","40","19","Y","96","XL","false","C","A","70","2","C1","15.0","HANKOOK","MID RANGE 2","VENTUS S1 EVO 2 K117"
"2257516RRARGD0044","8886459520748","RGD0044","225/75R16 RADAR ARGONITE RV-4 121/120R 10PR (VAN SUMMER)","https://dcjqgkl774ppl.cloudfront.net/tyrecat/radar/argoniterv-4_argoniterv-4(45).jpg","62.17","225","75","16","R","121/120","","false","C","A","72","2","C2","30.0","RADAR","BUDGET","ARGONITE RV-4"
"2157516RRARGD0039","8886459520694","RGD0039","215/75R16 RADAR ARGONITE (RV-4) 116/114R (VAN SUMMER)","https://dcjqgkl774ppl.cloudfront.net/tyrecat/radar/argoniterv-4_argoniterv-4(45).jpg","51.97","215","75","16","R","116/114","","false","C","B","72","2","C2","14.0","RADAR","BUDGET","ARGONITE RV-4"
"2353519ZMI762575","3528707625755","762575","235/35R19 MICHELIN PILOT SPORT 4 S 91Y XL (CAR SUMMER)","https://dcjqgkl774ppl.cloudfront.net/tyrecat/pilot-sport_4_s.png","126.35","235","35","19","Y","91","XL","false","C","A","71","2","C1","3.0","MICHELIN","PREMIUM","PILOT SPORT 4 S"
"2056016VRADSC0498","8886459526252","DSC0498","205/60R16 RADAR DIMAX 4 SEASON 96V XL (CAR ALL SEASON)","https://dcjqgkl774ppl.cloudfront.net/tyrecat/dimax-4-season.jpg","41.77","205","60","16","V","96","XL","false","D","C","72","2","","1.0","RADAR","BUDGET","DIMAX 4SEASON"
"1557019QBR9258","3286340925815","9258","155/70R19 BRIDGESTONE ECOPIA EP500 84Q * (CAR SUMMER)","https://dcjqgkl774ppl.cloudfront.net/70/MODEL/ep500.jpg","100.17","155","70","19","Q","84","","false","B","B","69","2","C1","10.0","BRIDGESTONE","PREMIUM","ECOPIA EP500"
"2555518VRADSC0191","8886459517854","DSC0191","255/55R18 RADAR DIMAX R8+ 109V XL RUNFLAT (4X4 / SUV SUMMER)","https://dcjqgkl774ppl.cloudfront.net/tyrecat/dimax-r8-plus.jpg","82.57","255","55","18","V","109","XL","true","D","B","73","2","C1","11.0","RADAR","BUDGET","DIMAX R8+"
"1957516RHA2002010","8808563332796","2002010","195/75R16 HANKOOK VANTRA LT RA18 107/105R OE (VAN SUMMER)","https://dcjqgkl774ppl.cloudfront.net/70/images/ha-ra18.jpg","65.04","195","75","16","R","107/105","","false","C","B","70","2","C2","22.0","HANKOOK","MID RANGE 2","VANTRA LT RA18"
"2553020ZAC8997020612608","8997020612608","1200014497","255/30R20 ACCELERA PHI 92Y XL (CAR SUMMER)","https://dcjqgkl774ppl.cloudfront.net/70/MODEL/accphi.jpg","56.05","255","30","20","Y","92","XL","false","D","C","72","2","C1","13.0","ACCELERA","BUDGET","PHI"
"2355019VACIOTAST68","8997020616774","1200044261","235/50R19 ACCELERA IOTA ST-68 103V XL (4X4 / SUV SUMMER)","https://dcjqgkl774ppl.cloudfront.net/70/MODEL/iotast-68.jpg","51.97","235","50","19","V","103","XL","false","C","C","68","1","C1","7.0","ACCELERA","BUDGET","IOTA ST-68"
"2553520ZMI646881","3528706468810","646881","255/35R20 MICHELIN PILOT SPORT 4 S 97Y XL (CAR SUMMER)","https://dcjqgkl774ppl.cloudfront.net/tyrecat/pilot-sport_4_s.png","159.45","255","35","20","Y","97","XL","false","D","A","71","2","C1","4.0","MICHELIN","PREMIUM","PILOT SPORT 4 S"
"2553019ZAC8997020612936","8997020612936","1200023135","255/30R19 ACCELERA PHI 91Y XL (CAR SUMMER)","https://dcjqgkl774ppl.cloudfront.net/70/MODEL/accphi.jpg","51.97","255","30","19","Y","91","XL","false","D","C","72","2","C1","10.0","ACCELERA","BUDGET","PHI"
"1957015SZE03.029.01","6921109015112","03.029.01","195/70R15 ZETA ZTR18 104/102S 8PR (VAN SUMMER)","https://dcjqgkl774ppl.cloudfront.net/70/images/ze-ztr18.jpg","44.83","195","70","15","S","104/102","","false","D","D","72","2","C1","20.0","ZETA","House Brand","ZTR18"
"2253519ZMI546476","3528705464769","546476","225/35R19 MICHELIN PILOT SPORT 4 S 88Y XL (CAR SUMMER)","https://dcjqgkl774ppl.cloudfront.net/tyrecat/pilot-sport_4_s.png","132.64","225","35","19","Y","88","XL","false","D","A","71","2","C1","7.0","MICHELIN","PREMIUM","PILOT SPORT 4 S"
"2254518ZHA1020220","8808563402406","1020220","225/45R18 HANKOOK VENTUS S1 EVO3 K127 91Y OE (CAR SUMMER)","https://dcjqgkl774ppl.cloudfront.net/tyrecat/k127.png","81.09","225","45","18","Y","91","","false","C","B","71","2","C1","30.0","HANKOOK","MID RANGE 2","VENTUS S1 EVO3 K127"
"2553518ZAC8997020611519","8997020611519","8997020611519","255/35R18 ACCELERA PHI 94Y XL (CAR SUMMER)","https://dcjqgkl774ppl.cloudfront.net/70/MODEL/accphi.jpg","43.81","255","35","18","Y","94","XL","false","D","C","72","2","C1","9.0","ACCELERA","BUDGET","PHI"
"2554519ZMI251261","3528702512616","251261","255/45R19 MICHELIN PILOT SPORT EV 104W XL AC (CAR SUMMER)","","181.07","255","45","19","W","104","XL","false","B","B","72","2","C1","1.0","MICHELIN","PREMIUM","PILOT SPORT EV"
"1954516VZE03.077.01","6921109015266","03.077.01","195/45R16 ZETA ALVENTI 84V XL (CAR SUMMER)","https://dcjqgkl774ppl.cloudfront.net/70/images/ze-alveti.jpg","35.19","195","45","16","V","84","XL","false","C","B","72","2","C1","30.0","ZETA","House Brand","ALVENTI"
"2155018ZHA1025874","8808563473208","1025874","215/50R18 HANKOOK VENTUS S1 EVO3 SUV K127A 92W REP (4X4 / SUV SUMMER)","https://dcjqgkl774ppl.cloudfront.net/tyrecat/ventuss1evo3.png","83.67","215","50","18","W","92","","false","C","A","71","2","C1","5.0","HANKOOK","MID RANGE 2","VENTUS S1 EVO3 SUV K127A"
"1956515VYOR2447","4968814925420","R2447","195/65R15 YOKOHAMA ES32 91V (CAR SUMMER)","http://images.tyresoft.biz/tyrecat/es32.png","47.49","195","65","15","V","91","","false","C","B","68","1","C1","1.0","YOKOHAMA","MID RANGE 2","ES32"
"2156516RHA2002009","8808563332789","2002009","215/65R16 HANKOOK VANTRA LT RA18 109/107R OE (VAN SUMMER)","https://dcjqgkl774ppl.cloudfront.net/70/images/ha-ra18.jpg","85.02","215","65","16","R","109/107","","false","C","B","71","2","C2","8.0","HANKOOK","MID RANGE 2","VANTRA LT RA18"
"2554519ZRADSC0200","8886459517946","DSC0200","255/45R19 RADAR DIMAX R8+ 104Y XL (CAR SUMMER)","https://dcjqgkl774ppl.cloudfront.net/tyrecat/dimax-r8-plus.jpg","61.15","255","45","19","Y","104","XL","false","C","B","73","2","C1","28.0","RADAR","BUDGET","DIMAX R8+"
"2254517ZMI494954","3528704949540","494954","225/45R17 MICHELIN E PRIMACY 91W (CAR SUMMER)*new*","https://dcjqgkl774ppl.cloudfront.net/tyrecat/michelin/eprimacy_e-primacy.png","74.95","225","45","17","W","91","","false","A","B","69","2","C1","2.0","MICHELIN","PREMIUM","E PRIMACY"
"2056016HMI536378","3528705363789","536378","205/60R16 MICHELIN CROSSCLIMATE+ 96H XL S1 (CAR ALL SEASON)","http://images.tyresoft.co.uk/70/MODEL/michelin-cross-climate.jpg","102.04","205","60","16","H","96","XL","false","B","B","071","2","C1","4.0","MICHELIN","PREMIUM","CROSSCLIMATE+"
"1858014RHI200H9008","6953913100869","200H9008","185/80R14 HIFLY SUPER2000 102/100R (VAN SUMMER)","https://dcjqgkl774ppl.cloudfront.net/tyrecat/super2000.jpg","42.67","185","80","14","R","102/100","","false","D","C","72","2","C2","1.0","HIFLY","BUDGET WHOLESALE","SUPER2000"
"2553519ZMI626309","3528706263095","626309","255/35R19 MICHELIN PILOT SPORT 4 S 96Y XL (CAR SUMMER)","https://dcjqgkl774ppl.cloudfront.net/tyrecat/pilot-sport_4_s.png","141.12","255","35","19","Y","96","XL","false","C","A","71","2","C1","5.0","MICHELIN","PREMIUM","PILOT SPORT 4 S"
"2553518ZCO590650","0029142944447","590650","255/35R18 COOPER ZEON CS8 94Y XL (CAR SUMMER)","https://dcjqgkl774ppl.cloudfront.net/tyrecat/zeon_cs8.png","70.33","255","35","18","Y","94","XL","false","D","A","71","2","C1","5.0","COOPER","MID RANGE 3","ZEON CS8"
"2254019ZYOR0416","4968814900144","R0416","225/40R19 YOKOHAMA V701 93W XL (CAR SUMMER)","http://images.tyresoft.biz/tyrecat/v701.jpg","92.77","225","40","19","W","93","XL","false","C","A","67","1","C1","1.0","YOKOHAMA","MID RANGE 2","V701"
"2454520ZAC8997020613117","8997020613117","1200026933","245/45R20 ACCELERA PHI 103Y XL (CAR SUMMER)","https://dcjqgkl774ppl.cloudfront.net/70/MODEL/accphi.jpg","55.03","245","45","20","Y","103","XL","false","D","C","72","2","C1","16.0","ACCELERA","BUDGET","PHI"
"2355517VCOS680297","0029142944317","590642","235/55R17 COOPER DISCOVERER ALL SEASON 103V XL (4X4 / SUV ALL SEASON)","https://dcjqgkl774ppl.cloudfront.net/tyrecat/discoverer_all_season.png","68.29","235","55","17","V","103","XL","false","C","B","72","2","C1","11.0","COOPER","MID RANGE 3","DISCOVERER ALL SEASON"
"2055017ZRADSC0500","8886459526276","DSC0500","205/50R17 RADAR DIMAX 4 SEASON 93W XL (CAR ALL SEASON)","https://dcjqgkl774ppl.cloudfront.net/tyrecat/dimax-4-season.jpg","38.71","205","50","17","W","93","XL","false","D","C","72","2","","1.0","RADAR","BUDGET","DIMAX 4SEASON"
"2554520ZMI649295","3528706492952","649295","255/45R20 MICHELIN PILOT SPORT 4 S 105Y XL (CAR SUMMER)","https://dcjqgkl774ppl.cloudfront.net/tyrecat/pilot-sport_4_s.png","203.25","255","45","20","Y","105","XL","false","C","A","71","2","C1","1.0","MICHELIN","PREMIUM","PILOT SPORT 4 S"
"2154517ZRADSC0501","8886459526283","DSC0501","215/45R17 RADAR DIMAX 4 SEASON 91W XL (CAR ALL SEASON)","https://dcjqgkl774ppl.cloudfront.net/tyrecat/dimax-4-season.jpg","41.77","215","45","17","W","91","XL","false","D","C","72","2","","1.0","RADAR","BUDGET","DIMAX 4SEASON"
"2454020VCO0312796000","4019238072587","03127960000","245/40R20 CONTINENTAL ECOCONTACT 6 Q 99V XL (CAR SUMMER)","https://dcjqgkl774ppl.cloudfront.net/tyrecat/continental/ecocontact6q_ecocontact-6q.png","156.81","245","40","20","V","99","XL","false","A","B","71","2","C1","1.0","CONTINENTAL","PREMIUM","ECOCONTACT 6 Q"
"2254517ZRADSC0503","8886459526306","DSC0503","225/45R17 RADAR DIMAX 4 SEASON 94W XL (CAR ALL SEASON)","https://dcjqgkl774ppl.cloudfront.net/tyrecat/dimax-4-season.jpg","41.77","225","45","17","W","94","XL","false","D","C","72","2","","2.0","RADAR","BUDGET","DIMAX 4SEASON"
"2154017ZRADSC0184","8886459517786","DSC0184","215/40R17 RADAR DIMAX R8+ 87Y XL (CAR SUMMER)","https://dcjqgkl774ppl.cloudfront.net/tyrecat/dimax-r8-plus.jpg","40.75","215","40","17","Y","87","XL","false","D","B","72","2","C1","30.0","RADAR","BUDGET","DIMAX R8+"
"2156516HZE03.034.01","6921109014368","03.034.01","215/65R16 ZETA ZTR20 98H (4X4 / SUV SUMMER)","https://dcjqgkl774ppl.cloudfront.net/70/images/ze-ztr20.jpg","43.81","215","65","16","H","98","","false","C","C","71","2","C1","30.0","ZETA","House Brand","ZTR20"
"1955516VRADSC0496","8886459526245","DSC0496","195/55R16 RADAR DIMAX 4 SEASON 91V XL (CAR ALL SEASON)","https://dcjqgkl774ppl.cloudfront.net/tyrecat/dimax-4-season.jpg","31.57","195","55","16","V","91","XL","false","D","C","72","2","","30.0","RADAR","BUDGET","DIMAX 4SEASON"
"2055516VRADSC0285","8886459520144","DSC0285","205/55R16 RADAR DIMAX 4 SEASON 94V XL (CAR ALL SEASON)","https://dcjqgkl774ppl.cloudfront.net/tyrecat/dimax-4-season.jpg","37.69","205","55","16","V","94","XL","false","D","C","72","2","","30.0","RADAR","BUDGET","DIMAX 4SEASON"
"2653020ZMI452361","3528704523610","452361","265/30R20 MICHELIN PILOT SPORT 4 S 94Y XL (CAR SUMMER)","https://dcjqgkl774ppl.cloudfront.net/tyrecat/pilot-sport_4_s.png","199.41","265","30","20","Y","94","XL","false","D","A","71","2","C1","1.0","MICHELIN","PREMIUM","PILOT SPORT 4 S"
"2355519VHA1015056","8808563349725","1015056","235/55R19 HANKOOK VENTUS PRIME 2 K115 101V OE (CAR SUMMER)","http://www.etyre.net/preview/t3/ha-k115.jpg","93.82","235","55","19","V","101","","false","C","B","71","2","C1","3.0","HANKOOK","MID RANGE 2","VENTUS PRIME 2 K115"
"2553520ZTO3901100","4981910544388","3901100","255/35R20 TOYO PROXES R888R 93Y D0T 21 (CAR SUMMER)","https://dcjqgkl774ppl.cloudfront.net/tyrecat/pxr8r.png","92.77","255","35","20","Y","93","","false","D","D","71","2","C1","4.0","TOYO","MID RANGE PREMIUM","R888R"
"2753519ZTO3901400","4981910544395","3901400","275/35R19 TOYO PROXES R888R 96Y DOT 21 (CAR SUMMER)","https://dcjqgkl774ppl.cloudfront.net/tyrecat/pxr8r.png","92.77","275","35","19","Y","96","","false","D","D","71","2","C1","4.0","TOYO","MID RANGE PREMIUM","R888R"
"2853519ZTO3901600","4981910544425","3901600","285/35R19 TOYO PROXES R888R 99Y DOT 21  (CAR SUMMER)","https://dcjqgkl774ppl.cloudfront.net/tyrecat/pxr8r.png","92.77","285","35","19","Y","99","","false","D","D","73","2","C1","4.0","TOYO","MID RANGE PREMIUM","R888R"
"2256517HYOF5742","4968814817244","F5742","225/65R17 YOKOHAMA G91A 102H TOYOTA (4X4 / SUV SUMMER)","https://dcjqgkl774ppl.cloudfront.net/70/MODEL/g91a.jpg","72.37","225","65","17","H","102","XL","false","C","D","71","2","C1","2.0","YOKOHAMA","MID RANGE 2","G91A"
"1856515HBLBA2047","6973307191228","BA2047","185/65R15 BLACKARROW P09 88H (CAR SUMMER)","https://dcjqgkl774ppl.cloudfront.net/tyrecat/blackarrow/p09_p09.png","23.97","185","65","15","H","88","","false","D","C","70","2","C1","30.0","BLACKARROW","BUDGET WHOLESALE","P09"
"2354018ZGO546485","5452000742155","546485","235/40R18 GOODYEAR EAGLE F1 (ASYMMETRIC) 2 95Y XL (CAR SUMMER)","http://www.etyre.net/preview/t3/gy-eagf1as2.jpg","72.37","235","40","18","Y","95","XL","false","D","C","72","2","C1","29.0","GOODYEAR","PREMIUM","EAGLE F1 (ASYMMETRIC) 2"
"2754521ZRADSC0128","8886459507664","DSC0128","275/45R21 RADAR DIMAX R8+ 110Y XL (4X4 / SUV SUMMER)","https://dcjqgkl774ppl.cloudfront.net/tyrecat/dimax-r8-plus.jpg","82.57","275","45","21","Y","110","XL","false","C","B","73","2","C1","12.0","RADAR","BUDGET","DIMAX R8+"
"2354019ZTO4071100","4981910541677","4071100","235/40R19 TOYO PROXES COMFORT 96W XL (CAR SUMMER)","https://dcjqgkl774ppl.cloudfront.net/tyrecat/toyo/proxescomfort_proxes-comfort.png","84.61","235","40","19","W","96","XL","false","C","A","71","2","C1","14.0","TOYO","MID RANGE PREMIUM","PROXES COMFORT"
"2454517ZZE03.039.01","6921109014665","03.039.01","245/45R17 ZETA ZTR10 99W XL (CAR SUMMER)","https://dcjqgkl774ppl.cloudfront.net/70/images/ze-ztr10.jpg","40.17","245","45","17","W","99","XL","false","C","C","72","2","C1","28.0","ZETA","House Brand","ZTR10"
"2155518VTO4069700","4981910541585","4069700","215/55R18 TOYO PROXES COMFORT 99V XL (CAR SUMMER)","https://dcjqgkl774ppl.cloudfront.net/tyrecat/toyo/proxescomfort_proxes-comfort.png","75.49","215","55","18","V","99","XL","false","C","A","70","2","C1","7.0","TOYO","MID RANGE PREMIUM","PROXES COMFORT"
"2455020VGO546406","5452000740403","546406","245/50R20 GOODYEAR EAGLE F1 (ASYMMETRIC) 3 SUV 105V XL J (4X4 / SUV SUMMER)","http://images.tyresoft.biz/tyrecat/eaglef1asym3.png","162.69","245","50","20","V","105","XL","false","B","B","69","1","C1","5.0","GOODYEAR","PREMIUM","EAGLE F1 (ASYMMETRIC) 3 SUV"
"2554021ZRADSC0218","8886459518127","DSC0218","255/40R21 RADAR DIMAX R8+ 102Y XL (4X4 / SUV SUMMER)","https://dcjqgkl774ppl.cloudfront.net/tyrecat/dimax-r8-plus.jpg","72.37","255","40","21","Y","102","XL","false","B","B","73","2","C1","16.0","RADAR","BUDGET","DIMAX R8+"
"2255518ZTO4069900","4981910541936","4069900","225/55R18 TOYO PROXES COMFORT 102W XL (CAR SUMMER)","https://dcjqgkl774ppl.cloudfront.net/tyrecat/toyo/proxescomfort_proxes-comfort.png","73.32","225","55","18","W","102","XL","false","C","A","70","2","C1","3.0","TOYO","MID RANGE PREMIUM","PROXES COMFORT"
"2455020VGO544276","5452000718280","544276","245/50R20 GOODYEAR EAGLE SPORT ALL SEASON 105V XL J (CAR ALL SEASON)","http://images.tyresoft.biz/tyrecat/eagle-sport-all-season.jpg","168.94","245","50","20","V","105","XL","false","A","C","71","2","C1","2.0","GOODYEAR","PREMIUM","EAGLE SPORT ALL SEASON"
"2057015HRARZD0290","8886459527617","RZD0290","205/70R15 RADAR RENEGADE A/T AT-5 100H XL (4X4 / SUV SUMMER)","https://dcjqgkl774ppl.cloudfront.net/tyrecat/renegade-at5.jpg","50.95","205","70","15","H","100","XL","false","D","D","72","2","C1","16.0","RADAR","BUDGET","RENEGADE A/T AT-5"
"2454518ZZE03.080.01","6921109015297","03.080.01","245/45R18 ZETA ALVENTI 100W XL (CAR SUMMER)","https://dcjqgkl774ppl.cloudfront.net/70/images/ze-alveti.jpg","49.93","245","45","18","W","100","XL","false","C","C","72","2","C1","30.0","ZETA","House Brand","ALVENTI"
"2156016VTO4070200","4981910541622","4070200","215/60R16 TOYO PROXES COMFORT 99V XL (CAR SUMMER)","https://dcjqgkl774ppl.cloudfront.net/tyrecat/toyo/proxescomfort_proxes-comfort.png","60.68","215","60","16","V","99","XL","false","C","A","70","2","C1","7.0","TOYO","MID RANGE PREMIUM","PROXES COMFORT"
"2954022ZRADSC0133","8886459507718","DSC0133","295/40R22 RADAR DIMAX R8+ 112W XL (4X4 / SUV SUMMER)","https://dcjqgkl774ppl.cloudfront.net/tyrecat/dimax-r8-plus.jpg","102.97","295","40","22","W","112","XL","false","C","B","75","2","C1","6.0","RADAR","BUDGET","DIMAX R8+"
"2256017VTO4070400","4981910541943","4070400","225/60R17 TOYO PROXES COMFORT 103V XL (CAR SUMMER)","https://dcjqgkl774ppl.cloudfront.net/tyrecat/toyo/proxescomfort_proxes-comfort.png","73.65","225","60","17","V","103","XL","false","C","A","70","2","C1","9.0","TOYO","MID RANGE PREMIUM","PROXES COMFORT"
"2557016HRARZD0075","8886459516741","RZD0075","255/70R16 RADAR RENEGADE A/T AT-5 111H (4X4 / SUV SUMMER)","https://dcjqgkl774ppl.cloudfront.net/tyrecat/renegade-at5.jpg","68.29","255","70","16","H","111","","false","D","D","72","2","C1","6.0","RADAR","BUDGET","RENEGADE A/T AT-5"
"2853521ZRADSC0222","8886459518165","DSC0222","285/35R21 RADAR DIMAX R8+ 105Y XL (4X4 / SUV SUMMER)","https://dcjqgkl774ppl.cloudfront.net/tyrecat/dimax-r8-plus.jpg","87.67","285","35","21","Y","105","XL","false","B","B","75","2","C1","5.0","RADAR","BUDGET","DIMAX R8+"
"20516TRARZD0291","8886459527624","RZD0291","205/80R16 RADAR RENEGADE A/T AT-5 104T XL (4X4 / SUV SUMMER)","https://dcjqgkl774ppl.cloudfront.net/tyrecat/renegade-at5.jpg","55.03","205","80","16","T","104","XL","false","D","D","72","2","C1","3.0","RADAR","BUDGET","RENEGADE A/T AT-5"
"2654520ZRADSC0211","8886459518059","DSC0211","265/45R20 RADAR DIMAX R8+ 108Y XL (4X4 / SUV SUMMER)","https://dcjqgkl774ppl.cloudfront.net/tyrecat/dimax-r8-plus.jpg","68.29","265","45","20","Y","108","XL","false","C","B","73","2","C1","14.0","RADAR","BUDGET","DIMAX R8+"
"1955516HNE15753NXK","8807622575303","15753NXK","195/55R16 NEXEN NBLUE HD PLUS 3R 87H (CAR SUMMER)","https://dcjqgkl774ppl.cloudfront.net/tyrecat/nblue-hd-plus.jpg","42.39","195","55","16","H","87","","false","C","C","69","2","C1","30.0","NEXEN","BUDGET","NBLUE HD PLUS 3R"
"2454520VPI1953700","8019227195378","1953700","245/45R20 PIRELLI SCORPION VERDE ALL S 99V (LR) (4X4 / SUV SUMMER)","https://dcjqgkl774ppl.cloudfront.net/70/images/pi-verde.jpg","140.74","245","45","20","V","99","","false","C","C","71","2","C1","11.0","PIRELLI","PREMIUM","SCORPION VERDE ALL S"
"2555020ZRADSC0124","8886459507626","DSC0124","255/50R20 RADAR DIMAX R8+ 109Y XL (4X4 / SUV SUMMER)","https://dcjqgkl774ppl.cloudfront.net/tyrecat/dimax-r8-plus.jpg","72.37","255","50","20","Y","109","XL","false","C","B","73","2","C1","30.0","RADAR","BUDGET","DIMAX R8+"
"2356018VHA1024011","8808563448824","1024011","235/60R18 HANKOOK VENTUS PRIME 3X K125A 107V XL OE (4X4 / SUV SUMMER)","https://dcjqgkl774ppl.cloudfront.net/tyrecat/k125.png","81.42","235","60","18","V","107","XL","false","B","A","71","2","C1","30.0","HANKOOK","MID RANGE 2","VENTUS PRIME 3X K125A"
"2156016VACECOPLUSH","8997020616347","1200042440","215/60R16 ACCELERA ECO PLUSH 99V XL (CAR SUMMER)","https://dcjqgkl774ppl.cloudfront.net/70/MODEL/accecoplush.jpg","35.65","215","60","16","V","99","XL","false","E","C","68","1","C1","2.0","ACCELERA","BUDGET","ECO PLUSH"
"2954020ZRADSC0215","8886459518097","DSC0215","295/40R20 RADAR DIMAX R8+ 110Y XL (4X4 / SUV SUMMER)","https://dcjqgkl774ppl.cloudfront.net/tyrecat/dimax-r8-plus.jpg","75.43","295","40","20","Y","110","XL","false","C","B","75","2","C1","11.0","RADAR","BUDGET","DIMAX R8+"
"2454520ZCO358040000","4019238793192","03580400000","245/45R20 CONTINENTAL CROSSCONTACT UHP 103W XL LR (4X4 / SUV SUMMER)","http://www.etyre.net/preview/t3/co-crossuhp.jpg","159.56","245","45","20","W","103","XL","false","C","C","72","2","C1","4.0","CONTINENTAL","PREMIUM","CROSSCONTACT UHP"
"2655020ZRADSC0212","8886459518066","DSC0212","265/50R20 RADAR DIMAX R8+ 111Y XL (4X4 / SUV SUMMER)","https://dcjqgkl774ppl.cloudfront.net/tyrecat/dimax-r8-plus.jpg","73.39","265","50","20","Y","111","XL","false","C","B","73","2","C1","9.0","RADAR","BUDGET","DIMAX R8+"
"2754022ZPI2450900","8019227245097","2450900","275/40R22 PIRELLI SCORPION VERDE ALL S 108Y XL (LR)NCS (4X4 / SUV SUMMER)","https://dcjqgkl774ppl.cloudfront.net/70/images/pi-verde.jpg","193.69","275","40","22","Y","108","XL","false","C","B","71","2","C1","5.0","PIRELLI","PREMIUM","SCORPION VERDE ALL S"
"2553519ZAC8997020613377","8997020613377","1200031444","255/35R19 ACCELERA PHI R 96Y XL (CAR SUMMER)","https://dcjqgkl774ppl.cloudfront.net/70/images/acc phir.jpg","48.91","255","35","19","Y","96","XL","false","D","C","72","2","C1","30.0","ACCELERA","BUDGET","PHI R"
"1258012SRARGC0180","8886459523336","RGC0180","125/80R12 RADAR DIMAX CLASSIC WSW 62S (CAR SUMMER)","https://dcjqgkl774ppl.cloudfront.net/70/product/pr_83557_dimaxclassicwsw(45).jpg","41.77","125","80","12","S","62","","false","NA","NA","NA","NA","C1","3.0","RADAR","BUDGET","DIMAX CLASSIC WSW"
"2555519ZRADSC0201","8886459517953","DSC0201","255/55R19 RADAR DIMAX R8+ 111Y XL (4X4 / SUV SUMMER)","https://dcjqgkl774ppl.cloudfront.net/tyrecat/dimax-r8-plus.jpg","70.33","255","55","19","Y","111","XL","false","B","B","73","2","C1","3.0","RADAR","BUDGET","DIMAX R8+"
"2655019ZRADSC0119","8886459507572","DSC0119","265/50R19 RADAR DIMAX R8+ 110Y XL (4X4 / SUV SUMMER)","https://dcjqgkl774ppl.cloudfront.net/tyrecat/dimax-r8-plus.jpg","75.43","265","50","19","Y","110","XL","false","C","B","73","2","C1","2.0","RADAR","BUDGET","DIMAX R8+"
"2854519ZRADSC0093","8886459507299","DSC0093","285/45R19 RADAR DIMAX R8+ 111W XL RUNFLAT (4X4 / SUV SUMMER)","https://dcjqgkl774ppl.cloudfront.net/tyrecat/dimax-r8-plus.jpg","114.19","285","45","19","W","111","XL","true","D","B","75","2","C1","4.0","RADAR","BUDGET","DIMAX R8+"
"2454019ZAC8997020611625","8997020611625","1200000121","245/40R19 ACCELERA PHI 98Y XL (CAR SUMMER)","https://dcjqgkl774ppl.cloudfront.net/70/MODEL/accphi.jpg","45.85","245","40","19","Y","98","XL","false","D","C","72","2","C1","30.0","ACCELERA","BUDGET","PHI"
"2653520ZMI016663","3528700166637","016663","265/35R20 MICHELIN PILOT SUPER SPORT 99Y XL * (CAR SUMMER)","http://www.etyre.net/preview/t3/mi-superspxl.jpg","187.97","265","35","20","Y","99","XL","false","D","B","71","2","C1","4.0","MICHELIN","PREMIUM","PILOT SUPER SPORT"
"2754519ZRADSC0203","8886459517977","DSC0203","275/45R19 RADAR DIMAX R8+ 108Y XL (4X4 / SUV SUMMER)","https://dcjqgkl774ppl.cloudfront.net/tyrecat/dimax-r8-plus.jpg","70.33","275","45","19","Y","108","XL","false","C","B","73","2","C1","13.0","RADAR","BUDGET","DIMAX R8+"
"18515VRARGC0188","8886459500979","RGC0183","185/80R15 RADAR DIMAX CLASSIC 93V (CAR SUMMER)","https://dcjqgkl774ppl.cloudfront.net/70/model/m_3838_dimaxclassicbsw(45).jpg","51.97","185","5","15","V","93","","false","NA","NA","NA","NA","C1","3.0","RADAR","BUDGET","DIMAX CLASSIC"
"2755519ZRADSC0204","8886459517984","DSC0204","275/55R19 RADAR DIMAX R8+ 111Y (4X4 / SUV SUMMER)","https://dcjqgkl774ppl.cloudfront.net/tyrecat/dimax-r8-plus.jpg","82.57","275","55","19","Y","111","","false","C","B","72","2","C1","9.0","RADAR","BUDGET","DIMAX R8+"
"331220QRARZD0104","8886459517717","RZD0104","33/12.50R20 RADAR RENEGADE A/T AT-5 114Q OWL (4X4 / SUV SUMMER)","https://dcjqgkl774ppl.cloudfront.net/tyrecat/renegade-at5.jpg","122.35","33","12","20","Q","114","","false","C","C","72","2","C1","4.0","RADAR","BUDGET","RENEGADE A/T AT-5"
"2156016VRARSC0218-1","8886459522223","RSC0218","215/60R16 RADAR RPX 800 99V XL (CAR SUMMER)","https://dcjqgkl774ppl.cloudfront.net/tyrecat/rpx-800.jpg","41.77","215","60","16","V","99","XL","false","C","C","72","2","C1","25.0","RADAR","BUDGET","RPX-800"
"2656517TRARZD0115","8886459521424","RZD0115","265/65R17 RADAR RENEGADE A/T AT-5 116T XL (4X4 / SUV SUMMER)","https://dcjqgkl774ppl.cloudfront.net/tyrecat/renegade-at5.jpg","77.47","265","65","17","T","116","XL","false","D","D","73","2","C1","21.0","RADAR","BUDGET","RENEGADE A/T AT-5"
"1757014HRARSC0209","8886459522131","RSC0209","175/70R14 RADAR RPX 800 88H XL (CAR SUMMER)","https://dcjqgkl774ppl.cloudfront.net/tyrecat/rpx-800.jpg","29.07","175","70","14","H","88","XL","false","C","C","71","2","C1","2.0","RADAR","BUDGET","RPX-800"
"2255018ZHA1025778","8808563472010","1025778","225/50R18 HANKOOK VENTUS S1 EVO3 K127B 95W RUNFLAT * (CAR SUMMER)","https://dcjqgkl774ppl.cloudfront.net/tyrecat/k127.png","101.95","225","50","18","W","95","","true","C","B","67","1","C1","30.0","HANKOOK","MID RANGE 2","VENTUS S1 EVO3 K127B"
"2355018VRADSC0572","8886459529604","DSC0572","235/50R18 RADAR DIMAX R8 + 97V RUNFLAT (CAR SUMMER)","http://images.tyresoft.biz/70/MODEL/dimaxr8+.jpg","87.67","235","50","18","V","97","","true","D","B","72","2","C1","10.0","RADAR","BUDGET","DIMAX R8+"
"2254518ZHA1022007","8808563423869","1022007","225/45R18 HANKOOK VENTUS S1 EVO3 K127B* 95Y XL RUNFLAT OE (CAR SUMMER)","https://dcjqgkl774ppl.cloudfront.net/tyrecat/k127.png","99.91","225","45","18","Y","95","XL","true","B","B","68","1","C1","30.0","HANKOOK","MID RANGE 2","VENTUS S1 EVO3 K127B"
"2254519ZHA1025779","8808563472027","1025779","225/45R19 HANKOOK VENTUS S1 EVO3 K127B 92W RUNFLAT * (CAR SUMMER)","https://dcjqgkl774ppl.cloudfront.net/tyrecat/k127.png","123.81","225","45","19","W","92","","true","C","B","71","2","C1","7.0","HANKOOK","MID RANGE 2","VENTUS S1 EVO3 K127B"
"1956515VRARSC0261","8886459528164","RSC0261","195/65R15 RADAR RPX 800 95V XL (VAN SUMMER)","https://dcjqgkl774ppl.cloudfront.net/tyrecat/rpx-800.jpg","31.11","195","65","15","V","95","XL","false","C","A","72","2","C1","30.0","RADAR","BUDGET","RPX-800"
"2356016VRARSC0248","8886459527501","RSC0248","235/60R16 RADAR RPX 800+ 104V XL (4X4 / SUV SUMMER)","https://dcjqgkl774ppl.cloudfront.net/tyrecat/rpx-800.jpg","54.01","235","60","16","V","104","XL","false","C","B","72","2","C1","30.0","RADAR","BUDGET","RPX-800+"
"2453519ZAC8997020611427","8997020611427","1200000117","245/35R19 ACCELERA PHI 93Y XL (CAR SUMMER)","https://dcjqgkl774ppl.cloudfront.net/70/MODEL/accphi.jpg","44.83","245","35","19","Y","93","XL","false","D","C","72","2","C1","21.0","ACCELERA","BUDGET","PHI"
"2255516ZRARSC0109","8886459518226","RSC0109","225/55R16 RADAR RPX 800 99W XL (CAR SUMMER)","https://dcjqgkl774ppl.cloudfront.net/tyrecat/rpx-800.jpg","45.85","225","55","16","W","99","XL","false","C","B","72","2","C1","19.0","RADAR","BUDGET","RPX-800"
"2156017HRARSC0111","8886459518240","RSC0111","215/60R17 RADAR RPX 800+ 100H XL (4X4 / SUV SUMMER)","https://dcjqgkl774ppl.cloudfront.net/tyrecat/rpx-800.jpg","45.85","215","60","17","H","100","XL","false","D","C","72","2","C1","30.0","RADAR","BUDGET","RPX-800+"
"2156017HHA1022730","8808563432984","1022730","215/60R17 HANKOOK VENTUS PRIME3 K125 96H OE (CAR SUMMER)","https://dcjqgkl774ppl.cloudfront.net/tyrecat/k125.png","71.26","215","60","17","H","96","","false","B","B","71","2","C1","7.0","HANKOOK","MID RANGE 2","VENTUS PRIME3 K125"
"1656015HRARSC0257","8886459528126","RSC0257","165/60R15 RADAR RPX 800 81H XL (CAR SUMMER)","https://dcjqgkl774ppl.cloudfront.net/tyrecat/rpx-800.jpg","27.03","165","60","15","H","81","XL","false","D","C","71","2","C1","30.0","RADAR","BUDGET","RPX-800"
"2154018ZAC8997020611779","8997020611779","1200000075","215/40R18 ACCELERA PHI 89Y XL (CAR SUMMER)","https://dcjqgkl774ppl.cloudfront.net/70/MODEL/accphi.jpg","37.69","215","40","18","Y","89","XL","false","D","C","72","2","C1","17.0","ACCELERA","BUDGET","PHI"
"2256517VRARSC0113","8886459522100","RSC0113","225/65R17 RADAR RPX 800+ 106V XL (4X4 / SUV SUMMER)","https://dcjqgkl774ppl.cloudfront.net/tyrecat/rpx-800.jpg","51.97","225","65","17","V","106","XL","false","C","B","72","2","C1","30.0","RADAR","BUDGET","RPX-800+"
"2055516ZRARSC0271","8886459528263","RSC0271","205/55R16 RADAR RPX 800 94W XL RUNFLAT (CAR SUMMER)","https://dcjqgkl774ppl.cloudfront.net/tyrecat/rpx-800.jpg","50.95","205","55","16","W","94","XL","true","D","B","72","2","C1","30.0","RADAR","BUDGET","RPX-800"
"2453518ZSURSONE","6970355436745","","245/35R18 SUNWIDE RS-ONE 92Y XL (CAR SUMMER)","","39.11","245","35","18","Y","92","XL","false","C","B","69","2","C1","30.0","SUNWIDE","BUDGET WHOLESALE","RS-ONE"
"2453520ZAC8997020611823","8997020615562","1200040116","245/35R20 ACCELERA PHI-R 95Y XL (CAR SUMMER)","https://dcjqgkl774ppl.cloudfront.net/70/MODEL/accelera-phi-r.jpg","47.89","245","35","20","Y","95","XL","false","D","C","72","2","C1","10.0","ACCELERA","BUDGET","PHI-R"
"2355517ZRADSC0509","8886459526351","DSC0509","235/55R17 RADAR DIMAX R8+ 103Y XL (CAR SUMMER)","https://dcjqgkl774ppl.cloudfront.net/tyrecat/dimax-r8-plus.jpg","50.95","235","55","17","Y","103","XL","false","C","B","72","2","C1","30.0","RADAR","BUDGET","DIMAX R8+"
"2153518ZAC8997020610970","8997020610970","8M097","215/35R18 ACCELERA SIGMA 84W XL (CAR SUMMER)","https://dcjqgkl774ppl.cloudfront.net/70/MODEL/accsigma.jpg","45.85","215","35","18","W","84","XL","false","D","B","71","2","C1","17.0","ACCELERA","BUDGET","SIGMA"
"1955515VACPHIR","8997020614671","1200035732","195/55R15 ACCELERA PHI R 89V XL (CAR SUMMER)","https://dcjqgkl774ppl.cloudfront.net/70/images/acc phir.jpg","29.07","195","55","15","V","89","XL","false","D","C","72","2","C1","1.0","ACCELERA","BUDGET","PHI R"
"2356018ZRARSC0250","8886459527525","RSC0250","235/60R18 RADAR RPX 800+ 107W XL (4X4 / SUV SUMMER)","https://dcjqgkl774ppl.cloudfront.net/tyrecat/rpx-800.jpg","56.05","235","60","18","W","107","XL","false","C","C","72","2","","22.0","RADAR","BUDGET","RPX-800+"
"1955016VZE03.114.01","6921109014733","03.114.01","195/50R16 ZETA ZTR10 84V (CAR SUMMER)","https://dcjqgkl774ppl.cloudfront.net/70/images/ze-ztr10.jpg","36.21","195","50","16","V","84","","false","D","B","71","2","C1","30.0","ZETA","House Brand","ZTR10"
"1855516VZE03.113.01","6921109014511","03.113.01","185/55R16 ZETA ZTR20 83V (CAR SUMMER)","https://dcjqgkl774ppl.cloudfront.net/70/images/ze-ztr20.jpg","32.13","185","55","16","V","83","","false","D","B","70","2","C1","12.0","ZETA","House Brand","ZTR20"
"2753518ZAC8997020613209","8997020613209","1200026925","275/35R18 ACCELERA PHI-2 99Y XL (CAR SUMMER)","https://dcjqgkl774ppl.cloudfront.net/70/MODEL/accelera_phi_2.jpg","43.81","275","35","18","Y","99","XL","false","D","C","72","2","C1","23.0","ACCELERA","BUDGET","PHI-2"
"2054516ZRARSC0247","8886459527495","RSC0247","205/45R16 RADAR RPX 800 87W XL (CAR SUMMER)","https://dcjqgkl774ppl.cloudfront.net/tyrecat/rpx-800.jpg","35.19","205","45","16","W","87","XL","false","D","B","72","2","C1","11.0","RADAR","BUDGET","RPX-800"
"2256516TRARGD0043","8886459520731","RGD0043","225/65R16 RADAR ARGONITE (RV-4) 112/110T (VAN SUMMER)","https://dcjqgkl774ppl.cloudfront.net/tyrecat/radar/argoniterv-4_argoniterv-4(45).jpg","51.97","225","65","16","T","112/110","","false","C","A","72","2","C2","30.0","RADAR","BUDGET","ARGONITE RV-4"
"2156017VTO4070300","4981910538097","4070300","215/60R17 TOYO PROXES COMFORT 100V XL (CAR SUMMER)","https://dcjqgkl774ppl.cloudfront.net/tyrecat/toyo/proxescomfort_proxes-comfort.png","68.5","215","60","17","V","100","XL","false","C","A","70","2","C1","3.0","TOYO","MID RANGE PREMIUM","PROXES COMFORT"
"1755016VRARSC0245","8886459527471","RSC0245","175/50R16 RADAR RPX 800 81V XL (CAR SUMMER)","https://dcjqgkl774ppl.cloudfront.net/tyrecat/rpx-800.jpg","27.03","175","50","16","V","81","XL","false","C","C","71","2","C1","2.0","RADAR","BUDGET","RPX-800"
"2156516TRARGD0038","8886459520687","RGD0038","215/65R16 RADAR ARGONITE (RV-4) 109/107T (VAN SUMMER)","https://dcjqgkl774ppl.cloudfront.net/tyrecat/radar/argoniterv-4_argoniterv-4(45).jpg","47.89","215","65","16","T","109/107","","false","C","B","72","2","C2","30.0","RADAR","BUDGET","ARGONITE RV-4"
"2854519ZRADSC0450","8886459525095","DSC0450","285/45R19 RADAR DIMAX R8+ 111Y XL (4X4 / SUV SUMMER)","https://dcjqgkl774ppl.cloudfront.net/tyrecat/dimax-r8-plus.jpg","74.41","285","45","19","Y","111","XL","false","C","B","75","2","C1","29.0","RADAR","BUDGET","DIMAX R8+"
"2154018ZRADSC0445","8886459525040","DSC0445","215/40R18 RADAR DIMAX R8+ 89Y XL (CAR SUMMER)","https://dcjqgkl774ppl.cloudfront.net/tyrecat/dimax-r8-plus.jpg","45.85","215","40","18","Y","89","XL","false","C","B","72","2","C1","25.0","RADAR","BUDGET","DIMAX R8+"
"2356516RMI012127","3528700121278","012127","235/65R16 MICHELIN AGILIS+ 115/113R (VAN SUMMER)","http://www.etyre.net/preview/t3/mi-agilis+.jpg","108.07","235","65","16","R","115/113","","false","C","B","70","2","C2","30.0","MICHELIN","PREMIUM","AGILIS+"
"1857516RRARGD0033","8886459520632","RGD0033","185/75R16 RADAR ARGONITE (RV-4) 104/102R (VAN SUMMER)","https://dcjqgkl774ppl.cloudfront.net/tyrecat/radar/argoniterv-4_argoniterv-4(45).jpg","40.29","185","75","16","R","104/102","","false","C","B","72","2","C2","30.0","RADAR","BUDGET","ARGONITE RV-4"
"2454518ZMI693559","3528706935596","693559","245/45R18 MICHELIN PILOT SPORT 5 100Y XL (CAR SUMMER)","https://dcjqgkl774ppl.cloudfront.net/tyrecat/michelin/pilotsport5_pilot5.png","115.58","245","45","18","Y","100","XL","false","C","A","072","2","C1","5.0","MICHELIN","PREMIUM","PILOT SPORT 5"
"2255018ZRADSC0468","8886459525279","DSC0468","225/50R18 RADAR DIMAX R8+ 99W XL RUNFLAT (CAR SUMMER)","https://dcjqgkl774ppl.cloudfront.net/tyrecat/dimax-r8-plus.jpg","71.35","225","50","18","W","99","XL","true","D","B","71","2","C1","13.0","RADAR","BUDGET","DIMAX R8+"
"1755515VRARSC0080","8886459500863","RSC0080","175/55R15 RADAR RPX 800 77V (CAR SUMMER)","https://dcjqgkl774ppl.cloudfront.net/tyrecat/rpx-800.jpg","28.05","175","55","15","V","77","","false","D","C","70","2","C1","30.0","RADAR","BUDGET","RPX-800"
"2355019ZRADSC0478","8886459525378","DSC0478","235/50R19 RADAR DIMAX R8+ 103W XL (4X4 / SUV SUMMER)","https://dcjqgkl774ppl.cloudfront.net/tyrecat/dimax-r8-plus.jpg","59.11","235","50","19","W","103","XL","false","C","B","72","2","C1","3.0","RADAR","BUDGET","DIMAX R8+"
"1556514TZE03.108.01","6921109014252","03.108.01","155/65R14 ZETA ZTR50 75T (CAR SUMMER)","https://dcjqgkl774ppl.cloudfront.net/70/images/ze-ztr50.jpg","23.97","155","65","14","T","75","","false","D","C","70","2","C1","30.0","ZETA","House Brand","ZTR50"
"1757014TRARGD0027","8886459520571","RGD0027","175/70R14 RADAR ARGONITE RV-4 95/93T (VAN SUMMER)","https://dcjqgkl774ppl.cloudfront.net/tyrecat/radar/argoniterv-4_argoniterv-4(45).jpg","33.15","175","70","14","T","95/93","","false","C","B","72","2","C2","30.0","RADAR","BUDGET","ARGONITE RV-4"
"1656014HZE03.110.01","6921109014276","03.110.01","165/60R14 ZETA ZTR50 75H (CAR SUMMER)","https://dcjqgkl774ppl.cloudfront.net/70/images/ze-ztr50.jpg","27.03","165","60","14","H","75","","false","D","C","70","2","C1","7.0","ZETA","House Brand","ZTR50"
"1656515HRARSC0078","8886459500849","RSC0078","165/65R15 RADAR RPX 800 81H (CAR SUMMER)","https://dcjqgkl774ppl.cloudfront.net/tyrecat/rpx-800.jpg","27.03","165","65","15","H","81","","false","C","C","70","2","","26.0","RADAR","BUDGET","RPX-800"
"1957015RRARGD0028","8886459520588","RGD0028","195/70R15 RADAR ARGONITE RV-4 104/102R (VAN SUMMER)","https://dcjqgkl774ppl.cloudfront.net/tyrecat/radar/argoniterv-4_argoniterv-4(45).jpg","38.71","195","70","15","R","104/102","","false","C","B","72","2","C2","30.0","RADAR","BUDGET","ARGONITE RV-4"
"2453520ZPI4418300","8019227441833","4418300","245/35R20 PIRELLI P-ZERO (PZ4) 95Y XL RUNFLAT * MOE (CAR SUMMER)","https://dcjqgkl774ppl.cloudfront.net/tyrecat/pzero.png","166.28","245","35","20","Y","95","XL","true","C","A","69","1","C1","3.0","PIRELLI","PREMIUM","P-ZERO (PZ4)"
"2356516RHA2020120","8808563356822","2020120","235/65R16 HANKOOK VANTRA LT RA18 115/113R OE (VAN SUMMER)","https://dcjqgkl774ppl.cloudfront.net/70/images/ha-ra18.jpg","91.01","235","65","16","R","115/113","","false","B","B","71","2","C2","19.0","HANKOOK","MID RANGE 2","VANTRA LT RA18"
"1556015VRARSC0076","8886459500825","RSC0076","155/60R15 RADAR RPX 800 74V (CAR SUMMER)","https://dcjqgkl774ppl.cloudfront.net/tyrecat/rpx-800.jpg","24.99","155","60","15","V","74","","false","D","C","70","2","C1","27.0","RADAR","BUDGET","RPX-800"
"1756514TRARGD0026","8886459520564","RGD0026","175/65R14 RADAR ARGONITE (RV-4) 90/88T (VAN SUMMER)","https://dcjqgkl774ppl.cloudfront.net/tyrecat/radar/argoniterv-4_argoniterv-4(45).jpg","31.11","175","65","14","T","90/88","","false","C","B","72","2","C2","12.0","RADAR","BUDGET","ARGONITE RV-4"
"1855515VYOR2424","4968814925192","R2424","185/55R15 YOKOHAMA ES32 82V (CAR SUMMER)","http://images.tyresoft.biz/tyrecat/es32.png","41.31","185","55","15","V","82","","false","C","C","68","2","C1","10.0","YOKOHAMA","MID RANGE 2","ES32"
"2356016ZAC8997020612547","8997020612547","1200014499","235/60R16 ACCELERA PHI 104W XL (CAR SUMMER)","https://dcjqgkl774ppl.cloudfront.net/70/MODEL/accphi.jpg","44.83","235","60","16","W","104","XL","false","D","C","72","2","C1","30.0","ACCELERA","BUDGET","PHI"
"1756515HYOR2419","4968814925147","R2419","175/65R15 YOKOHAMA ES32 84H (CAR SUMMER)","http://images.tyresoft.biz/tyrecat/es32.png","40.75","175","65","15","H","84","","false","C","C","68","2","C1","11.0","YOKOHAMA","MID RANGE 2","ES32"
"2555519ZRADSC0479","8886459525385","DSC0479","255/55R19 RADAR DIMAX R8+ 111Y XL RUNFLAT (4X4 / SUV SUMMER)","https://dcjqgkl774ppl.cloudfront.net/tyrecat/dimax-r8-plus.jpg","93.79","255","55","19","Y","111","XL","true","D","B","73","2","C1","8.0","RADAR","BUDGET","DIMAX R8+"
"2454018ZBLBA2064","6973307191396","BA2064","245/40R18 BLACKARROW P15 97W XL (CAR SUMMER)","https://dcjqgkl774ppl.cloudfront.net/tyrecat/blackarrow/p15_p15.png","39.73","245","40","18","W","97","XL","false","B","B","72","2","C1","30.0","BLACKARROW","BUDGET WHOLESALE","P15"
"2454019ZCO0311773000","4019238048469","0311773","245/40R19 CONTINENTAL SPORTCONTACT 7 98Y XL MO1 (CAR SUMMER)","https://dcjqgkl774ppl.cloudfront.net/tyrecat/continental/sportcontact7_sportcontact7.jpg","122.16","245","40","19","Y","98","XL","false","C","B","72","2","C1","1.0","CONTINENTAL","PREMIUM","SPORTCONTACT 7"
"2455020ZRADSC0482","8886459525415","DSC0482","245/50R20 RADAR DIMAX R8+ 105W XL (4X4 / SUV SUMMER)","https://dcjqgkl774ppl.cloudfront.net/tyrecat/dimax-r8-plus.jpg","69.31","245","50","20","W","105","XL","false","C","B","72","2","C1","16.0","RADAR","BUDGET","DIMAX R8+"
"2753520ZUN03611210000","4024068002444","03611210000","275/35R20 UNIROYAL RAINSPORT 5 102Y XL (CAR SUMMER)","https://dcjqgkl774ppl.cloudfront.net/70/model/m_5279_rs5.jpg","137.26","275","35","20","Y","102","XL","false","C","A","73","2","C1","3.0","UNIROYAL","MID RANGE PREMIUM","RAINSPORT 5"
"3153520ZRADSC0453","8886459525125","DSC0453","315/35R20 RADAR DIMAX R8+ 110Y XL (4X4 / SUV SUMMER)","https://dcjqgkl774ppl.cloudfront.net/tyrecat/dimax-r8-plus.jpg","74.41","315","35","20","Y","110","XL","false","C","B","75","2","C1","28.0","RADAR","BUDGET","DIMAX R8+"
"35125022QRARZD0108","8886459517755","RZD0108","35X12.50R22 RADAR RENEGADE A/T AT-5 117Q (4X4 / SUV SUMMER)","https://dcjqgkl774ppl.cloudfront.net/tyrecat/renegade-at5.jpg","143.77","35","1250","22","Q","117","","false","C","C","72","2","C1","7.0","RADAR","BUDGET","RENEGADE A/T AT-5"
"2155518VRADSC0561","8886459525477","DSC0561","215/55R18 RADAR DIMAX 4 SEASON 99V XL (4X4 / SUV ALL SEASON)","https://dcjqgkl774ppl.cloudfront.net/tyrecat/dimax-r8-plus.jpg","51.97","215","55","18","V","99","XL","false","D","C","72","2","","10.0","RADAR","BUDGET","DIMAX 4SEASON"
"2157015SZE03.119.01","6921109015198","03.119.01","215/70R15 ZETA ZTR18 109/107S (VAN SUMMER)","https://dcjqgkl774ppl.cloudfront.net/70/images/ze-ztr18.jpg","48.91","215","70","15","S","109/107","","false","D","C","72","2","C2","30.0","ZETA","House Brand","ZTR18"
"2054517ZRADSC0076","8886459507121","DSC0076","205/45R17 RADAR DIMAX R8 84W RUNFLAT (CAR SUMMER)","https://dcjqgkl774ppl.cloudfront.net/70/MODEL/dimaxr8_(45).jpg","54.01","205","45","17","W","84","","true","D","B","71","2","C1","30.0","RADAR","BUDGET","DIMAX R8"
"2255518VHA1030181","8808563556765","1030181","225/55R18 HANKOOK VENTUS PRIME 4 (2 PLACES) K135A 98V (4X4 / SUV SUMMER)","https://dcjqgkl774ppl.cloudfront.net/tyrecat/hankook/ventusprime4(2places)k135a_k135.png","76.45","225","55","18","V","98","","false","B","A","69","2","C1","30.0","HANKOOK","MID RANGE 2","VENTUS PRIME 4 (2 PLACES) K135A"
"2055017ZRADSC0077","8886459507138","DSC0077","205/50R17 RADAR DIMAX R8 89W RUNFLAT (CAR SUMMER)","https://dcjqgkl774ppl.cloudfront.net/70/MODEL/dimaxr8_(45).jpg","54.01","205","50","17","W","89","","true","D","B","71","2","C1","30.0","RADAR","BUDGET","DIMAX R8"
"2257516RTO4036600","4981910508427","4036600","225/75R16 TOYO OBSERVE VAN 121/120R (VAN WINTER)","https://dcjqgkl774ppl.cloudfront.net/tyrecat/obva.png","63.19","225","75","16","R","121/120","","false","C","C","72","2","C2","8.0","TOYO","MID RANGE PREMIUM","OBSERVE VAN"
"2054517ZMI324862","3528703248620","324862","205/45R17 MICHELIN PRIMACY 3 88W XL * (CAR SUMMER)","https://dcjqgkl774ppl.cloudfront.net/70/images/mi-prim3.jpg","96.25","205","45","17","W","88","XL","false","C","A","69","1","C1","6.0","MICHELIN","PREMIUM","PRIMACY 3"
"2556018ZRARSC0222","8886459522278","RSC0222","255/60R18 RADAR RPX 800+ 112W XL (4X4 / SUV SUMMER)","https://dcjqgkl774ppl.cloudfront.net/tyrecat/rpx-800.jpg","66.25","255","60","18","W","112","XL","false","C","C","73","2","","30.0","RADAR","BUDGET","RPX-800+"
"2055517VRADSC0328","8886459522858","DSC0328","205/55R17 RADAR DIMAX 4 SEASON 95V XL (CAR ALL SEASON)","https://dcjqgkl774ppl.cloudfront.net/tyrecat/dimax-4-season.jpg","43.81","205","55","17","V","95","XL","false","D","C","72","2","","1.0","RADAR","BUDGET","DIMAX 4SEASON"
"2755520HRARZD0071","8886459516703","RZD0071","275/55R20 RADAR RENEGADE A/T AT-5 117H XL (4X4 / SUV SUMMER)","https://dcjqgkl774ppl.cloudfront.net/tyrecat/renegade-at5.jpg","92.77","275","55","20","H","117","XL","false","D","D","73","2","C1","8.0","RADAR","BUDGET","RENEGADE A/T AT-5"
"2753019ZRADSC0120","8886459507589","DSC0120","275/30R19 RADAR DIMAX R8+ 96Y XL (CAR SUMMER)","https://dcjqgkl774ppl.cloudfront.net/tyrecat/dimax-r8-plus.jpg","55.03","275","30","19","Y","96","XL","false","C","B","73","2","C1","18.0","RADAR","BUDGET","DIMAX R8+"
"1955516VHA1029232","8808563545424","1029232","195/55R16 HANKOOK VENTUS PRIME 4 (2 PLACES) K135 87V (CAR SUMMER)","https://dcjqgkl774ppl.cloudfront.net/tyrecat/hankook/ventusprime4(2places)k135_k135.png","58.09","195","55","16","V","87","","false","C","A","69","2","C1","20.0","HANKOOK","MID RANGE 2","VENTUS PRIME 4 (2 PLACES) K135"
"2654022ZCO0359529000","4019238077438","03595290000","265/40R22 CONTINENTAL CROSSCONTACT LX SPORT 106Y XL J LR CONTISEAL SILENT (4X4 / SUV SUMMER)","https://dcjqgkl774ppl.cloudfront.net/70/MODEL/cn-crosslx.jpg","200.89","265","40","22","Y","106","XL","false","B","C","73","2","C1","4.0","CONTINENTAL","PREMIUM","CROSSCONTACT LX SPORT"
"1558013TRARGC0134","8886459507947","RGC0134","155/80R13 RADAR RIVERA PRO-2 79T (CAR SUMMER)","https://dcjqgkl774ppl.cloudfront.net/tyrecat/rivera-pro-2.jpg","21.93","155","80","13","T","79","","false","D","C","70","2","C1","12.0","RADAR","BUDGET","RIVERA PRO 2"
"2355519VPI1959800","8019227195989","1959800","235/55R19 PIRELLI SCORPION VERDE ALL S 105V XL (LR) (4X4 / SUV SUMMER)","https://dcjqgkl774ppl.cloudfront.net/70/images/pi-verde.jpg","98.89","235","55","19","V","105","XL","false","C","C","71","2","C1","30.0","PIRELLI","PREMIUM","SCORPION VERDE ALL S"
"1556514HRARGC0139","8886459521509","RGC0139","155/65R14 RADAR RIVERA PRO-2 79H XL (CAR SUMMER)","https://dcjqgkl774ppl.cloudfront.net/tyrecat/rivera-pro-2.jpg","22.95","155","65","14","H","79","XL","false","D","C","71","2","C1","12.0","RADAR","BUDGET","RIVERA PRO 2"
"1956516TZE03.032.01","6921109015136","03.032.01","195/65R16 ZETA ZTR18 104/102T 8PR (VAN SUMMER)","https://dcjqgkl774ppl.cloudfront.net/70/images/ze-ztr18.jpg","45.85","195","65","16","T","104/102","","false","D","D","72","2","C2","17.0","ZETA","House Brand","ZTR18"
"2056016HHA1029235","8808563545455","1029235","205/60R16 HANKOOK VENTUS PRIME 4 (2 PLACES) K135 92H (CAR SUMMER)","https://dcjqgkl774ppl.cloudfront.net/tyrecat/hankook/ventusprime4(2places)k135_k135.png","59.11","205","60","16","H","92","","false","B","A","69","2","C1","30.0","HANKOOK","MID RANGE 2","VENTUS PRIME 4 (2 PLACES) K135"
"1656014HRARGC0140","8886459521530","RGC0140","165/60R14 RADAR RIVERA PRO-2 79H XL (CAR SUMMER)","https://dcjqgkl774ppl.cloudfront.net/tyrecat/rivera-pro-2.jpg","21.93","165","60","14","H","79","XL","false","D","C","71","2","C1","30.0","RADAR","BUDGET","RIVERA PRO 2"
"1656514HRARGC0141","8886459521523","RGC0141","165/65R14 RADAR RIVERA PRO-2 83H XL (CAR SUMMER)","https://dcjqgkl774ppl.cloudfront.net/tyrecat/rivera-pro-2.jpg","23.97","165","65","14","H","83","XL","false","D","C","71","2","C1","1.0","RADAR","BUDGET","RIVERA PRO 2"
"2353020ZTRYSTX3R2005","6958460917175","YSTX3R2005","235/30R20 TRACMAX X-PRIVILO TX3 88Y XL (CAR SUMMER)","https://dcjqgkl774ppl.cloudfront.net/70/model/m_4603_tracmaxx-privilotx3.jpg","56.05","235","30","20","Y","88","XL","false","C","B","69","1","","15.0","TRACMAX","BUDGET","X-PRIVILO TX3"
"2155516VRADSC0319","8886459520489","DSC0319","215/55R16 RADAR DIMAX 4 SEASON 97V XL (CAR ALL SEASON)","https://dcjqgkl774ppl.cloudfront.net/tyrecat/dimax-4-season.jpg","38.25","215","55","16","V","97","XL","false","D","C","72","2","","30.0","RADAR","BUDGET","DIMAX 4SEASON"
"2254519ZRADSC0511","8886459526634","DSC0511","225/45R19 RADAR DIMAX R8 + 96Y XL CAR SUMMER","https://dcjqgkl774ppl.cloudfront.net/tyrecat/dimax-r8-plus.jpg","50.95","225","45","19","Y","96","XL","false","C","A","72","2","C1","30.0","RADAR","BUDGET","DIMAX R8+"
"1657014TUN0361146000","4024068004554","03611460000","165/70R14 UNIROYAL RAINEXPERT 5 81T (CAR SUMMER)","https://dcjqgkl774ppl.cloudfront.net/70/product/pr_195200_uniroyal__rainexpert-5__productpicture__30.png","39.72","165","70","14","T","81","","false","C","A","70","2","C1","19.0","UNIROYAL","MID RANGE PREMIUM","RAINEXPERT 5"
"2755519ZTRYSTX3R1924","6958460921349","YSTX3R1924","275/55R19 TRACMAX X-PRIVILO TX3 111W (CAR SUMMER)","https://dcjqgkl774ppl.cloudfront.net/70/model/m_4603_tracmaxx-privilotx3.jpg","62.17","275","55","19","W","111","","false","C","B","71","2","","8.0","TRACMAX","BUDGET","X-PRIVILO TX3"
"2653518ZRADSC0108","8886459507466","DSC0108","265/35R18 RADAR DIMAX R8+ 97Y XL (CAR SUMMER)","https://dcjqgkl774ppl.cloudfront.net/tyrecat/dimax-r8-plus.jpg","55.03","265","35","18","Y","97","XL","false","C","B","73","2","C1","23.0","RADAR","BUDGET","DIMAX R8+"
"1656014HUN0361144000","4024068004851","03611440000","165/60R14 UNIROYAL RAINEXPERT 5 75H (CAR SUMMER)","https://dcjqgkl774ppl.cloudfront.net/70/model/m_6657_uniroyal__rainexpert-5__productpicture__30.png","48.86","165","60","14","H","75","","false","D","A","70","2","C1","4.0","UNIROYAL","MID RANGE PREMIUM","RAINEXPERT 5"
"2056015VRARGC0158","8886459521684","RGC0158","205/60R15 RADAR RIVERA PRO-2 95V XL (CAR SUMMER)","https://dcjqgkl774ppl.cloudfront.net/tyrecat/rivera-pro-2.jpg","30.09","205","60","15","V","95","XL","false","D","C","72","2","C1","3.0","RADAR","BUDGET","RIVERA PRO 2"
"2654018ZRADSC0109","8886459507473","DSC0109","265/40R18 RADAR DIMAX R8+ 101Y XL (CAR SUMMER)","https://dcjqgkl774ppl.cloudfront.net/tyrecat/dimax-r8-plus.jpg","62.17","265","40","18","Y","101","XL","false","C","B","73","2","C1","10.0","RADAR","BUDGET","DIMAX R8+"
"33125020QPAPANCCN0159","8886459560980","PANCCN0159","33/12.50R20 PATRIOT RENEGADE RT+ 114Q (4X4 / SUV SUMMER)","https://dcjqgkl774ppl.cloudfront.net/70/model/m_6168_patriot_rt.png","135.61","33","12","20","Q","114","","false","NA","NA","NA","NA","C2","30.0","PATRIOT","","RENEGADE RT+"
"35125020QPAPANCCN0140","8886459560799","PANCCN0140","35/12.50R20 PATRIOT R/T+ 121Q (4X4 / SUV SUMMER)","https://dcjqgkl774ppl.cloudfront.net/70/model/m_6168_patriot_rt.png","146.83","35","1250","20","Q","121","","false","NA","NA","NA","NA","C2","11.0","PATRIOT","","R/T+"
"2754022ZCO0311409000","4019238040777","03114090000","275/40R22 CONTINENTAL SPORTCONTACT 7 107Y XL (CAR SUMMER)","https://dcjqgkl774ppl.cloudfront.net/tyrecat/continental/sportcontact7_sportcontact7.jpg","202.37","275","40","22","Y","107","XL","false","C","A","73","2","C1","1.0","CONTINENTAL","PREMIUM","SPORTCONTACT 7"
"2355519HHA1012400","8808563321684","1012400","235/55R19 HANKOOK VENTUS PRIME 2 K115 101H OE (CAR SUMMER)","http://www.etyre.net/preview/t3/ha-k115.jpg","96.58","235","55","19","H","101","","false","D","B","71","2","C1","1.0","HANKOOK","MID RANGE 2","VENTUS PRIME 2 K115"
"35125017QPAPANCCN0151","8886459560904","PANCCN0151","35/12.50R17 PATRIOT R/T+ 121Q (4X4 / SUV SUMMER)","https://dcjqgkl774ppl.cloudfront.net/70/model/m_6168_patriot_rt.png","133.57","35","1250","17","Q","121","","false","NA","NA","NA","NA","C2","21.0","PATRIOT","","R/T+"
"1856515VRARGC0124","8886459520021","RGC0124","185/65R15 RADAR DIMAX 4 SEASON 92V XL (CAR ALL SEASON)","https://dcjqgkl774ppl.cloudfront.net/tyrecat/dimax-4-season.jpg","30.09","185","65","15","V","92","XL","false","D","C","71","2","","30.0","RADAR","BUDGET","DIMAX 4SEASON"
"33125018QPAPANCCN0157","8886459560966","PANCCN0157","33/12.50R18 PATRIOT RENEGADE RT+ 118Q (4X4 / SUV SUMMER)","https://dcjqgkl774ppl.cloudfront.net/70/model/m_6168_patriot_rt.png","124.39","33","12","18","Q","118","","false","NA","NA","NA","NA","C2","13.0","PATRIOT","","RENEGADE RT+"
"2155518HTO1597838","4981910759058","1597838","215/55R18 TOYO OPEN COUNTRY A20 95H (4X4 / SUV SUMMER)","https://dcjqgkl774ppl.cloudfront.net/tyrecat/toyo/opencountrya20b_open-country-a20.png","67.27","215","55","18","H","95","","false","C","C","69","2","C1","20.0","TOYO","MID RANGE PREMIUM","OPEN COUNTRY A20"
"311015QPAPANCCN0306","8886459598969","PANCCN0306","31/1050R15  PATRIOT RENEGADE RT+ 109Q (4X4 / SUV SUMMER)","https://dcjqgkl774ppl.cloudfront.net/70/model/m_6168_patriot_rt.png","89.71","31","1050","15","Q","109","","false","NA","NA","NA","NA","C2","20.0","PATRIOT","","R/T+"
"1557013TRARGC0133","8886459507916","RGC0133","155/70R13 RADAR RIVERA PRO-2 75T (CAR SUMMER)","https://dcjqgkl774ppl.cloudfront.net/tyrecat/rivera-pro-2.jpg","20.91","155","70","13","T","75","","false","D","C","70","2","C1","30.0","RADAR","BUDGET","RIVERA PRO 2"
"2554018ZRADSC0106","8886459507442","DSC0106","255/40R18 RADAR DIMAX R8+ 99Y XL (CAR SUMMER)","https://dcjqgkl774ppl.cloudfront.net/tyrecat/dimax-r8-plus.jpg","55.03","255","40","18","Y","99","XL","false","C","B","73","2","C1","30.0","RADAR","BUDGET","DIMAX R8+"
"2454519ZCO0311393000","4019238040685","03113930000","245/45R19 CONTINENTAL SPORTCONTACT 7 102Y XL (CAR SUMMER)","https://dcjqgkl774ppl.cloudfront.net/tyrecat/continental/sportcontact7_sportcontact7.jpg","139.71","245","45","19","Y","102","XL","false","C","A","72","2","C1","4.0","CONTINENTAL","PREMIUM","SPORTCONTACT 7"
"3054020ZTRYSRS01R2009","6958460912736","YSRS01R2009","305/40R20 TRACMAX X-PRIVILO RS01+ 112Y XL (4X4 / SUV SUMMER)","https://dcjqgkl774ppl.cloudfront.net/tyrecat/x-privilors01plus.png","69.31","305","40","20","Y","112","XL","false","C","C","72","1","","5.0","TRACMAX","BUDGET","X-PRIVILO RS01+"
"1556513TRARGC0132","8886459507855","RGC0132","155/65R13 RADAR RIVERA PRO-2 73T (CAR SUMMER)","https://dcjqgkl774ppl.cloudfront.net/tyrecat/rivera-pro-2.jpg","20.91","155","65","13","T","73","","false","D","C","70","2","C1","30.0","RADAR","BUDGET","RIVERA PRO 2"
"1956515VRARGC0127","8886459520052","RGC0127","195/65R15 RADAR DIMAX 4 SEASON 95V XL (CAR ALL SEASON)","https://dcjqgkl774ppl.cloudfront.net/tyrecat/dimax-4-season.jpg","30.09","195","65","15","V","95","XL","false","D","C","72","2","C1","17.0","RADAR","BUDGET","DIMAX 4SEASON"
"2055017ZHA1029206","8808563545165","1029206","205/50R17 HANKOOK VENTUS PRIME 4 (2 PLACES) K135 93W XL (CAR SUMMER)","https://dcjqgkl774ppl.cloudfront.net/tyrecat/hankook/ventusprime4(2places)k135_k135.png","68.44","205","50","17","W","93","XL","false","B","A","69","1","C1","1.0","HANKOOK","MID RANGE 2","VENTUS PRIME 4 (2 PLACES) K135"
"1856016HTO3398700","4981910523550","3398700","185/60R16 TOYO PROXES R55 86H (4X4 / SUV SUMMER)","https://dcjqgkl774ppl.cloudfront.net/tyrecat/toyo/pxr55_proxes-r55.png","57.07","185","60","16","H","86","","false","B","B","68","2","C1","20.0","TOYO","MID RANGE PREMIUM","PROXES R55"
"2154017ZZE03.115.01","6921109031495","03.115.01","215/40R17 ZETA ALVENTI 87W XL (CAR SUMMER)","https://dcjqgkl774ppl.cloudfront.net/70/images/ze-alveti.jpg","40.75","215","40","17","W","87","","false","D","B","72","2","C1","30.0","ZETA","House Brand","ALVENTI"
"1756515HRARGC0121","8886459519995","RGC0121","175/65R15 RADAR DIMAX 4 SEASON 88H XL (CAR ALL SEASON)","https://dcjqgkl774ppl.cloudfront.net/tyrecat/dimax-4-season.jpg","29.07","175","65","15","H","88","XL","false","D","C","71","2","","5.0","RADAR","BUDGET","DIMAX 4SEASON"
"2254517ZHA1029198","8808563545080","1029198","225/45R17 HANKOOK VENTUS PRIME 4 (2 PLACES) K135 91Y (CAR SUMMER)","https://dcjqgkl774ppl.cloudfront.net/tyrecat/hankook/ventusprime4(2places)k135_k135.png","49.39","225","45","17","Y","91","","false","C","A","69","2","C1","20.0","HANKOOK","MID RANGE 2","VENTUS PRIME 4 (2 PLACES) K135"
"1855515VRARGC0122","8886459520007","RGC0122","185/55R15 RADAR DIMAX 4 SEASON 86V XL (CAR ALL SEASON)","https://dcjqgkl774ppl.cloudfront.net/tyrecat/dimax-4-season.jpg","30.09","185","55","15","V","86","XL","false","D","C","71","2","","30.0","RADAR","BUDGET","DIMAX 4SEASON"
"2553520ZCO0311379000","4019238040562","03113790000","255/35R20 CONTINENTAL SPORTCONTACT 7 97Y XL (CAR SUMMER)","https://dcjqgkl774ppl.cloudfront.net/tyrecat/continental/sportcontact7_sportcontact7.jpg","127.07","255","35","20","Y","97","XL","false","C","A","73","2","C1","6.0","CONTINENTAL","PREMIUM","SPORTCONTACT 7"
"1856015VRARGC0123","8886459520014","RGC0123","185/60R15 RADAR DIMAX 4 SEASON 88V XL (CAR ALL SEASON)","https://dcjqgkl774ppl.cloudfront.net/tyrecat/dimax-4-season.jpg","30.09","185","60","15","V","88","XL","false","D","C","71","2","","18.0","RADAR","BUDGET","DIMAX 4SEASON"
"2755520ZTRYSRS01R2006","6958460920496","YSRS01R2006","275/55R20 TRACMAX X-PRIVILO RS01+ 117W XL (4X4 / SUV SUMMER)","https://dcjqgkl774ppl.cloudfront.net/tyrecat/x-privilors01plus.png","72.37","275","55","20","W","117","XL","false","C","C","72","2","C1","1.0","TRACMAX","BUDGET","X-PRIVILO RS01+"
"1756514HRARGC0116","8886459519940","RGC0116","175/65R14 RADAR DIMAX 4 SEASON 82H (CAR ALL SEASON)","https://dcjqgkl774ppl.cloudfront.net/tyrecat/dimax-4-season.jpg","26.01","175","65","14","H","82","","false","D","C","71","2","","1.0","RADAR","BUDGET","DIMAX 4SEASON"
"2254019ZRARASYCN0771","8886459594404","RASYCN0771","225/40R19 RADAR DIMAX R8+ 93Y XL (CAR SUMMER)","http://omni-united.com/wp-content/uploads/2016/06/dimax-r8-plus.jpg","51.97","225","40","19","Y","93","XL","false","C","A","72","2","C1","19.0","RADAR","BUDGET","DIMAX R8+"
"2254019ZCO0311382000","4019238040586","03113820000","225/40R19 CONTINENTAL SPORTCONTACT 7 93Y XL (CAR SUMMER)","https://dcjqgkl774ppl.cloudfront.net/tyrecat/continental/sportcontact7_sportcontact7.jpg","125.54","225","40","19","Y","93","XL","false","C","A","72","2","C1","9.0","CONTINENTAL","PREMIUM","SPORTCONTACT 7"
"2853522ZTRYSRS01R2203","6958460922186","YSRS01R2203","285/35R22 TRACMAX X-PRIVILO RS01+ 106Y XL (4X4 / SUV SUMMER)","https://dcjqgkl774ppl.cloudfront.net/tyrecat/x-privilors01plus.png","61.15","285","35","22","Y","106","XL","false","C","C","72","1","","30.0","TRACMAX","BUDGET","X-PRIVILO RS01+"
"1657014TRARGC0142","8886459521516","RGC0142","165/70R14 RADAR RIVERA PRO-2 85T XL (CAR SUMMER)","https://dcjqgkl774ppl.cloudfront.net/tyrecat/rivera-pro-2.jpg","26.01","165","70","14","T","85","XL","false","D","C","71","2","C1","30.0","RADAR","BUDGET","RIVERA PRO 2"
"2854022ZCO471049000","4019238694956","0471049","285/40R22 CONTINENTAL CROSSCONTACT LX SPORT 110Y XL LR (4X4 / SUV SUMMER)","http://www.etyre.net/preview/t3/co-crossconlx.jpg","244.29","285","40","22","Y","110","XL","false","B","C","75","2","C1","30.0","CONTINENTAL","PREMIUM","CROSSCONTACT LX SPORT"
"2154516ZZE03.116.01","6921109015464","03.116.01","215/45R16 ZETA ALVENTI 86W (CAR SUMMER)","https://dcjqgkl774ppl.cloudfront.net/70/images/ze-alveti.jpg","39.73","215","45","16","W","86","","false","D","B","71","2","C1","30.0","ZETA","House Brand","ALVENTI"
"2954021ZTRYSRS01R2107","6958460920830","YSRS01R2107","295/40R21 TRACMAX X-PRIVILO RS01+ 111Y XL (4X4 / SUV SUMMER)","https://dcjqgkl774ppl.cloudfront.net/tyrecat/x-privilors01plus.png","72.37","295","40","21","Y","111","XL","false","C","C","72","1","C1","13.0","TRACMAX","BUDGET","X-PRIVILO RS01+"
"2556018VKU2233213","8808956235468","2233213","255/60R18 KUMHO HP91 112V XL (4X4 / SUV SUMMER)","https://dcjqgkl774ppl.cloudfront.net/70/MODEL/hp91.jpg","73.68","255","60","18","V","112","XL","false","C","B","72","2","C2","2.0","KUMHO","MID RANGE PREMIUM","HP91"
"2256016ZRARSC0221","8886459522254","RSC0221","225/60R16 RADAR RPX 800 102W XL (CAR SUMMER)","https://dcjqgkl774ppl.cloudfront.net/tyrecat/rpx-800.jpg","47.89","225","60","16","W","102","XL","false","C","B","72","2","C1","30.0","RADAR","BUDGET","RPX-800"
"2653521ZBR27877","3286342787718","27877","265/35R21 BRIDGESTONE POTENZA SPORT 101Y XL (CAR SUMMER)","https://dcjqgkl774ppl.cloudfront.net/tyrecat/bridgestone/potenzasport_potenza_sport.png","134.59","265","35","21","Y","101","XL","false","C","A","073","2","C1","2.0","BRIDGESTONE","PREMIUM","POTENZA SPORT"
"2254018ZRARASYCN0750","8886459594190","RASYCN0750","225/40R18 RADAR DIMAX R8+ 92Y XL (CAR SUMMER)","http://omni-united.com/wp-content/uploads/2016/06/dimax-r8-plus.jpg","38.71","225","40","18","Y","92","XL","false","C","A","72","2","C1","25.0","RADAR","BUDGET","DIMAX R8+"
"3055020HRARZD0126","8886459521271","RZD0126","305/50R20 RADAR RENEGADE A/T AT-5 120H XL (4X4 / SUV SUMMER)","https://dcjqgkl774ppl.cloudfront.net/tyrecat/renegade-at5.jpg","102.97","305","50","20","H","120","XL","false","D","D","75","2","C1","4.0","RADAR","BUDGET","RENEGADE A/T AT-5"
"2554019ZAC8997020612974","8997020612974","1200023138","255/40R19 ACCELERA PHI 100Y XL (CAR SUMMER)","https://dcjqgkl774ppl.cloudfront.net/70/MODEL/accphi.jpg","47.89","255","40","19","Y","100","XL","false","D","C","72","2","C1","11.0","ACCELERA","BUDGET","PHI"
"2354018ZAC8997020611199","8997020611199","1200000110","235/40R18 ACCELERA PHI 95Y XL (CAR SUMMER)","https://dcjqgkl774ppl.cloudfront.net/70/MODEL/accphi.jpg","38.71","235","40","18","Y","95","XL","false","D","C","72","2","C1","6.0","ACCELERA","BUDGET","PHI"
"2254518ZZE03.078.01","6921109031433","03.078.01","225/45R18 ZETA ALVENTI 95Y XL (CAR SUMMER)","https://dcjqgkl774ppl.cloudfront.net/70/images/ze-alveti.jpg","45.85","225","45","18","Y","95","XL","false","C","C","72","2","C1","30.0","ZETA","House Brand","ALVENTI"
"2255017ZRADSC0231","8886459518370","DSC0231","225/50R17 RADAR DIMAX 4 SEASON 98W XL (CAR ALL SEASON)","https://dcjqgkl774ppl.cloudfront.net/tyrecat/dimax-4-season.jpg","44.83","225","50","17","W","98","XL","false","D","C","72","2","","1.0","RADAR","BUDGET","DIMAX 4SEASON"
"2354019ZAC8997020612448","8997020612448","1200018389","235/40R19 ACCELERA PHI 96Y XL (CAR SUMMER)","https://dcjqgkl774ppl.cloudfront.net/70/MODEL/accphi.jpg","46.87","235","40","19","Y","96","XL","false","D","C","72","2","C1","11.0","ACCELERA","BUDGET","PHI"
"2256017VRADSC0336","8886459521943","DSC0336","225/60R17 RADAR DIMAX 4 SEASON 103V XL (4X4 / SUV ALL SEASON)","https://dcjqgkl774ppl.cloudfront.net/tyrecat/dimax-4-season.jpg","61.15","225","60","17","V","103","XL","false","D","C","72","2","","1.0","RADAR","BUDGET","DIMAX 4SEASON"
"2254517ZCO356177000","4019238541045","0356177","225/45R17 CONTINENTAL CONTISPORTCONTACT 5 91Y MO (CAR SUMMER)","https://dcjqgkl774ppl.cloudfront.net/70/images/cn-sc5.jpg","65.26","225","45","17","Y","91","","false","C","B","71","2","C1","10.0","CONTINENTAL","PREMIUM","CONTISPORTCONTACT 5"
"2353519ZAC8997020611373","8997020616903","1200000108","235/35R19 ACCELERA PHI 91Y XL (CAR SUMMER)","https://dcjqgkl774ppl.cloudfront.net/70/MODEL/accphi.jpg","41.77","235","35","19","Y","91","XL","false","D","C","72","2","C1","30.0","ACCELERA","BUDGET","PHI"
"2454518ZBLBA2269","6973307193000","BA2269","245/45R18 BLACKARROW P16 100W XL (CAR SUMMER)","https://dcjqgkl774ppl.cloudfront.net/70/model/m_7890_p16.jpg","38.71","245","45","18","W","100","XL","false","C","C","72","2","C1","30.0","BLACKARROW","BUDGET WHOLESALE","P16"
"2254018ZRADSC0235","8886459521899","DSC0235","225/40R18 RADAR DIMAX 4 SEASON 92W XL (CAR ALL SEASON)","https://dcjqgkl774ppl.cloudfront.net/tyrecat/dimax-4-season.jpg","41.77","225","40","18","W","92","XL","false","D","C","72","2","","27.0","RADAR","BUDGET","DIMAX 4SEASON"
"2354518ZZE03.079.01","6921109031440","03.079.01","235/45R18 ZETA ALVENTI 98Y XL (CAR SUMMER)","https://dcjqgkl774ppl.cloudfront.net/70/images/ze-alveti.jpg","49.93","235","45","18","Y","98","XL","false","C","C","72","2","C1","30.0","ZETA","House Brand","ALVENTI"
"2055017ZBLBA2267","6973307192980","BA2267","205/50R17 BLACKARROW P16 93W XL (CAR SUMMER)","https://dcjqgkl774ppl.cloudfront.net/70/model/m_7890_p16.jpg","31.57","205","50","17","W","93","XL","false","C","C","71","2","C1","30.0","BLACKARROW","BUDGET WHOLESALE","P16"
"2856516RCO0451477000","4019238762457","0451477","285/65R16 CONTINENTAL VANCONTACT A/S 131R MB (VAN ALL SEASON)","https://dcjqgkl774ppl.cloudfront.net/tyrecat/vancontact_as.png","133.57","285","65","16","R","131","","false","D","A","71","2","C2","2.0","CONTINENTAL","PREMIUM","VANCONTACT A/S"
"2356516RBR22743","3286342274317","22743","235/65R16 BRIDGESTONE DURAVIS R660 ECO 115/113R (+) (VAN SUMMER)","https://dcjqgkl774ppl.cloudfront.net/tyrecat/r660.png","100.89","235","65","16","R","115/113","","false","A","A","070","2","C2","13.0","BRIDGESTONE","PREMIUM","DURAVIS R660 ECO"
"2254518ZRARASYCN0752","8886459594213","RASYCN0752","225/45R18 RADAR DIMAX R8+ 95Y XL (CAR SUMMER)","http://omni-united.com/wp-content/uploads/2016/06/dimax-r8-plus.jpg","41.77","225","45","18","Y","95","XL","false","C","A","72","1","C1","30.0","RADAR","BUDGET","DIMAX R8+"
"2154517ZBLBA2253","6973307192805","BA2253","215/45R17 BLACKARROW P16 91W XL (CAR SUMMER)","https://dcjqgkl774ppl.cloudfront.net/70/model/m_7890_p16.jpg","30.09","215","45","17","W","91","XL","false","C","C","71","2","C1","30.0","BLACKARROW","BUDGET WHOLESALE","P16"
"2454520ZTR6958460930303","6958460930303","6958460930303","245/45R20 TRACMAX ALL SEASON TRAC SAVER X-PRIVILO 103Y (CAR ALL SEASON)","","65.23","245","45","20","Y","103","","false","C","B","72","2","C1","13.0","TRACMAX","BUDGET","ALL SEASON TRAC SAVER X-PRIVILO"
"2555518VKU2289163","8808956298913","2289163","255/55R18 KUMHO HA32 109V XL (4X4 / SUV ALL SEASON)","https://dcjqgkl774ppl.cloudfront.net/tyrecat/kumho/ha32_ha32.png","78.33","255","55","18","V","109","XL","false","C","B","72","2","C1","1.0","KUMHO","MID RANGE PREMIUM","HA32"
"2853522ZTO4083200","4981910563990","4083200","285/35R22 TOYO PXSP2 106Y XL (4X4 / SUV SUMMER)","https://dcjqgkl774ppl.cloudfront.net/tyrecat/toyo/proxessport2_proxes-sport-2.png","117.25","285","35","22","Y","106","XL","false","C","A","72","1","C1","30.0","TOYO","MID RANGE PREMIUM","PXSP2"
"2454518ZMI217564","3528702175644","217564","245/45R18 MICHELIN CROSSCLIMATE 2 100Y XL (CAR ALL SEASON)","https://dcjqgkl774ppl.cloudfront.net/tyrecat/michelin/crossclimate2_crossclimate_2.png","128.68","245","45","18","Y","100","XL","false","B","B","71","2","C1","5.0","MICHELIN","PREMIUM","CROSSCLIMATE 2"
"2254019ZAC8997020611441","8997020611441","1200000090","225/40R19 ACCELERA PHI 93Y XL (CAR SUMMER)","https://dcjqgkl774ppl.cloudfront.net/70/MODEL/accphi.jpg","42.79","225","40","19","Y","93","XL","false","D","C","72","2","C1","5.0","ACCELERA","BUDGET","PHI"
"1956515HMI030659","3528700306590","030659","195/65R15 MICHELIN CROSSCLIMATE 2 91H (CAR ALL SEASON)","https://dcjqgkl774ppl.cloudfront.net/tyrecat/michelin/crossclimate2_crossclimate_2.png","60.76","195","65","15","H","91","","false","C","B","69","1","C1","4.0","MICHELIN","PREMIUM","CROSSCLIMATE 2"
"2753020ZAC8997020612301","8997020612301","1200029890","275/30R20 ACCELERA PHI-2 97Y XL (CAR SUMMER)","https://dcjqgkl774ppl.cloudfront.net/70/MODEL/accelera_phi_2.jpg","57.07","275","30","20","Y","97","XL","false","D","C","72","2","C1","18.0","ACCELERA","BUDGET","PHI-2"
"2054018ZACPHIR","8997020614701","1200035571","205/40R18 ACCELERA PHI R 86Y XL (CAR SUMMER)","https://dcjqgkl774ppl.cloudfront.net/70/images/acc phir.jpg","40.75","205","40","18","Y","86","XL","false","D","C","72","2","C1","5.0","ACCELERA","BUDGET","PHI R"
"3153520ZTO4083300","4981910564003","4083300","315/35R20 TOYO PXSP2 110Y XL (CAR SUMMER)","https://dcjqgkl774ppl.cloudfront.net/tyrecat/toyo/proxessport2_proxes-sport-2.png","139.24","315","35","20","Y","110","XL","false","C","A","72","1","C1","2.0","TOYO","MID RANGE PREMIUM","PXSP2"
"2254517ZGO581486","4038526074478","581486","225/45R17 GOODYEAR EAGLE F1 ASYMMETRIC 6 91Y (CAR SUMMER)","https://dcjqgkl774ppl.cloudfront.net/tyrecat/goodyear/eaglef1asymmetric6_eagle-f1-asymmetric-6.png","60.13","225","45","17","Y","91","","false","C","A","69","2","C1","30.0","GOODYEAR","PREMIUM","EAGLE F1 ASYMMETRIC 6"
"2754520ZTO4083600","4981910564577","4083600","275/45R20 TOYO PXSP2 110Y XL (CAR SUMMER)","https://dcjqgkl774ppl.cloudfront.net/tyrecat/toyo/proxessport2_proxes-sport-2.png","102.97","275","45","20","Y","110","XL","false","C","A","71","2","C1","16.0","TOYO","MID RANGE PREMIUM","PXSP2"
"2254518ZMI608021","3528706080210","608021","225/45R18 MICHELIN CROSSCLIMATE 2 95Y XL (CAR ALL SEASON)","https://dcjqgkl774ppl.cloudfront.net/tyrecat/michelin/crossclimate2_crossclimate_2.png","120.47","225","45","18","Y","95","XL","false","C","B","71","2","C1","11.0","MICHELIN","PREMIUM","CROSSCLIMATE 2"
"2555020TO4981910564744","4981910564744","4083400","255/50R20 TOYO PXSP2 109Y XL (CAR SUMMER)","https://dcjqgkl774ppl.cloudfront.net/tyrecat/toyo/proxessport2_proxes-sport-2.png","114.67","255","50","20","Y","109","XL","false","C","A","71","2","C1","18.0","TOYO","MID RANGE PREMIUM","PXSP2"
"1856515VMI541975","3528705419752","541975","185/65R15 MICHELIN CROSSCLIMATE 2 92V XL (CAR ALL SEASON)","https://dcjqgkl774ppl.cloudfront.net/tyrecat/michelin/crossclimate2_crossclimate_2.png","67.24","185","65","15","V","92","XL","false","C","B","69","2","C1","5.0","MICHELIN","PREMIUM","CROSSCLIMATE 2"
"2354518ZMI897539","3528708975392","897539","235/45R18 MICHELIN CROSSCLIMATE 2 98Y XL (CAR ALL SEASON)","https://dcjqgkl774ppl.cloudfront.net/tyrecat/michelin/crossclimate2_crossclimate_2.png","124.32","235","45","18","Y","98","XL","false","C","B","71","2","C1","5.0","MICHELIN","PREMIUM","CROSSCLIMATE 2"
"2054517ZGO581457","4038526074188","581457","205/45R17 GOODYEAR EAGLE F1 ASYMMETRIC 6 88Y XL (CAR SUMMER)","https://dcjqgkl774ppl.cloudfront.net/tyrecat/goodyear/eaglef1asymmetric6_eagle-f1-asymmetric-6.png","87.56","205","45","17","Y","88","XL","false","C","A","69","1","C1","4.0","GOODYEAR","PREMIUM","EAGLE F1 ASYMMETRIC 6"
"2054517ZMI923292","3528709232920","923292","205/45R17 MICHELIN CROSSCLIMATE 2 88W XL (CAR ALL SEASON)","https://dcjqgkl774ppl.cloudfront.net/tyrecat/michelin/crossclimate2_crossclimate_2.png","104.02","205","45","17","W","88","XL","false","C","B","69","1","C1","1.0","MICHELIN","PREMIUM","CROSSCLIMATE 2"
"2454517ZAC8997020613360","8997020613360","1200026932","245/45R17 ACCELERA PHI 99W XL (CAR SUMMER)","https://dcjqgkl774ppl.cloudfront.net/70/MODEL/accphi.jpg","39.73","245","45","17","W","99","XL","false","D","C","72","2","C1","16.0","ACCELERA","BUDGET","PHI"
"2354018ZMI223750","3528702237502","223750","235/40R18 MICHELIN CROSSCLIMATE 2 95Y XL (CAR ALL SEASON)","https://dcjqgkl774ppl.cloudfront.net/tyrecat/michelin/crossclimate2_crossclimate_2.png","115.56","235","40","18","Y","95","XL","false","C","B","71","2","C1","10.0","MICHELIN","PREMIUM","CROSSCLIMATE 2"
"2157015RCO451400000","4019238318388","0451400","215/70R15 CONTINENTAL VANCOCAMPER 109R FIA (VAN SUMMER)","http://www.etyre.net/preview/t3/co-vancocamp.jpg","111.44","215","70","15","R","109","","false","D","B","72","2","C2","3.0","CONTINENTAL","PREMIUM","VANCOCAMPER"
"2055517ZHA1020560","8808563406466","1020560","205/55R17 HANKOOK VENTUS S1 EVO 2 K117 91W MO (CAR SUMMER)","https://dcjqgkl774ppl.cloudfront.net/70/MODEL/ha-k117.jpg","74.41","205","55","17","W","91","","false","B","A","68","1","C1","14.0","HANKOOK","MID RANGE 2","VENTUS S1 EVO 2 K117"
"2254018ZGO581485","4038526074461","581485","225/40R18 GOODYEAR EAGLE F1 ASYMMETRIC 6 92Y XL (CAR SUMMER)","https://dcjqgkl774ppl.cloudfront.net/tyrecat/goodyear/eaglef1asymmetric6_eagle-f1-asymmetric-6.png","62.17","225","40","18","Y","92","XL","false","C","A","70","2","C1","30.0","GOODYEAR","PREMIUM","EAGLE F1 ASYMMETRIC 6"
"1956515THA1020996","8808563411637","1020996","195/65R15 HANKOOK KINERGY ECO 2 K435 95T XL REP (VAN SUMMER)","http://images.tyresoft.biz/tyrecat/k435.png","43.33","195","65","15","T","95","XL","false","B","A","72","2","C1","1.0","HANKOOK","MID RANGE 2","KINERGY ECO 2 K435"
"2256516TCO0451608000","4019238008777","04516080000","225/65R16 CONTINENTAL VANCONTACT ECO 112/110T REN (VAN SUMMER)","https://dcjqgkl774ppl.cloudfront.net/tyrecat/vanco-eco-tire-image.png","110.16","225","65","16","T","112/110","","false","A","A","72","2","C2","3.0","CONTINENTAL","PREMIUM","VANCONTACT ECO"
"2354517ZMI049443","3528700494433","049443","235/45R17 MICHELIN CROSSCLIMATE 2 97Y XL (CAR ALL SEASON)","https://dcjqgkl774ppl.cloudfront.net/tyrecat/michelin/crossclimate2_crossclimate_2.png","94.63","235","45","17","Y","97","XL","false","C","B","71","2","C1","4.0","MICHELIN","PREMIUM","CROSSCLIMATE 2"
"2355020ZTO4109000","4981910558453","4109000","235/50R20 TOYO PXSPQ 100W (CAR SUMMER)","","79.51","235","50","20","W","100","","false","B","B","70","2","C1","20.0","TOYO","MID RANGE PREMIUM","PXSPQ"
"2254518ZHA1020730","8808563408477","1020730","225/45R18 HANKOOK VENTUS S1 EVO 2 K117 91W MO (CAR SUMMER)","https://dcjqgkl774ppl.cloudfront.net/70/MODEL/ha-k117.jpg","85.38","225","45","18","W","91","","false","B","A","69","2","C1","20.0","HANKOOK","MID RANGE 2","VENTUS S1 EVO 2 K117"
"2653518ZTO4084100","4981910564706","4084100","265/35R18 TOYO PXSP2 97Y XL (CAR SUMMER)","https://dcjqgkl774ppl.cloudfront.net/tyrecat/toyo/proxessport2_proxes-sport-2.png","94.22","265","35","18","Y","97","XL","false","C","A","71","2","C1","1.0","TOYO","MID RANGE PREMIUM","PXSP2"
"2156017TCO0451589000","4019238005103","04515890000","215/60R17 CONTINENTAL VANCONTACT ECO 109/107T VW (VAN SUMMER)","https://dcjqgkl774ppl.cloudfront.net/tyrecat/vanco-eco-tire-image.png","118.27","215","60","17","T","109/104/107","","false","A","A","71","2","C2","12.0","CONTINENTAL","PREMIUM","VANCONTACT ECO"
"2254518ZVRAP22545018YUPRA02","8714692804359","","225/45R18 VREDESTEIN ULTRAC PRO 95Y XL (CAR SUMMER)","https://dcjqgkl774ppl.cloudfront.net/70/model/m_8060_vredesteinultracpro.png","84.55","225","45","18","Y","95","XL","false","C","A","72","2","C1","2.0","VREDESTEIN","MID RANGE 2","ULTRAC PRO"
"2754017ZTO3900500","4981910544401","3900500","275/40R17 TOYO PXR888R 98W (CAR SUMMER)","https://dcjqgkl774ppl.cloudfront.net/tyrecat/pxr8r.png","92.77","275","40","17","W","98","","false","D","D","71","2","C1","4.0","TOYO","MID RANGE PREMIUM","R888R"
"2454019ZVRAP24540019YUPRA02","8714692804533","","245/40R19 VREDESTEIN ULTRAC PRO 98Y XL (CAR SUMMER)","https://dcjqgkl774ppl.cloudfront.net/70/model/m_8060_vredesteinultracpro.png","85.03","245","40","19","Y","98","XL","false","C","A","72","2","C1","4.0","VREDESTEIN","MID RANGE 2","ULTRAC PRO"
"2453518ZTO4981910564690","4981910564690","4084000","245/35R18 TOYO PXSP2 92Y XL (CAR SUMMER)","https://dcjqgkl774ppl.cloudfront.net/tyrecat/toyo/proxessport2_proxes-sport-2.png","85.27","245","35","18","Y","92","XL","false","D","A","71","2","C1","10.0","TOYO","MID RANGE PREMIUM","PXSP2"
"1956515VMI243813","3528702438138","243813","195/65R15 MICHELIN CROSSCLIMATE 2 95V XL (CAR ALL SEASON)","https://dcjqgkl774ppl.cloudfront.net/tyrecat/michelin/crossclimate2_crossclimate_2.png","64.33","195","65","15","V","95","XL","false","B","B","69","1","C1","6.0","MICHELIN","PREMIUM","CROSSCLIMATE 2"
"2355520ZCO0359221000","4019238027662","03592210000","235/55R20 CONTINENTAL CROSSCONTACT UHP 102W (4X4 / SUV SUMMER)","https://dcjqgkl774ppl.cloudfront.net/70/MODEL/cn-uhp.jpg","114.19","235","55","20","W","102","","false","D","B","71","2","C1","10.0","CONTINENTAL","PREMIUM","CROSSCONTACT UHP"
"2054017ZGO581454","4038526074157","581454","205/40R17 GOODYEAR EAGLE F1 ASYMMETRIC 6 84W XL (CAR SUMMER)","https://dcjqgkl774ppl.cloudfront.net/tyrecat/goodyear/eaglef1asymmetric6_eagle-f1-asymmetric-6.png","82.71","205","40","17","W","84","XL","false","D","A","70","2","C1","4.0","GOODYEAR","PREMIUM","EAGLE F1 ASYMMETRIC 6"
"1756515HMI178959","3528701789590","178959","175/65R15 MICHELIN CROSSCLIMATE 2 88H XL (CAR ALL SEASON)","https://dcjqgkl774ppl.cloudfront.net/tyrecat/michelin/crossclimate2_crossclimate_2.png","71.48","175","65","15","H","88","XL","false","C","B","69","2","C1","2.0","MICHELIN","PREMIUM","CROSSCLIMATE 2"
"2056516TZE03.033.01","6921109015143","03.033.01","205/65R16 ZETA ZTR18 107/105T 8PR (VAN SUMMER)","https://dcjqgkl774ppl.cloudfront.net/70/images/ze-ztr18.jpg","46.87","205","65","16","T","107/105","","false","D","C","72","2","C2","30.0","ZETA","House Brand","ZTR18"
"2254518ZUN03610580000","4024068002994","03610580000","225/45R18 UNIROYAL RAINSPORT 5 95Y XL (CAR SUMMER)","https://dcjqgkl774ppl.cloudfront.net/70/model/m_5279_rs5.jpg","83.41","225","45","18","Y","95","XL","false","C","A","72","2","C1","30.0","UNIROYAL","MID RANGE PREMIUM","RAINSPORT 5"
"2554518ZRADSC0486","8886459523176","DSC0486","255/45R18 RADAR DIMAX R8+ 103Y XL RUNFLAT (CAR SUMMER)","https://dcjqgkl774ppl.cloudfront.net/tyrecat/dimax-r8-plus.jpg","79.51","255","45","18","Y","103","XL","true","D","B","73","2","C1","7.0","RADAR","BUDGET","DIMAX R8+"
"2154017ZUN03610370000","4024068002949","03610370000","215/40R17 UNIROYAL RAINSPORT 5 87Y XL (CAR SUMMER)","https://dcjqgkl774ppl.cloudfront.net/70/model/m_5279_rs5.jpg","70.94","215","40","17","Y","87","XL","false","C","A","72","2","C1","30.0","UNIROYAL","MID RANGE PREMIUM","RAINSPORT 5"
"2155018VHA1021985","8808563423616","1021985","215/50R18 HANKOOK K125 VENTUS PRIME3 92V OE (CAR SUMMER)","https://dcjqgkl774ppl.cloudfront.net/70/MODEL/hankookk125.png","84.51","215","50","18","V","92","","false","C","B","71","2","C1","15.0","HANKOOK","MID RANGE 2","K125 VENTUS PRIME3"
"2454520ZUN03610970000","4024068002826","03610970000","245/45R20 UNIROYAL RAINSPORT 5 103Y XL (CAR SUMMER)","https://dcjqgkl774ppl.cloudfront.net/70/model/m_5279_rs5.jpg","124.21","245","45","20","Y","103","XL","false","C","A","72","2","C1","18.0","UNIROYAL","MID RANGE PREMIUM","RAINSPORT 5"
"2554019ZAPAL25540019YA4PA02","8714692806179","AL25540019YA4PA02","255/40R19 APOLLO ASPIRE 4G+ 100Y XL (CAR SUMMER)","","49.93","255","40","19","Y","100","XL","false","C","C","72","2","C1","13.0","APOLLO","BUDGET WHOLESALE","ASPIRE 4G+"
"2354517ZMI177705","3528701777054","177705","235/45R17 MICHELIN CROSSCLIMATE 2 94Y (CAR ALL SEASON)","https://dcjqgkl774ppl.cloudfront.net/tyrecat/michelin/crossclimate2_crossclimate_2.png","92.91","235","45","17","Y","94","","false","C","B","71","2","C1","4.0","MICHELIN","PREMIUM","CROSSCLIMATE 2"
"2355018VUN03610780000","4024068003014","03610780000","235/50R18 UNIROYAL RAINSPORT 5 97V (CAR SUMMER)","https://dcjqgkl774ppl.cloudfront.net/70/model/m_5279_rs5.jpg","82.76","235","50","18","V","97","","false","C","A","71","2","C1","30.0","UNIROYAL","MID RANGE PREMIUM","RAINSPORT 5"
"2355517VUN03610810000","4024068002703","03610810000","235/55R17 UNIROYAL RAINSPORT 5 99V (CAR SUMMER)","https://dcjqgkl774ppl.cloudfront.net/70/model/m_5279_rs5.jpg","80.79","235","55","17","V","99","","false","C","A","71","2","C1","17.0","UNIROYAL","MID RANGE PREMIUM","RAINSPORT 5"
"2054018ZMI540662","3528705406622","540662","205/40R18 MICHELIN PILOT SPORT 5 86Y XL (CAR SUMMER)","https://dcjqgkl774ppl.cloudfront.net/tyrecat/michelin/pilotsport5_pilot5.png","121.73","205","40","18","Y","86","XL","false","C","A","072","2","C1","5.0","MICHELIN","PREMIUM","PILOT SPORT 5"
"1955015VUN03610130000","4024068002345","03610130000","195/50R15 UNIROYAL RAINSPORT 5 82V (CAR SUMMER)","https://dcjqgkl774ppl.cloudfront.net/70/model/m_5279_rs5.jpg","44.04","195","50","15","V","82","","false","C","A","71","2","C1","30.0","UNIROYAL","MID RANGE PREMIUM","RAINSPORT 5"
"2254019ZMI087905","3528700879056","087905","225/40R19 MICHELIN PILOT SPORT 5 93Y XL (CAR SUMMER)","https://dcjqgkl774ppl.cloudfront.net/tyrecat/michelin/pilotsport5_pilot5.png","136.91","225","40","19","Y","93","XL","false","C","A","072","2","C1","1.0","MICHELIN","PREMIUM","PILOT SPORT 5"
"2453521ZRADSC0041","8886459506896","DSC0041","245/35R21 RADAR DIMAX R8+ 96Y XL (CAR SUMMER)","https://dcjqgkl774ppl.cloudfront.net/tyrecat/dimax-r8-plus.jpg","63.19","245","35","21","Y","96","XL","false","C","B","72","2","C1","23.0","RADAR","BUDGET","DIMAX R8+"
"2754522ZCO0359486000","4019238065053","03594860000","275/45R22 CONTINENTAL CROSSCONTACT RX 115W XL LR (4X4 / SUV SUMMER)","https://dcjqgkl774ppl.cloudfront.net/tyrecat/continental/crosscontactrx_crosscontact_rx.png","212.84","275","45","22","W","115","XL","false","A","C","73","2","C1","2.0","CONTINENTAL","PREMIUM","CROSSCONTACT RX"
"2255018ZRADSC0064","8886459506797","DSC0064","225/50R18 RADAR DIMAX R8+ 99Y XL (CAR SUMMER)","https://dcjqgkl774ppl.cloudfront.net/tyrecat/dimax-r8-plus.jpg","54.01","225","50","18","Y","99","XL","false","C","B","72","2","C1","30.0","RADAR","BUDGET","DIMAX R8+"
"2055516HUN03610310000","4024068002352","03610310000","205/55R16 UNIROYAL RAINSPORT 5 91H (CAR SUMMER)","https://dcjqgkl774ppl.cloudfront.net/70/model/m_5279_rs5.jpg","45.93","205","55","16","H","91","","false","C","A","71","2","C1","2.0","UNIROYAL","MID RANGE PREMIUM","RAINSPORT 5"
"2454518ZHA1024579","8808563457772","1024579","245/45R18 HANKOOK VENTUS S1 EVO3 K127B 100Y XL OE * (CAR SUMMER)","https://dcjqgkl774ppl.cloudfront.net/tyrecat/k127.png","102.97","245","45","18","Y","100","XL","false","B","B","69","1","C1","1.0","HANKOOK","MID RANGE 2","VENTUS S1 EVO3 K127B"
"2254517ZBLBA2236","6973307192522","","225/45R17 BLACKARROW P16 94W XL (CAR SUMMER)","https://dcjqgkl774ppl.cloudfront.net/70/model/m_7890_p16.jpg","29.53","225","45","17","W","94","XL","false","C","C","71","2","C1","30.0","BLACKARROW","BUDGET WHOLESALE","P16"
"1955515VUN03610160000","4024068002178","03610160000","195/55R15 UNIROYAL RAINSPORT 5 85V (CAR SUMMER)","https://dcjqgkl774ppl.cloudfront.net/70/model/m_5279_rs5.jpg","61.07","195","55","15","V","85","","false","C","A","71","2","C1","5.0","UNIROYAL","MID RANGE PREMIUM","RAINSPORT 5"
"2255017ZBLBA2235","6973307192515","BA2235","225/50R17 BLACKARROW P16 98W XL (CAR SUMMER)","https://dcjqgkl774ppl.cloudfront.net/tyrecat/blackarrow/p16_p16.png","34.17","225","50","17","W","98","XL","false","C","C","71","2","C1","30.0","BLACKARROW","BUDGET WHOLESALE","P16"
"2355018ZMI176368","3528701763682","176368","235/50R18 MICHELIN CROSSCLIMATE 2 101Y XL (CAR ALL SEASON)","https://dcjqgkl774ppl.cloudfront.net/tyrecat/michelin/crossclimate2_crossclimate_2.png","120.95","235","50","18","Y","101","XL","false","B","B","71","2","C1","8.0","MICHELIN","PREMIUM","CROSSCLIMATE 2"
"1955016VUN03610140000","4024068002857","03610140000","195/50R16 UNIROYAL RAINSPORT 5 88V XL (CAR SUMMER)","https://dcjqgkl774ppl.cloudfront.net/70/model/m_5279_rs5.jpg","73.54","195","50","16","V","88","XL","false","C","A","72","2","C1","1.0","UNIROYAL","MID RANGE PREMIUM","RAINSPORT 5"
"2254517ZAPAL22545017YA4PA02","8714692806025","AL22545017YA4PA02","225/45R17 APOLLO ASPIRE 4G+ 94Y XL (CAR SUMMER)","","32.59","225","45","17","Y","94","XL","false","D","C","72","2","C1","30.0","APOLLO","BUDGET WHOLESALE","ASPIRE 4G+"
"2254018ZMI363889","3528703638896","363889","225/40R18 MICHELIN CROSSCLIMATE 2 92Y XL (CAR ALL SEASON)","https://dcjqgkl774ppl.cloudfront.net/tyrecat/michelin/crossclimate2_crossclimate_2.png","83.83","225","40","18","Y","92","XL","false","C","B","71","2","C1","30.0","MICHELIN","PREMIUM","CROSSCLIMATE 2"
"2255017ZMI978908","3528709789080","978908","225/50R17 MICHELIN CROSSCLIMATE 2 98Y XL (CAR ALL SEASON)","https://dcjqgkl774ppl.cloudfront.net/tyrecat/michelin/crossclimate2_crossclimate_2.png","116.68","225","50","17","Y","98","XL","false","B","B","71","2","C1","3.0","MICHELIN","PREMIUM","CROSSCLIMATE 2"
"2454520ZHA1025849","8808563472959","1025849","245/45R20 HANKOOK VENTUS S1 EVO3 SUV K127A 103Y XL REP (4X4 / SUV SUMMER)","https://dcjqgkl774ppl.cloudfront.net/tyrecat/ventuss1evo3.png","118.27","245","45","20","Y","103","XL","false","C","A","72","2","C1","16.0","HANKOOK","MID RANGE 2","VENTUS S1 EVO3 SUV K127A"
"1656015HZMLANDGEMA","6938628282444","","165/60R15 ZMAX LANDGEMA 81H XL (CAR SUMMER)","","22.95","165","60","15","H","81","XL","false","C","C","67","2","C1","1.0","ZMAX","BUDGET WHOLESALE","LANDGEMA"
"1956018HCO0313208000","4019238079531","0313208","195/60R18 CONTINENTAL ECOCONTACT 6 96H XL R (CAR SUMMER)","https://dcjqgkl774ppl.cloudfront.net/tyrecat/ecocontact_6.png","92.68","195","60","18","H","96","XL","false","A","B","72","2","C1","1.0","CONTINENTAL","PREMIUM","ECOCONTACT 6"
"1955515VBLBA2229","6973307192447","BA2229","195/55R15 BLACKARROW P03 85V (CAR SUMMER)","https://dcjqgkl774ppl.cloudfront.net/70/model/m_7353_blackarrow_p03.jpg","24.99","195","55","15","V","85","","false","C","C","69","2","C1","30.0","BLACKARROW","BUDGET WHOLESALE","P03"
"2653020ZCO0311401000","4019238039160","03114010000","265/30R20 CONTINENTAL SPORTCONTACT 7 94Y XL (CAR SUMMER)","https://dcjqgkl774ppl.cloudfront.net/tyrecat/continental/sportcontact7_sportcontact7.jpg","181.16","265","30","20","Y","94","XL","false","D","A","73","2","C1","1.0","CONTINENTAL","PREMIUM","SPORTCONTACT 7"
"2554020ZMI902372","3528709023726","902372","255/40R20 MICHELIN PILOT SPORT EV 101W XL A T0 (CAR SUMMER)","","177.95","255","40","20","W","101","XL","false","B","A","71","2","C1","3.0","MICHELIN","PREMIUM","PILOT SPORT EV"
"2256516TZE03.041.01","6921109015167","03.041.01","225/65R16 ZETA ZTR18 112/110T 8PR (VAN SUMMER)","https://dcjqgkl774ppl.cloudfront.net/70/images/ze-ztr18.jpg","55.03","225","65","16","T","112/110","","false","D","C","72","2","C2","30.0","ZETA","House Brand","ZTR18"
"2056516TTO3861700","4981910546085","3861700","205/65R16 TOYO CELSIUS CARGO 107T (VAN ALL SEASON)","https://dcjqgkl774ppl.cloudfront.net/tyrecat/toyo/cscv_cscv.jpg","68.29","205","65","16","T","107","","false","D","C","72","2","C2","3.0","TOYO","MID RANGE PREMIUM","CELSIUS CARGO"
"1856015HMI595556","3528705955564","595556","185/60R15 MICHELIN CROSSCLIMATE 2 84H (CAR ALL SEASON)","https://dcjqgkl774ppl.cloudfront.net/tyrecat/michelin/crossclimate2_crossclimate_2.png","74.88","185","60","15","H","84","","false","C","B","69","2","C1","4.0","MICHELIN","PREMIUM","CROSSCLIMATE 2"
"2653519ZAC8997020613193","8997020613193","8997020613193","265/35R19 ACCELERA PHI 98Y XL (CAR SUMMER)","https://dcjqgkl774ppl.cloudfront.net/70/MODEL/accphi.jpg","59.11","265","35","19","Y","98","XL","false","D","C","72","2","C1","1.0","ACCELERA","BUDGET","PHI"
"2358516QPAPANCCN0302","8886459598921","PANCCN0302","235/85R16 PATRIOT RENEGADE RT+ 120/116Q (4X4 / SUV SUMMER)","https://dcjqgkl774ppl.cloudfront.net/70/model/m_6537_patriot_rt.png","91.75","235","85","16","Q","120/116","","false","NA","NA","NA","NA","C2","2.0","PATRIOT","","RENEGADE RT+"
"2753519ZCO0311385000","4019238040616","03113850000","275/35R19 CONTINENTAL SPORTCONTACT 7 100Y XL (CAR SUMMER)","https://dcjqgkl774ppl.cloudfront.net/tyrecat/continental/sportcontact7_sportcontact7.jpg","160.34","275","35","19","Y","100","XL","false","D","A","73","2","C1","4.0","CONTINENTAL","PREMIUM","SPORTCONTACT 7"
"2755520QPAPANCCN0162","8886459561017","PANCCN0162","275/55R20 PATRIOT R/T+ 120/117Q (4X4 / SUV SUMMER)","https://dcjqgkl774ppl.cloudfront.net/70/model/m_6168_patriot_rt.png","118.27","275","55","20","Q","120/117","","false","NA","NA","NA","NA","C2","30.0","PATRIOT","","R/T+"
"2754020ZCO0311380000","4019238039207","03113800000","275/40R20 CONTINENTAL SPORTCONTACT 7 106Y XL (CAR SUMMER)","https://dcjqgkl774ppl.cloudfront.net/tyrecat/continental/sportcontact7_sportcontact7.jpg","142.23","275","40","20","Y","106","XL","false","C","A","73","2","C1","12.0","CONTINENTAL","PREMIUM","SPORTCONTACT 7"
"2356018VGO541651","5452000676016","541651","235/60R18 GOODYEAR EAGLE F1 (ASYMMETRIC) 3 SUV 107V XL J LR (4X4 / SUV SUMMER)","http://images.tyresoft.biz/tyrecat/eaglef1asym3.png","104.32","235","60","18","V","107","XL","false","A","B","68","1","C1","1.0","GOODYEAR","PREMIUM","EAGLE F1 (ASYMMETRIC) 3 SUV"
"2953521ZACST68","8997020616767","1200045259","295/35R21 ACCELERA IOTA ST-68 107Y XL (4X4 / SUV SUMMER)","https://dcjqgkl774ppl.cloudfront.net/70/MODEL/iotast-68.jpg","68.29","295","35","21","Y","107","XL","false","C","C","68","1","C1","2.0","ACCELERA","BUDGET","IOTA ST-68"
"2155518VBLBA2315","6973307193420","BA2315","215/55R18 BLACKARROW P16 95V (4X4 / SUV SUMMER)","","36.67","215","55","18","V","95","","false","C","C","B","71","C1","30.0","BLACKARROW","BUDGET WHOLESALE","P16"
"1955520HTO4069300","4981910541561","4069300","195/55R20 TOYO PROXES COMFORT 95H XL (CAR SUMMER)","https://dcjqgkl774ppl.cloudfront.net/tyrecat/toyo/proxescomfort_proxes-comfort.png","63.84","195","55","20","H","95","XL","false","C","A","70","2","C1","9.0","TOYO","MID RANGE PREMIUM","PROXES COMFORT"
"1955515HTO4069100","4981910541653","4069100","195/55R15 TOYO PROXES COMFORT 89H XL (CAR SUMMER)","https://dcjqgkl774ppl.cloudfront.net/tyrecat/toyo/proxescomfort_proxes-comfort.png","45.66","195","55","15","H","89","XL","false","C","A","70","2","C1","19.0","TOYO","MID RANGE PREMIUM","PROXES COMFORT"
"2554520ZHA1025850","8808563472966","1025850","255/45R20 HANKOOK VENTUS S1 EVO3 SUV K127A 105Y XL REP (4X4 / SUV SUMMER)","https://dcjqgkl774ppl.cloudfront.net/tyrecat/ventuss1evo3.png","138.69","255","45","20","Y","105","XL","false","C","A","73","2","C1","1.0","HANKOOK","MID RANGE 2","VENTUS S1 EVO3 SUV K127A"
"2055517ZBLBA2299","6973307193956","BA2299","205/55R17 BLACKARROW P16 95W XL (CAR SUMMER)","","34.63","205","55","17","W","95","XL","false","C","C","B","71","C1","30.0","BLACKARROW","BUDGET WHOLESALE","P16"
"2254018ZAPAL22540018YA4PA02","8714692806001","","225/40R18 APOLLO ASPIRE 4G+ 92Y XL (CAR SUMMER)","","34.81","225","40","18","Y","92","XL","false","D","C","72","2","C1","1.0","APOLLO","BUDGET WHOLESALE","ASPIRE 4G+"
"2156516VTO4070800","4981910541950","4070800","215/65R16 TOYO PROXES COMFORT 102V XL (CAR SUMMER)","https://dcjqgkl774ppl.cloudfront.net/tyrecat/toyo/proxescomfort_proxes-comfort.png","58.01","215","65","16","V","102","XL","false","C","A","70","2","C1","8.0","TOYO","MID RANGE PREMIUM","PROXES COMFORT"
"2254517ZMI460670","3528704606702","460670","225/45R17 MICHELIN CROSSCLIMATE 2 91Y (CAR ALL SEASON)","https://dcjqgkl774ppl.cloudfront.net/tyrecat/michelin/crossclimate2_crossclimate_2.png","80.31","225","45","17","Y","91","","false","C","B","71","2","C1","30.0","MICHELIN","PREMIUM","CROSSCLIMATE 2"
"2255018ZTO4068800","4981910541547","4068800","225/50R18 TOYO PROXES COMFORT 95W (CAR SUMMER)","https://dcjqgkl774ppl.cloudfront.net/tyrecat/toyo/proxescomfort_proxes-comfort.png","72.63","225","50","18","W","95","","false","D","A","70","2","C1","1.0","TOYO","MID RANGE PREMIUM","PROXES COMFORT"
"2554021TPI3769500","8019227376951","3769500","255/40R21 PIRELLI SCORPION 102T XL (AO)(+) Seal Inside (4X4 / SUV SUMMER)","","133.57","255","40","21","T","102","XL","false","A","B","69","1","C1","2.0","PIRELLI","PREMIUM","SCORPION"
"2155017ZRADSC0585","8886459530525","DSC0585","215/50R17 RADAR DIMAX R8 95Y XL (CAR SUMMER)","https://dcjqgkl774ppl.cloudfront.net/70/MODEL/dimaxr8_(45).jpg","41.77","215","50","17","Y","95","XL","false","C","B","72","2","C1","30.0","RADAR","BUDGET","DIMAX R8"
"2653518ZAC8997020611991","8997020611991","1200012072","265/35R18 ACCELERA PHI 97Y XL (CAR SUMMER)","https://dcjqgkl774ppl.cloudfront.net/70/MODEL/accphi.jpg","49.93","265","35","18","Y","97","XL","false","D","C","72","2","C1","24.0","ACCELERA","BUDGET","PHI"
"2055516VMI170766","3528701707662","170766","205/55R16 MICHELIN CROSSCLIMATE 2 94V XL (CAR ALL SEASON)","https://dcjqgkl774ppl.cloudfront.net/tyrecat/michelin/crossclimate2_crossclimate_2.png","77.59","205","55","16","V","94","XL","false","B","B","69","1","C1","30.0","MICHELIN","PREMIUM","CROSSCLIMATE 2"
"2454017ZRADSC0589","8886459530563","DSC0589","245/40R17 RADAR DIMAX R8 95Y XL (CAR SUMMER)","https://dcjqgkl774ppl.cloudfront.net/70/MODEL/dimaxr8_(45).jpg","41.31","245","40","17","Y","95","XL","false","D","B","72","2","C1","30.0","RADAR","BUDGET","DIMAX R8"
"2255518ZVRAP22555018YULAAB2","8714692507007","","225/55R18 VREDESTEIN ULTRAC * 102Y XL (4X4 / SUV SUMMER)","https://dcjqgkl774ppl.cloudfront.net/tyrecat/vredestein/ultrac_ultrac.png","68.71","225","55","18","Y","102","XL","false","A","B","69","2","C1","3.0","VREDESTEIN","MID RANGE 2","ULTRAC"
"2055516VBLBA2219","6973307192201","","205/55R16 BLACKARROW P15 91V (CAR SUMMER)","https://dcjqgkl774ppl.cloudfront.net/70/model/m_7184_blackarrow_p15.jpg","23.97","205","55","16","V","91","","false","B","B","71","2","C1","30.0","BLACKARROW","BUDGET WHOLESALE","P15"
"2255517ZHA1024577","8808563457765","1024577","225/55R17 HANKOOK VENTUS S1 EVO3 K127 101Y XL * (CAR SUMMER)","https://dcjqgkl774ppl.cloudfront.net/tyrecat/k127.png","75.69","225","55","17","Y","101","XL","false","A","B","67","1","C1","20.0","HANKOOK","MID RANGE 2","VENTUS S1 EVO3 K127"
"2454019ZBR9377","3286340937719","09377","245/40R19 BRIDGESTONE TURANZA T005 B-SEAL 94W (CAR SUMMER)","http://images.tyresoft.biz/70/MODEL/turanzat005.jpg","141.47","245","40","19","W","94","","false","C","A","71","2","C1","1.0","BRIDGESTONE","PREMIUM","TURANZA T005"
"2056016HMI750163","3528707501639","750163","205/60R16 MICHELIN CROSSCLIMATE 2 92H (CAR ALL SEASON)","https://dcjqgkl774ppl.cloudfront.net/tyrecat/michelin/crossclimate2_crossclimate_2.png","105.4","205","60","16","H","92","","false","C","B","69","1","C1","2.0","MICHELIN","PREMIUM","CROSSCLIMATE 2"
"2554520ZRARASYCN0782","8886459594510","RASYCN0782","255/45R20 RADAR DIMAX R8+ 105Y XL (4X4 / SUV SUMMER)","http://omni-united.com/wp-content/uploads/2016/06/dimax-r8-plus.jpg","65.23","255","45","20","Y","105","XL","false","C","A","73","2","C1","17.0","RADAR","BUDGET","DIMAX R8+"
"2454518ZRADSC0591","8886459530587","DSC0591","245/45R18 RADAR DIMAX R8 100Y XL (CAR SUMMER)","https://dcjqgkl774ppl.cloudfront.net/70/MODEL/dimaxr8_(45).jpg","48.91","245","45","18","Y","100","XL","false","C","A","72","2","C1","30.0","RADAR","BUDGET","DIMAX R8"
"2457016QPAPANCCN0304","8886459598945","PANCCN0304","245/70R16 PATRIOT RENEGADE RT+ 118/115Q (4X4 / SUV SUMMER)","https://dcjqgkl774ppl.cloudfront.net/70/model/m_6537_patriot_rt.png","89.71","245","70","16","Q","118/115","","false","NA","NA","NA","NA","C2","26.0","PATRIOT","","R/T+"
"2055516VMI252295","3528702522950","252295","205/55R16 MICHELIN CROSSCLIMATE 2 91V (CAR ALL SEASON)","https://dcjqgkl774ppl.cloudfront.net/tyrecat/michelin/crossclimate2_crossclimate_2.png","70.0","205","55","16","V","91","","false","C","B","69","1","C1","30.0","MICHELIN","PREMIUM","CROSSCLIMATE 2"
"2456517QPAPANCCN0305","8886459598952","PANCCN0305","245/65R17 PATRIOT RENEGADE RT+ 111/108Q (4X4 / SUV SUMMER)","https://dcjqgkl774ppl.cloudfront.net/70/model/m_6537_patriot_rt.png","92.77","245","65","17","Q","111/108","","false","NA","NA","NA","NA","C2","2.0","PATRIOT","","R/T+"
"2253519ZAC8997020611410","8997020611410","1200000088","225/35R19 ACCELERA PHI 88Y XL (CAR SUMMER)","https://dcjqgkl774ppl.cloudfront.net/70/MODEL/accphi.jpg","41.77","225","35","19","Y","88","XL","false","D","C","72","2","C1","4.0","ACCELERA","BUDGET","PHI"
"1657014TAVS700098","0029142905097","589664","165/70R14 AVON ZT7 85T XL (CAR SUMMER)","https://dcjqgkl774ppl.cloudfront.net/70/model/m_4905_avonzt7200x300engineeredintheukflag.png","33.15","165","70","14","T","85","XL","false","C","B","69","2","C1","17.0","AVON","MID RANGE 2","ZT7"
"1756514TMI771116","3528707711168","771116","175/65R14 MICHELIN ENERGY SAVER+ 82T (CAR SUMMER)","https://dcjqgkl774ppl.cloudfront.net/70/MODEL/mi-ensaver.jpg","60.01","175","65","14","T","82","","false","C","B","68","2","C1","4.0","MICHELIN","PREMIUM","ENERGY SAVER+"
"2454020ZTRXPRIV","6958460913245","TX3R2003","245/40R20 TRACMAX X-PRIVILO TX3 99Y XL (CAR SUMMER)","https://dcjqgkl774ppl.cloudfront.net/tyrecat/x-privilotx3.png","48.91","245","40","20","Y","99","XL","false","C","B","69","1","C1","14.0","TRACMAX","BUDGET","X-PRIVILO TX3"
"1955516HMI667435","3528706674358","667435","195/55R16 MICHELIN CROSSCLIMATE 2 87H (CAR ALL SEASON)","https://dcjqgkl774ppl.cloudfront.net/tyrecat/michelin/crossclimate2_crossclimate_2.png","86.89","195","55","16","H","87","","false","C","B","69","1","C1","3.0","MICHELIN","PREMIUM","CROSSCLIMATE 2"
"1856515TCO0311656000","4019238061307","03116560000","185/65R15 CONTINENTAL ECOCONTACT 6 92T XL (CAR SUMMER)","https://dcjqgkl774ppl.cloudfront.net/tyrecat/ecocontact_6.png","61.04","185","65","15","T","92","XL","false","B","A","71","2","C1","2.0","CONTINENTAL","PREMIUM","ECOCONTACT 6"
"2753519ZAC8997020613087","8994234021592","1200053801","275/35R19 ACCELERA PHI-2 100Y XL (CAR SUMMER)","https://dcjqgkl774ppl.cloudfront.net/70/MODEL/accelera_phi_2.jpg","54.01","275","35","19","Y","100","XL","false","C","C","72","2","C1","1.0","ACCELERA","BUDGET","PHI 2"
"2754020ZPI2618000","8019227261806","2618000","275/40R20 PIRELLI P-ZERO 106W XL RUNFLAT (*) (4X4 / SUV SUMMER)","https://dcjqgkl774ppl.cloudfront.net/tyrecat/pzero.png","162.05","275","40","20","W","106","XL","true","C","B","73","2","C1","10.0","PIRELLI","PREMIUM","P-ZERO"
"3153520ZPI2645200","8019227264524","2645200","315/35R20 PIRELLI P-ZERO 110W XL RUNFLAT (*) (4X4 / SUV SUMMER)","https://dcjqgkl774ppl.cloudfront.net/tyrecat/pzero.png","202.43","315","35","20","W","110","XL","true","C","B","75","2","C1","3.0","PIRELLI","PREMIUM","P-ZERO"
"2355517ZMI722897","3528707228970","722897","235/55R17 MICHELIN CROSSCLIMATE 2 103Y XL (CAR ALL SEASON)","https://dcjqgkl774ppl.cloudfront.net/tyrecat/michelin/crossclimate2_crossclimate_2.png","114.32","235","55","17","Y","103","XL","false","B","B","71","2","C1","3.0","MICHELIN","PREMIUM","CROSSCLIMATE 2"
"1756514TAVS700019","0029142905004","589816","175/65R14 AVON ZT7 82T (CAR SUMMER)","https://dcjqgkl774ppl.cloudfront.net/70/model/m_4905_avonzt7200x300engineeredintheukflag.png","28.51","175","65","14","T","82","","false","D","B","69","2","C1","2.0","AVON","MID RANGE 2","ZT7"
"1856515VGO539109","5452000583871","539109","185/65R15 GOODYEAR VECTOR 4SEASONS GEN-2 88V (CAR ALL SEASON)","https://dcjqgkl774ppl.cloudfront.net/70/MODEL/vector4seasonsgen-2.jpg","51.97","185","65","15","V","88","","false","C","B","69","2","C1","26.0","GOODYEAR","PREMIUM","VECTOR 4SEASONS GEN-2"
"2656517HHI200H6022","6953913102924","","265/65R17 HIFLY VIGOROUS HT601 112H (4X4 / SUV SUMMER)","https://dcjqgkl774ppl.cloudfront.net/tyrecat/ht601.jpeg","53.53","265","65","17","H","112","","false","D","C","72","2","","2.0","HIFLY","BUDGET WHOLESALE","VIGOROUS HT601"
"2753519ZGO532418","5452000488077","532418","275/35R19 GOODYEAR EAGLE F1 (ASYMMETRIC) 3 100Y XL RUNFLAT * RSC MOE (CAR SUMMER)","https://dcjqgkl774ppl.cloudfront.net/70/MODEL/eaglef1(asymmetric)3.jpg","187.24","275","35","19","Y","100","XL","true","C","B","71","2","C1","2.0","GOODYEAR","PREMIUM","EAGLE F1 (ASYMMETRIC) 3"
"2854519ZTRXPRIVTX3","6958460905974","TX3R1915","285/45R19 TRACMAX X-PRIVILO TX3 111Y XL (4X4 / SUV SUMMER)","https://dcjqgkl774ppl.cloudfront.net/tyrecat/x-privilotx3.png","56.05","285","45","19","Y","111","XL","false","C","B","72","2","C1","18.0","TRACMAX","BUDGET","X-PRIVILO TX3"
"1954516VHA1029219","8808563545295","1029219","195/45R16 HANKOOK VENTUS PRIME 4 (2 PLACES) K135 84V XL (CAR SUMMER)","https://dcjqgkl774ppl.cloudfront.net/tyrecat/hankook/ventusprime4(2places)k135_k135.png","56.55","195","45","16","V","84","XL","false","C","A","69","2","C1","7.0","HANKOOK","MID RANGE 2","VENTUS PRIME 4 (2 PLACES) K135"
"2155017ZMI826019","3528708260191","826019","215/50R17 MICHELIN CROSSCLIMATE 2 95W XL (CAR ALL SEASON)","https://dcjqgkl774ppl.cloudfront.net/tyrecat/michelin/crossclimate2_crossclimate_2.png","112.52","215","50","17","W","95","XL","false","B","B","71","2","C1","13.0","MICHELIN","PREMIUM","CROSSCLIMATE 2"
"2454019ZGO532421","5452000488107","532421","245/40R19 GOODYEAR EAGLE F1 (ASYMMETRIC) 3 98Y XL RUNFLAT * RSC MOE (CAR SUMMER)","https://dcjqgkl774ppl.cloudfront.net/70/MODEL/eaglef1(asymmetric)3.jpg","145.85","245","40","19","Y","98","XL","true","C","B","68","1","C1","1.0","GOODYEAR","PREMIUM","EAGLE F1 (ASYMMETRIC) 3"
"2254018ZHA1030336","8808563558547","1030336","225/40R18 HANKOOK KINERGY 4S 2 H750 92Y XL (CAR ALL SEASON)","https://dcjqgkl774ppl.cloudfront.net/tyrecat/h750.png","58.09","225","40","18","Y","92","XL","false","C","B","71","2","C1","1.0","HANKOOK","MID RANGE 2","KINERGY 4S 2 H750"
"1956016HTRXPRIVTX1","6958460901648","TX1R1622","195/60R16 TRACMAX X-PRIVILO TX1 89H (CAR SUMMER)","https://dcjqgkl774ppl.cloudfront.net/70/MODEL/tracmaxx-privilotx1.jpg","28.05","195","60","16","H","89","","false","C","B","69","2","C1","9.0","TRACMAX","BUDGET","X-PRIVILO TX1"
"2055516VHA1027946","8808563529066","1027946","205/55R16 HANKOOK VENTUS PRIME 4 (2 PLACES) K135 91V (CAR SUMMER)","https://dcjqgkl774ppl.cloudfront.net/tyrecat/hankook/ventusprime4(2places)k135_k135.png","43.81","205","55","16","V","91","","false","C","A","69","2","C1","30.0","HANKOOK","MID RANGE 2","VENTUS PRIME 4 (2 PLACES) K135"
"1856015HAVS700198","0029142904052","589821","185/60R15 AVON ZT7 88H XL (CAR SUMMER)","https://dcjqgkl774ppl.cloudfront.net/70/model/m_4905_avonzt7200x300engineeredintheukflag.png","39.73","185","60","15","H","88","XL","false","C","B","69","2","C1","30.0","AVON","MID RANGE 2","ZT7"
"2754021ZZE03.220.02","6921109064974","03.220.02","275/40R21 ZETA IMPERO 107W XL RUNFLAT (4X4 / SUV SUMMER)","http://images.tyresoft.biz/70/MODEL/zeta-impero.jpg","102.97","275","40","21","W","107","XL","true","D","B","72","2","","3.0","ZETA","House Brand","IMPERO"
"2453518ZMI853290","3528708532908","853290","245/35R18 MICHELIN PILOT SPORT 5 92Y XL (CAR SUMMER)","https://dcjqgkl774ppl.cloudfront.net/tyrecat/michelin/pilotsport5_pilot5.png","116.41","245","35","18","Y","92","XL","false","C","A","072","2","C1","2.0","MICHELIN","PREMIUM","PILOT SPORT 5"
"2355019VMI512452","3528705124526","512452","235/50R19 MICHELIN CROSSCLIMATE 2 SUV 103V XL (4X4 / SUV ALL SEASON)","","131.19","235","50","19","V","103","XL","false","C","B","071","2","C1","1.0","MICHELIN","PREMIUM","CROSSCLIMATE 2 SUV"
"2554018ZGO544756","5452000724014","544756","255/40R18 GOODYEAR EAGLE F1 (ASYMMETRIC) 3 99Y XL RUNFLAT *RSC (CAR SUMMER)","https://dcjqgkl774ppl.cloudfront.net/70/MODEL/eaglef1(asymmetric)3.jpg","142.75","255","40","18","Y","99","XL","true","B","B","67","1","C1","7.0","GOODYEAR","PREMIUM","EAGLE F1 (ASYMMETRIC) 3"
"2354517ZAVS460399","0029142846437","589716","235/45R17 AVON ZV7 97W XL (CAR SUMMER)","https://dcjqgkl774ppl.cloudfront.net/70/model/m_3024_avonzv7200x300engineeredintheukflag.png","56.05","235","45","17","W","97","","false","C","A","70","2","C1","2.0","AVON","MID RANGE 2","ZV7"
"3054020ZZE03.228.01","6921109064813","03.228.01","305/40R20 ZETA IMPERO 112W XL (4X4 / SUV SUMMER)","http://images.tyresoft.biz/70/MODEL/zeta-impero.jpg","82.57","305","40","20","W","112","XL","false","B","B","75","2","","6.0","ZETA","House Brand","IMPERO"
"2254019ZGO544757","5452000724021","544757","225/40R19 GOODYEAR EAGLE F1 (ASYMMETRIC) 3 93Y XL RUNFLAT *RSC (CAR SUMMER)","https://dcjqgkl774ppl.cloudfront.net/70/MODEL/eaglef1(asymmetric)3.jpg","138.67","225","40","19","Y","93","XL","true","B","C","67","1","C1","20.0","GOODYEAR","PREMIUM","EAGLE F1 (ASYMMETRIC) 3"
"2155516ZMI209498","3528702094983","209498","215/55R16 MICHELIN CROSSCLIMATE 2 97W XL (CAR ALL SEASON)","https://dcjqgkl774ppl.cloudfront.net/tyrecat/michelin/crossclimate2_crossclimate_2.png","109.87","215","55","16","W","97","XL","false","B","B","71","2","C1","1.0","MICHELIN","PREMIUM","CROSSCLIMATE 2"
"2553519ZGO544754","5452000723994","544754","255/35R19 GOODYEAR EAGLE F1 (ASYMMETRIC) 3 96Y XL RUNFLAT *RSC (CAR SUMMER)","https://dcjqgkl774ppl.cloudfront.net/70/MODEL/eaglef1(asymmetric)3.jpg","136.63","255","35","19","Y","96","XL","true","B","B","67","1","C1","22.0","GOODYEAR","PREMIUM","EAGLE F1 (ASYMMETRIC) 3"
"3253021ZDU533443","5452000542618","533443","325/30R21 DUNLOP SP SPORT MAXX 108Y XL (4X4 / SUV SUMMER)","http://www.etyre.net/preview/t3/du-sportmaxx.jpg","195.31","325","30","21","Y","108","XL","false","D","A","72","1","C1","1.0","DUNLOP","PREMIUM","SP SPORT MAXX"
"3054020ZZE03.228.02","6921109064950","03.228.02","305/40R20 ZETA IMPERO 112W XL RUNFLAT (4X4 / SUV SUMMER)","http://images.tyresoft.biz/70/MODEL/zeta-impero.jpg","123.37","305","40","20","W","112","XL","true","D","B","75","2","","4.0","ZETA","House Brand","IMPERO"
"1957014NRARGD0061","8886459509835","RGD0061","195/70R14 RADAR ARGONITE (RV-4T) 104/102N (VAN SUMMER)","https://dcjqgkl774ppl.cloudfront.net/70/model/m_5253_argonite_rv4t_(45)_s-19.jpg","37.23","195","70","14","N","104/102","","false","C","B","72","2","C2","30.0","RADAR","BUDGET","ARGONITE RV-4T"
"2256018ZBR18968","3286341896817","18968","225/60R18 BRIDGESTONE ALENZA 001 104W XL * (4X4 / SUV SUMMER)","http://images.tyresoft.biz/70/MODEL/alenza001.jpg","92.77","225","60","18","W","104","XL","false","A","B","070","2","C1","7.0","BRIDGESTONE","PREMIUM","ALENZA 001"
"2255017ZAC8997020613711","8997020613711","1200031854","225/50R17 ACCELERA PHI R 98W XL (CAR SUMMER)","https://dcjqgkl774ppl.cloudfront.net/70/images/acc phir.jpg","37.23","225","50","17","W","98","XL","false","D","C","72","2","C1","30.0","ACCELERA","BUDGET","PHI R"
"2753019ZAC8997020613162","8997020613162","1200026924","275/30R19 ACCELERA PHI-2 96Y XL (CAR SUMMER)","https://dcjqgkl774ppl.cloudfront.net/70/MODEL/accelera_phi_2.jpg","52.99","275","30","19","Y","96","XL","false","D","C","72","2","C1","21.0","ACCELERA","BUDGET","PHI-2"
"2355019VDU544986","5452000725783","544986","235/50R19 DUNLOP SPORT MAXX RT2 SUV 99V SL (4X4 / SUV SUMMER)","http://images.tyresoft.biz/tyrecat/sport-maxx-rt2-suv.png","87.67","235","50","19","V","99","SL","false","C","A","69","2","C1","1.0","DUNLOP","PREMIUM","SPORT MAXX RT2 SUV"
"2156515TRARGD0031","8886459520618","RGD0031","215/65R15 RADAR ARGONITE (RV-4) 104/102T (VAN SUMMER)","https://dcjqgkl774ppl.cloudfront.net/tyrecat/radar/argoniterv-4_argoniterv-4(45).jpg","48.91","215","65","15","T","104/102","","false","C","B","72","2","C2","30.0","RADAR","BUDGET","ARGONITE RV-4"
"2254018ZHA1028043","8808563530253","1028043","225/40R18 HANKOOK VENTUS S1 EVO3 K127B 92Y XL RUNFLAT (CAR SUMMER)","https://dcjqgkl774ppl.cloudfront.net/tyrecat/k127.png","70.54","225","40","18","Y","92","XL","true","C","A","72","2","C1","1.0","HANKOOK","MID RANGE 2","VENTUS S1 EVO3 K127B"
"2056516TRARGD0036","8886459520663","RGD0036","205/65R16 RADAR ARGONITE (RV-4) 107/105T (VAN SUMMER)","https://dcjqgkl774ppl.cloudfront.net/tyrecat/radar/argoniterv-4_argoniterv-4(45).jpg","45.85","205","65","16","T","107/105","","false","C","B","72","2","C2","9.0","RADAR","BUDGET","ARGONITE RV-4"
"2155017ZHA1029204","8808563545141","1029204","215/50R17 HANKOOK VENTUS PRIME 4 (2 PLACES) K135 95W XL (CAR SUMMER)","https://dcjqgkl774ppl.cloudfront.net/tyrecat/hankook/ventusprime4(2places)k135_k135.png","69.61","215","50","17","W","95","XL","false","B","A","69","1","C1","15.0","HANKOOK","MID RANGE 2","VENTUS PRIME 4 (2 PLACES) K135"
"2254517ZAC8997020613186","8997020613186","1200026931","225/45R17 ACCELERA PHI 94W XL (CAR SUMMER)","https://dcjqgkl774ppl.cloudfront.net/70/MODEL/accphi.jpg","33.15","225","45","17","W","94","XL","false","D","C","72","2","C1","1.0","ACCELERA","BUDGET","PHI"
"2753521ZYOR8841","4548515300414","R8841","275/35R21 YOKOHAMA V108 103W SILENT FOAM XL (CAR SUMMER)","https://dcjqgkl774ppl.cloudfront.net/70/model/m_8038_advan_sport_ev_v108_angled.jpg","102.57","275","35","21","W","103","XL","false","B","A","71","2","C1","1.0","YOKOHAMA","MID RANGE 2","V108"
"2455020ZAC8997020613759","8997020613759","1200033290","245/50R20 ACCELERA IOTA ST-68 102Y XL (4X4 / SUV SUMMER)","https://dcjqgkl774ppl.cloudfront.net/70/MODEL/iotast-68.jpg","59.11","245","50","20","Y","102","XL","false","D","C","68","1","C1","3.0","ACCELERA","BUDGET","IOTA ST-68"
"2154517ZHA1029200","8808563545103","1029200","215/45R17 HANKOOK VENTUS PRIME 4 (2 PLACES) K135 91Y XL (CAR SUMMER)","https://dcjqgkl774ppl.cloudfront.net/tyrecat/hankook/ventusprime4(2places)k135_k135.png","60.5","215","45","17","Y","91","XL","false","C","A","69","1","C1","6.0","HANKOOK","MID RANGE 2","VENTUS PRIME 4 (2 PLACES) K135"
"2553019ZRARASYCN0417","8886459588441","RASYCN0417","255/30R19 RADAR DIMAX R8 + 91Y XL RUNFLAT  (CAR SUMMER)","https://dcjqgkl774ppl.cloudfront.net/70/model/m_3666_dimaxr8+_45.jpg","82.57","255","30","19","Y","91","XL","true","D","B","73","2","C1","8.0","RADAR","BUDGET","DIMAX R8+"
"2653520ZRARASYCN0367","8886459587949","RASYCN0367","265/35R20 RADAR DIMAX R8 + 99Y XL (CAR/SUMMER)","https://dcjqgkl774ppl.cloudfront.net/70/model/m_3666_dimaxr8+_45.jpg","72.37","265","35","20","Y","99","XL","false","C","B","73","2","C1","29.0","RADAR","BUDGET","DIMAX R8+"
"2054017ZTR73423","6958460917342","TSR1701","205/40R17 TRACMAX TRAC SAVER 84W XL (CAR ALL SEASON)","https://dcjqgkl774ppl.cloudfront.net/70/model/m_5283_tracmaxtracsaver.jpg","41.77","205","40","17","W","84","XL","false","D","B","72","2","C1","7.0","TRACMAX","BUDGET","A/S TRAC SAVER"
"2055017ZMI525868","3528705258689","525868","205/50R17 MICHELIN PILOT SPORT 4 93Y XL (CAR SUMMER)","https://dcjqgkl774ppl.cloudfront.net/70/MODEL/michps4.png","103.81","205","50","17","Y","93","XL","false","C","A","71","2","C1","1.0","MICHELIN","PREMIUM","PILOT SPORT 4"
"2155018VTO2310949","4981910764779","2310949","215/50R18 TOYO PXR40A 92V (4X4 / SUV SUMMER)","https://dcjqgkl774ppl.cloudfront.net/tyrecat/pxr40a.png","79.51","215","50","18","V","92","","false","C","C","69","2","C1","20.0","TOYO","MID RANGE PREMIUM","PXR40A"
"2056016VLUDK569","6972985755340","","205/60R16 LUISTONE DK569 92V (CAR SUMMER)","","28.05","205","60","16","V","92","","false","D","D","70","2","C1","30.0","LUISTONE","BUDGET WHOLESALE","DK569"
"2356516TZE03.042.01","6921109015174","03.042.01","235/65R16 ZETA ZTR18 115/113T 8PR (VAN SUMMER)","https://dcjqgkl774ppl.cloudfront.net/70/images/ze-ztr18.jpg","55.03","235","65","16","T","115/113","","false","D","C","72","2","C2","30.0","ZETA","House Brand","ZTR18"
"2354517ZHA1029197","8808563545073","1029197","235/45R17 HANKOOK VENTUS PRIME 4 (2 PLACES) K135 97Y XL (CAR SUMMER)","https://dcjqgkl774ppl.cloudfront.net/tyrecat/hankook/ventusprime4(2places)k135_k135.png","61.17","235","45","17","Y","97","XL","false","C","A","69","1","C1","2.0","HANKOOK","MID RANGE 2","VENTUS PRIME 4 (2 PLACES) K135"
"2754022ZCO354926000","4019238780789","0354926","275/40R22 CONTINENTAL CROSSCONTACT LX SPORT 108Y XL (4X4 / SUV SUMMER)","http://www.etyre.net/preview/t3/co-crossconlx.jpg","210.61","275","40","22","Y","108","XL","false","C","C","73","2","C1","3.0","CONTINENTAL","PREMIUM","CROSSCONTACT LX SPORT"
"2055516VAVS820210","0029142968658","S820210","205/55R16 AVON AS7 ALL SEASON 91V (CAR ALL SEASON)","https://dcjqgkl774ppl.cloudfront.net/70/model/m_6089_220th_sm_oj2y90zig7u9.png","50.91","205","55","16","V","91","","false","D","B","71","2","C1","1.0","AVON","MID RANGE 2","AS7 ALL SEASON"
"2355518ZRARASYCN0375","8886459588021","RASYCN0375","235/55R18 RADAR DIMAX R8+ 104Y XL (4X4 / SUV SUMMER)","http://omni-united.com/wp-content/uploads/2016/06/dimax-r8-plus.jpg","56.05","235","55","18","Y","104","XL","false","C","B","72","2","C1","30.0","RADAR","BUDGET","DIMAX R8+"
"2555520ZGO527428","5452000642592","527428","255/55R20 GOODYEAR EAGLE F1 (ASYMMETRIC) SUV AT 110W XL (4X4 / SUV SUMMER)","http://ordering.vandenban.nl/profielen/goodyear_f1 asym suv xl.jpg","138.67","255","55","20","W","110","XL","false","B","C","71","2","C1","30.0","GOODYEAR","PREMIUM","EAGLE F1 (ASYMMETRIC) SUV AT"
"2355517VAVS820194","0029142963578","589497","235/55R17 AVON AS7 ALL SEASON 103V XL (CAR ALL SEASON)","https://dcjqgkl774ppl.cloudfront.net/70/model/m_6089_220th_sm_oj2y90zig7u9.png","72.37","235","55","17","V","103","XL","false","C","B","72","2","C1","8.0","AVON","MID RANGE 2","AS7 ALL SEASON"
"2753520ZRARASYCN0439","8886459588663","RASYCN0439","275/35R20 RADAR DIMAX R8+ 102Y XL (CAR SUMMER)","http://omni-united.com/wp-content/uploads/2016/06/dimax-r8-plus.jpg","64.21","275","35","20","Y","102","XL","false","C","B","73","2","C1","5.0","RADAR","BUDGET","DIMAX R8+"
"1856514HRARASYCN0804","8886459595227","RASYCN0804","185/65R14 RADAR RPX-800 86H (CAR SUMMER)","http://images.tyresoft.co.uk/70/MODEL/rpx800.png","27.03","185","65","14","H","86","","false","C","B","70","2","C1","30.0","RADAR","BUDGET","RPX-800"
"1955516HAVS820095","0029142963455","589488","195/55R16 AVON AS7 ALL SEASON 91H XL (CAR ALL SEASON)","https://dcjqgkl774ppl.cloudfront.net/70/model/m_6089_220th_sm_oj2y90zig7u9.png","62.17","195","55","16","H","91","XL","false","C","B","70","2","C1","30.0","AVON","MID RANGE 2","AS7 ALL SEASON"
"1954017VAC8997020613339","8997020613339","1200030579","195/40R17 ACCELERA PHI 81V XL (CAR SUMMER)","https://dcjqgkl774ppl.cloudfront.net/70/MODEL/accphi.jpg","31.57","195","40","17","V","81","XL","false","D","C","72","2","C1","30.0","ACCELERA","BUDGET","PHI"
"2554019ZAVS460593","0029142944232","589745","255/40R19 AVON ZV7 100Y XL (CAR SUMMER)","https://dcjqgkl774ppl.cloudfront.net/70/model/m_3024_avonzv7200x300engineeredintheukflag.png","87.67","255","40","19","Y","100","XL","false","C","A","71","2","C1","3.0","AVON","MID RANGE 2","ZV7"
"2754520HRARZD0122","8886459521233","RZD0122","275/45R20 RADAR RENEGADE A/T5 110H XL (4X4 / SUV SUMMER)","https://dcjqgkl774ppl.cloudfront.net/tyrecat/renegade-at5.jpg","87.67","275","45","20","H","110","XL","false","E","E","73","2","C1","30.0","RADAR","BUDGET","RENEGADE A/T AT-5"
"2554518ZAVS460592","0029142944225","589742","255/45R18 AVON ZV7 103Y XL (CAR SUMMER)","https://dcjqgkl774ppl.cloudfront.net/70/model/m_3024_avonzv7200x300engineeredintheukflag.png","88.69","255","45","18","Y","103","XL","false","D","A","71","2","C1","4.0","AVON","MID RANGE 2","ZV7"
"2155517ZVRAP21555017YULPA02","8714692995286","AP21555017YULPA02","215/55R17 VREDESTEIN ULTRAC+ 98Y (CAR SUMMER)","","66.22","215","55","17","Y","98","","false","B","A","69","2","C1","8.0","VREDESTEIN","MID RANGE 2","ULTRAC+"
"2453519ZAVS460594","0029142944249","589746","245/35R19 AVON ZV7 93Y XL (CAR SUMMER)","https://dcjqgkl774ppl.cloudfront.net/70/model/m_3024_avonzv7200x300engineeredintheukflag.png","82.57","245","35","19","Y","93","XL","false","D","A","70","2","C1","2.0","AVON","MID RANGE 2","ZV7"
"2255518VVRAP22555018VULPA00","8714692995415","AP22555018VULPA00","225/55R18 VREDESTEIN ULTRAC+ 98V (4X4 / SUV SUMMER)","","67.61","225","55","18","V","98","","false","B","A","69","2","C1","14.0","VREDESTEIN","MID RANGE 2","ULTRAC+"
"2155516VAVS820193","0029142963547","589496","215/55R16 AVON AS7 ALL SEASON 97V XL (CAR ALL SEASON)","https://dcjqgkl774ppl.cloudfront.net/70/model/m_6089_220th_sm_oj2y90zig7u9.png","59.11","215","55","16","V","97","XL","false","C","B","70","2","C1","7.0","AVON","MID RANGE 2","AS7 ALL SEASON"
"2255017VAVS820195","0029142963554","589498","225/50R17 AVON AS7 ALL SEASON 98V XL (CAR ALL SEASON)","https://dcjqgkl774ppl.cloudfront.net/70/model/m_6089_220th_sm_oj2y90zig7u9.png","79.55","225","50","17","V","98","XL","false","C","B","70","2","C1","1.0","AVON","MID RANGE 2","AS7 ALL SEASON"
"1955515VVRAP19555015VULPA00","8714692994999","AP19555015VULPA00","195/55R15 VREDESTEIN ULTRAC+ 85V (CAR SUMMER)","","51.46","195","55","15","V","85","","false","C","A","69","2","C1","10.0","VREDESTEIN","MID RANGE 2","ULTRAC+"
"1556514THI200H2039","6953913100494","200H2039","155/65R14 HIFLY HF201 75T (CAR SUMMER)","https://dcjqgkl774ppl.cloudfront.net/tyrecat/hf201.png","20.91","155","65","14","T","75","","false","D","C","70","2","C1","30.0","HIFLY","BUDGET WHOLESALE","HF201"
"1656515THI200H2046","6953913101514","","165/65R15 HIFLY HF201 81T (CAR SUMMER)","https://dcjqgkl774ppl.cloudfront.net/tyrecat/hf201.png","26.21","165","65","15","T","81","","false","D","C","70","2","","1.0","HIFLY","BUDGET WHOLESALE","HF201"
"1657013TRARGC0167","8886459521783","RGC0167","165/70R13 RADAR RIVERA PRO-2 83T XL (CAR SUMMER)","https://dcjqgkl774ppl.cloudfront.net/tyrecat/rivera-pro-2.jpg","27.03","165","70","13","T","83","XL","false","D","C","70","2","C1","1.0","RADAR","BUDGET","RIVERA PRO 2"
"2653522ZRADSC0142","8886459509606","DSC0142","265/35R22 RADAR DIMAX R8+ 102Y XL (4X4 / SUV SUMMER)","https://dcjqgkl774ppl.cloudfront.net/tyrecat/rpx-800.jpg","72.37","265","35","22","Y","102","XL","false","C","B","73","2","C1","3.0","RADAR","BUDGET","DIMAX R8+"
"2454020ZAC8997020613681","8997020613681","1200031847","245/40R20 ACCELERA PHI R 99Y XL (CAR SUMMER)","https://dcjqgkl774ppl.cloudfront.net/70/images/acc phir.jpg","54.01","245","40","20","Y","99","XL","false","D","C","72","2","C1","5.0","ACCELERA","BUDGET","PHI R"
"2355019VCO358062000","4019238796018","03580620000","235/50R19 CONTINENTAL PREMIUMCONTACT 6 99V VOL (CAR SUMMER)","https://dcjqgkl774ppl.cloudfront.net/70/MODEL/contiprem6.png","110.54","235","50","19","V","99","","false","B","A","71","2","C1","5.0","CONTINENTAL","PREMIUM","PREMIUMCONTACT 6"
"2754020VDU531909","5452000469298","531909","275/40R20 DUNLOP WINTER SPORT 5 SUV 106V XL (4X4 / SUV WINTER)","https://dcjqgkl774ppl.cloudfront.net/tyrecat/winter_sport_5_suv.png","92.77","275","40","20","V","106","XL","false","C","B","69","1","C1","1.0","DUNLOP","PREMIUM","WINTER SPORT 5 SUV"
"2854019ZYOR8851","4548515300513","R8851","285/40R19 YOKOHAMA V108 SILENT FOAM 107Y (CAR SUMMER)","https://dcjqgkl774ppl.cloudfront.net/70/model/m_8038_advan_sport_ev_v108_angled.jpg","94.81","285","40","19","Y","107","","false","B","A","71","1","C1","4.0","YOKOHAMA","MID RANGE 2","V108"
"2255018ZCO357301000","4019238030709","03585200000","225/50R18 CONTINENTAL PREMIUMCONTACT 6 99W XL * (CAR SUMMER)","https://dcjqgkl774ppl.cloudfront.net/70/MODEL/contiprem6.png","117.34","225","50","18","W","99","XL","false","A","B","72","2","C1","4.0","CONTINENTAL","PREMIUM","PREMIUMCONTACT 6"
"2653522YOR8854","4548515300544","R8854","265/35R22 YOKOHAMA V108 SILENT FOAM 102 XL (CAR SUMMER)","https://dcjqgkl774ppl.cloudfront.net/70/model/m_8038_advan_sport_ev_v108_angled.jpg","131.06","265","35","22","","102","XL","false","B","A","71","2","C1","2.0","YOKOHAMA","MID RANGE 2","V108"
"2454019ZHA1025925","8808563473833","1025925","245/40R19 HANKOOK VENTUS S1 EVO3 K127B 98Y XL RUNFLAT BMW (CAR SUMMER)","https://dcjqgkl774ppl.cloudfront.net/tyrecat/k127.png","126.33","245","40","19","Y","98","XL","true","B","A","69","1","C1","1.0","HANKOOK","MID RANGE 2","VENTUS S1 EVO3 K127B"
"1756514THA1020972","8808563411392","1020972","175/65R14 HANKOOK KINERGY ECO 2 K435 82T REP (CAR SUMMER)","http://images.tyresoft.biz/tyrecat/kinergy_eco_2.png","34.35","175","65","14","T","82","","false","D","B","70","2","C1","3.0","HANKOOK","MID RANGE 2","KINERGY ECO 2 K435"
"2355519THA1029031","8808563543369","1029031","235/55R19 HANKOOK VENTUS S1 EVO3 EV K127E 101T AO+ (CAR SUMMER)","https://dcjqgkl774ppl.cloudfront.net/tyrecat/hankook/ventuss1evo3evk127e_ventuss1evo3.png","98.83","235","55","19","T","101","","false","A","A","69","2","C1","10.0","HANKOOK","MID RANGE 2","VENTUS S1 EVO3 EV K127E"
"2255518ZTO5102800","4981910562306","5102800","225/55R18 TOYO PXCMS 102W XL (4X4 / SUV SUMMER)","https://dcjqgkl774ppl.cloudfront.net/tyrecat/toyo/pxcms_proxes_comfort.png","67.27","225","55","18","W","102","XL","false","C","A","70","2","C1","30.0","TOYO","MID RANGE PREMIUM","PXCMS"
"2355517ZHA1029208","8808563545189","1029208","235/55R17 HANKOOK VENTUS PRIME 4 (2 PLACES) K135 103W XL (CAR SUMMER)","https://dcjqgkl774ppl.cloudfront.net/tyrecat/hankook/ventusprime4(2places)k135_k135.png","77.95","235","55","17","W","103","XL","false","B","A","69","1","C1","20.0","HANKOOK","MID RANGE 2","VENTUS PRIME 4 (2 PLACES) K135"
"1756514NE10099NXK","8807622209536","10099NXK","175/65X14 NEXEN NBLUE HD PLUS 82T (CAR SUMMER)","https://dcjqgkl774ppl.cloudfront.net/tyrecat/t001_evo.png","34.23","175","65","14","T","82","","false","C","B","70","2","C1","2.0","NEXEN","BUDGET","NBLUE HD PLUS"
"2354019ZZEALVENTI","6921109031570","03.103.01","235/40R19 ZETA ALVENTI 96W XL (CAR SUMMER)","https://dcjqgkl774ppl.cloudfront.net/70/images/ze-alveti.jpg","54.01","235","40","19","W","96","XL","false","C","C","72","2","C1","20.0","ZETA","House Brand","ALVENTI"
"2653522VPI4074100","8019227407419","4074100","265/35R22 PIRELLI SCORPION WINTER 102V XL (4X4 / SUV WINTER)","http://ordering.vandenban.nl/profielen/pirelli_scorpion winter xl.jpg","224.4","265","35","22","V","102","XL","false","C","B","72","2","C1","1.0","PIRELLI","PREMIUM","SCORPION WINTER"
"1954516VUN03610120000","4024068002840","03610120000","195/45R16 UNIROYAL RAINSPORT 5 84V XL (CAR SUMMER)","https://dcjqgkl774ppl.cloudfront.net/70/model/m_5279_rs5.jpg","57.02","195","45","16","V","84","XL","false","C","A","72","2","C1","30.0","UNIROYAL","MID RANGE PREMIUM","RAINSPORT 5"
"2254518ZCO0311943000","4019238055405","03119430000","225/45R18 CONTINENTAL PREMIUMCONTACT 6 95Y XL MO CONTISILENT (CAR SUMMER)","https://dcjqgkl774ppl.cloudfront.net/70/model/m_3564_continentalpremiumcontact.jpg","92.77","225","45","18","Y","95","XL","false","C","A","72","2","C1","30.0","CONTINENTAL","PREMIUM","PREMIUMCONTACT 6"
"2854520ZPI3267000","8019227326703","3267000","285/45R20 PIRELLI P-ZERO (PZ4) 112Y XL (AO1) (4X4 / SUV SUMMER)","https://dcjqgkl774ppl.cloudfront.net/tyrecat/pzero.png","153.97","285","45","20","Y","112","XL","false","B","A","69","1","C1","6.0","PIRELLI","PREMIUM","P-ZERO (PZ4)"
"3153521ZHA1020786","8808563409108","1020786","315/35R21 HANKOOK VENTUS S1 EVO3 SUV K127A 111Y XL N0 (4X4 / SUV SUMMER)","http://images.tyresoft.biz/tyrecat/no_image.png","190.7","315","35","21","Y","111","XL","false","C","A","74","2","C1","1.0","HANKOOK","MID RANGE 2","VENTUS S1 EVO3 SUV K127A"
"2754521ZAV4250590","0029142908418","589807","275/45R21 AVON ZX7 110Y XL (4X4 / SUV SUMMER)","https://dcjqgkl774ppl.cloudfront.net/70/model/m_3026_avonzx7200x300engineeredintheukflag.png","135.61","275","45","21","Y","110","XL","false","B","A","71","2","C1","1.0","AVON","MID RANGE 2","ZX7"
"2355018ZHI200H1053","6953913103501","","235/50R18 HIFLY HF805 101W XL (CAR SUMMER)","https://dcjqgkl774ppl.cloudfront.net/tyrecat/hf805.png","46.87","235","50","18","W","101","XL","false","D","C","71","2","C1","26.0","HIFLY","BUDGET WHOLESALE","HF805"
"1855516VAVS460119","0029142907435","589698","185/55R16 AVON ZV7 83V (CAR SUMMER)","https://dcjqgkl774ppl.cloudfront.net/70/model/m_3024_avonzv7200x300engineeredintheukflag.png","46.87","185","55","16","V","83","","false","D","A","68","2","C1","1.0","AVON","MID RANGE 2","ZV7"
"2355517ZAVS460493","0029142907480","589708","235/55R17 AVON ZV7 103Y XL (4X4 / SUV SUMMER)","https://dcjqgkl774ppl.cloudfront.net/70/model/m_3024_avonzv7200x300engineeredintheukflag.png","78.19","235","55","17","Y","103","XL","false","C","A","69","2","C1","2.0","AVON","MID RANGE 2","ZV7"
"1957015STRRF19CR1503","6958460919339","RF19CR1503","195/70R15 TRACMAX X-PRIVILO RF19 104/102S (VAN SUMMER)","https://dcjqgkl774ppl.cloudfront.net/70/model/m_5440_rf19.jpg","33.15","195","70","15","S","104/102","","false","C","C","71","2","C2","30.0","TRACMAX","BUDGET","X-PRIVILO RF19"
"2855518VKU2166113","8808956144432","2166113","285/55R18 KUMHO HP91 113V (4X4 / SUV SUMMER)","https://dcjqgkl774ppl.cloudfront.net/70/MODEL/hp91.jpg","91.82","285","55","18","V","113","","false","C","B","71","1","C2","1.0","KUMHO","MID RANGE PREMIUM","HP91"
"2454019ZAVS460590","0029142944201","589729","245/40R19 AVON ZV7 98Y XL (CAR SUMMER)","https://dcjqgkl774ppl.cloudfront.net/70/model/m_3024_avonzv7200x300engineeredintheukflag.png","82.57","245","40","19","Y","98","XL","false","D","A","70","2","C1","7.0","AVON","MID RANGE 2","ZV7"
"2054516ZTO4465205451671006","4981910541899","4071300","205/45R16 TOYO PROXES COMFORT 87W XL (CAR SUMMER)","https://dcjqgkl774ppl.cloudfront.net/tyrecat/pxtr1.png","45.39","205","45","16","W","87","XL","false","D","A","70","2","C1","3.0","TOYO","MID RANGE PREMIUM","PROXES COMFORT"
"2653019ZAC8997020612042","8997020612042","1200000133","265/30R19 ACCELERA PHI 93Y XL (CAR SUMMER)","https://dcjqgkl774ppl.cloudfront.net/70/MODEL/accphi.jpg","49.93","265","30","19","Y","93","XL","false","D","C","72","2","C1","5.0","ACCELERA","BUDGET","PHI"
"2356516TTRRF19CR1617","6958460919476","RF19CR1617","235/65R16 TRACMAX X-PRIVILO RF19 115/113T (VAN SUMMER)","https://dcjqgkl774ppl.cloudfront.net/70/model/m_5440_rf19.jpg","45.85","235","65","16","T","115/113","","false","C","C","71","2","C2","30.0","TRACMAX","BUDGET","X-PRIVILO RF19"
"2355018VCO357472000","4019238772203","03574720000","235/50R18 CONTINENTAL PREMIUMCONTACT 6 97V (CAR SUMMER)","https://dcjqgkl774ppl.cloudfront.net/70/MODEL/contiprem6.png","103.55","235","50","18","V","97","","false","B","A","71","2","C1","5.0","CONTINENTAL","PREMIUM","PREMIUMCONTACT 6"
"2454518ZAC8997020613636","8997020613636","1200031819","245/45R18 ACCELERA PHI R 100Y XL (CAR SUMMER)","https://dcjqgkl774ppl.cloudfront.net/70/images/acc phir.jpg","41.77","245","45","18","Y","100","XL","false","D","C","72","2","C1","30.0","ACCELERA","BUDGET","PHI R"
"2154517ZVRAP21545017YQPPA02","8714692810879","AP21545017YQPPA02","215/45R17 VREDESTEIN QUATRAC PRO+ 91Y XL (CAR ALL SEASON)","https://dcjqgkl774ppl.cloudfront.net/tyrecat/vredestein/quatracpro_plus_quatrac-pro-plus.png","63.06","215","45","17","Y","91","XL","false","C","B","72","2","C1","3.0","VREDESTEIN","MID RANGE 2","QUATRAC PRO+"
"2456517STO1589736","4981910756651","1589736","245/65R17 TOYO OPA28 111S XL (4X4 / SUV SUMMER)","https://dcjqgkl774ppl.cloudfront.net/tyrecat/pra28.png","82.57","245","65","17","S","111","","false","C","C","71","2","","15.0","TOYO","MID RANGE PREMIUM","OPA28"
"2155017ZVRAP21550017WQPPA02","8714692810916","AP21550017WQPPA02","215/50R17 VREDESTEIN QUATRAC PRO+ 95W XL (CAR ALL SEASON)","https://dcjqgkl774ppl.cloudfront.net/tyrecat/vredestein/quatracpro_plus_quatrac-pro-plus.png","76.17","215","50","17","W","95","XL","false","C","B","72","2","C1","18.0","VREDESTEIN","MID RANGE 2","QUATRAC PRO+"
"1956515TAP4885","6950306348853","4885","195/65R15 APTANY 95T XL (CAR SUMMER)","https://dcjqgkl774ppl.cloudfront.net/tyrecat/ap203.png","26.01","195","65","15","T","95","XL","false","D","C","70","2","","30.0","APTANY","BUDGET","RP203"
"1856515VVRAP1856515VQT5AQ0","8714692338359","","185/65R15 VREDESTEIN QUATRAC 5 88V (CAR ALL SEASON)","https://dcjqgkl774ppl.cloudfront.net/tyrecat/quatrac_5.png","44.29","185","65","15","V","88","","false","C","C","69","2","C1","22.0","VREDESTEIN","MID RANGE 2","QUATRAC 5"
"2355519ZGRALLCLIMATE","6969999054910","221016893","235/55R19 GRIPMAX STATUS ALLCLIMATE 105W XL (4X4 / SUV ALL SEASON)","https://dcjqgkl774ppl.cloudfront.net/tyrecat/status-allclimate.png","74.41","235","55","19","W","105","XL","false","C","C","72","2","C2","10.0","GRIPMAX","BUDGET","STATUS ALLCLIMATE"
"2155518VVRAP21555018VQPPA02","8714692810763","","215/55R18 VREDESTEIN QUATRAC PRO+ 99V XL (4X4 / SUV ALL SEASON)","https://dcjqgkl774ppl.cloudfront.net/tyrecat/vredestein/quatracpro_plus_quatrac-pro-plus.png","74.83","215","55","18","V","99","XL","false","C","B","72","2","C1","4.0","VREDESTEIN","MID RANGE 2","QUATRAC PRO+"
"2556018HCO03596130000","4019238090932","03596130000","255/60R18 CONTINENTAL CROSSCONTACT H/T 112H XL EVC (4X4 / SUV SUMMER)","","99.74","255","60","18","H","112","XL","false","C","C","72","2","C1","22.0","CONTINENTAL","PREMIUM","CROSSCONTACT H/T"
"2553519ZCO357997000","4019238787504","03579970000","255/35R19 CONTINENTAL SPORTCONTACT 6 96Y XL RO1 (CAR SUMMER)","https://dcjqgkl774ppl.cloudfront.net/70/MODEL/sportcontact6.jpg","116.04","255","35","19","Y","96","XL","false","D","A","73","2","C1","1.0","CONTINENTAL","PREMIUM","SPORTCONTACT 6"
"2154017ZTO4052600","4981910519133","4052600","215/40R17 TOYO PROXES TR1 87W XL (CAR SUMMER)","https://dcjqgkl774ppl.cloudfront.net/tyrecat/pxtr1.png","60.08","215","40","17","W","87","XL","false","D","B","70","2","","19.0","TOYO","MID RANGE PREMIUM","PROXES TR1"
"1957516TKU2144153","8808956126292","2144153","195/75R16 KUMHO KC53 107/105T (VAN SUMMER)","https://dcjqgkl774ppl.cloudfront.net/70/MODEL/kc53.jpg","52.53","195","75","16","T","107/105","","false","C","B","71","2","C2","17.0","KUMHO","MID RANGE PREMIUM","KC53"
"2157516RKU2142643","8808956120962","2142643","215/75R16 KUMHO KC53 113/111R (VAN SUMMER)","https://dcjqgkl774ppl.cloudfront.net/70/MODEL/kc53.jpg","68.75","215","75","16","R","113/111","","false","C","C","71","2","C2","30.0","KUMHO","MID RANGE PREMIUM","KC53"
"2457516PTO1578653","4981910763819","1578653","245/75R16 TOYO OPMT 120P (4X4 / SUV SUMMER)","https://dcjqgkl774ppl.cloudfront.net/70/MODEL/opmt.jpg","107.6","245","75","16","P","120","","false","G","D","77","2","C1","6.0","TOYO","MID RANGE PREMIUM","OPMT"
"2256017VVRAP22560017VQPPA02","8714692811029","AP22560017VQPPA02","225/60R17 VREDESTEIN QUATRAC PRO+ 103V XL (4X4 / SUV ALL SEASON)","https://dcjqgkl774ppl.cloudfront.net/tyrecat/vredestein/quatracpro_plus_quatrac-pro-plus.png","76.77","225","60","17","V","103","XL","false","C","B","72","2","C1","2.0","VREDESTEIN","MID RANGE 2","QUATRAC PRO+"
"2755520HCO9022283","0029142815143","9022283","275/55R20 COOPER DISCOVERER SRX BSW 117H XL OLD DOT (4X4 / SUV SUMMER)","http://images.tyresoft.biz/tyrecat/discoverer_srx.png","121.73","275","55","20","H","117","XL","false","D","C","72","2","C1","1.0","COOPER","MID RANGE 3","DISCOVERER SRX BSW"
"2256017VAVS250016","0029142899877","589752","225/60R17 AVON ZX7 BSW 99V (4X4 / SUV SUMMER)","https://dcjqgkl774ppl.cloudfront.net/70/model/m_3026_avonzx7200x300engineeredintheukflag.png","77.47","225","60","17","V","99","","false","C","A","69","2","C1","10.0","AVON","MID RANGE 2","ZX7"
"2057015RDU566938","3188649813742","566938","205/70R15 DUNLOP ECONODRIVE 106R (VAN SUMMER)","http://ordering.vandenban.nl/profielen/dunlop_econodrive.jpg","57.07","205","70","15","R","106","","false","D","D","70","2","C2","5.0","DUNLOP","PREMIUM","ECONODRIVE"
"2754022ZGRGR2754022WSTACXL","6969999054712","221016900","275/40R22 GRIPMAX STATUS ALLCLIMATE 108W (4X4 / SUV ALL SEASON)","https://dcjqgkl774ppl.cloudfront.net/tyrecat/status-allclimate.png","110.11","275","40","22","W","108","","false","C","C","73","2","C1","27.0","GRIPMAX","BUDGET","STATUS ALLCLIMATE"
"2454518ZVRAP24545018YQPPA02","8714692810664","","245/45R18 VREDESTEIN QUATRAC PRO+ 100Y (CAR ALL SEASON)","https://dcjqgkl774ppl.cloudfront.net/tyrecat/vredestein/quatracpro_plus_quatrac-pro-plus.png","87.87","245","45","18","Y","100","XL","false","C","B","72","2","C1","2.0","VREDESTEIN","MID RANGE 2","QUATRAC PRO+"
"2556018VVRAP25560018VQPPA02","8714692810787","","255/60R18 VREDESTEIN QUATRAC PRO+ 112V XL (4X4 / SUV ALL SEASON)","","77.07","255","60","18","V","112","XL","false","B","B","72","2","C1","4.0","VREDESTEIN","MID RANGE 2","QUATRAC PRO+"
"2454019ZVRAP24540019YQPPA02","8714692810428","","245/40R19 VREDESTEIN QUATRAC PRO+ 98Y XL (CAR ALL SEASON)","https://dcjqgkl774ppl.cloudfront.net/tyrecat/vredestein/quatracpro_plus_quatrac-pro-plus.png","97.04","245","40","19","Y","98","XL","false","C","B","72","2","C1","1.0","VREDESTEIN","MID RANGE 2","QUATRAC PRO+"
"2656517HVRAP26565017HQPPA02","8714692811050","","265/65R17 VREDESTEIN QUATRAC PRO+ 116H XL (4X4 / SUV ALL SEASON)","https://dcjqgkl774ppl.cloudfront.net/tyrecat/vredestein/quatracpro_plus_quatrac-pro-plus.png","90.47","265","65","17","H","116","XL","false","B","B","73","2","C1","4.0","VREDESTEIN","MID RANGE 2","QUATRAC PRO+"
"2156017HVRAP21560017HQPPA00","8714692811043","","215/60R17 VREDESTEIN QUATRAC PRO+ 96H (4X4 / SUV ALL SEASON)","https://dcjqgkl774ppl.cloudfront.net/tyrecat/vredestein/quatracpro_plus_quatrac-pro-plus.png","70.94","215","60","17","H","96","","false","C","B","72","2","C1","4.0","VREDESTEIN","MID RANGE 2","QUATRAC PRO+"
"2354517ZVRAP23545017YQPPA02","8714692810855","AP23545017YQPPA02","235/45R17 VREDESTEIN QUATRAC PRO+ 97Y XL (CAR ALL SEASON)","https://dcjqgkl774ppl.cloudfront.net/tyrecat/vredestein/quatracpro_plus_quatrac-pro-plus.png","64.39","235","45","17","Y","97","XL","false","C","B","72","2","C1","5.0","VREDESTEIN","MID RANGE 2","QUATRAC PRO+"
"2654021ZTRRS01","6958460924777","","265/40R21 TRACMAX X-PRIVILO RS01+ 105Y XL (4X4 / SUV SUMMER)","","66.25","265","40","21","Y","105","XL","false","C","C","72","B","C1","12.0","TRACMAX","BUDGET","X-PRIVILO RS01+"
"2554520ZVRAP25545020WQPPA02","8714692810275","","255/45R20 VREDESTEIN QUATRAC PRO+ 105W XL (4X4 / SUV ALL SEASON)","https://dcjqgkl774ppl.cloudfront.net/tyrecat/vredestein/quatracpro_plus_quatrac-pro-plus.png","133.34","255","45","20","W","105","XL","false","C","B","73","2","C1","26.0","VREDESTEIN","MID RANGE 2","QUATRAC PRO+"
"2155018ZVRAP21550018WQPPA00","8714692810725","","215/50R18 VREDESTEIN QUATRAC PRO+ 92W (CAR ALL SEASON)","https://dcjqgkl774ppl.cloudfront.net/tyrecat/vredestein/quatracpro_plus_quatrac-pro-plus.png","84.81","215","50","18","W","92","","false","C","B","72","2","C1","5.0","VREDESTEIN","MID RANGE 2","QUATRAC PRO+"
"2255518VMI710641","3528707106414","710641","225/55R18 MICHELIN PRIMACY 5 98V (CAR SUMMER)","","106.09","225","55","18","V","98","","false","B","A","070","2","C1","1.0","MICHELIN","PREMIUM","PRIMACY 5"
"1758013QNAEB028","4718022007629","EB028","175/80R13 NANKANG CW-25 97/95Q (VAN SUMMER)","https://dcjqgkl774ppl.cloudfront.net/70/MODEL/na-cw25.jpg","33.96","175","80","13","Q","97/95","","false","D","C","72","2","C2","4.0","NANKANG","BUDGET","CW-25"
"2754520HTO1600902","4981910778783","1600902","275/45R20 TOYO OPAT+ 110H XL (4X4 / SUV SUMMER)","https://dcjqgkl774ppl.cloudfront.net/70/MODEL/to-openat.jpg","102.97","275","45","20","H","110","XL","false","D","D","72","2","C1","1.0","TOYO","MID RANGE PREMIUM","OPAT+"
"2254018ZVRAP22540018YQPPA02","8714692810626","AP22540018YQPPA02","225/40R18 VREDESTEIN QUATRAC PRO+ 92Y XL (CAR ALL SEASON)","https://dcjqgkl774ppl.cloudfront.net/tyrecat/vredestein/quatracpro_plus_quatrac-pro-plus.png","56.07","225","40","18","Y","92","XL","false","D","B","72","2","C1","30.0","VREDESTEIN","MID RANGE 2","QUATRAC PRO+"
"2254517ZVRAP22545017YQPPA02","8714692810862","","225/45R17 VREDESTEIN QUATRAC PRO+ 94Y XL (CAR ALL SEASON)","https://dcjqgkl774ppl.cloudfront.net/tyrecat/vredestein/quatracpro_plus_quatrac-pro-plus.png","55.06","225","45","17","Y","94","XL","false","D","B","72","2","C1","30.0","VREDESTEIN","MID RANGE 2","QUATRAC PRO+"
"2457016TTO3869900","4981910552642","3869900","245/70R16 TOYO OPAT3 111T XL (4X4 / SUV SUMMER)","https://dcjqgkl774ppl.cloudfront.net/tyrecat/toyo/opat3_opat3_hidari.jpg","82.52","245","70","16","T","111","XL","false","D","D","72","2","","8.0","TOYO","MID RANGE PREMIUM","OPAT3"
"2357515TTO3871000","4981910552758","3871000","235/75R15 TOYO OPAT3 109T XL (4X4 / SUV SUMMER)","https://dcjqgkl774ppl.cloudfront.net/tyrecat/toyo/opat3_opat3_hidari.jpg","75.43","235","75","15","T","109","XL","false","D","D","72","2","","4.0","TOYO","MID RANGE PREMIUM","OPAT3"
"35125018PTO3840900","4981910521631","3840900","35/12.50R18 TOYO OPEN COUNTRY M/T 118P (4X4 / SUV SUMMER)","https://dcjqgkl774ppl.cloudfront.net/70/images/to-openmt.jpg","102.97","35","12","18","P","118","","false","NA","NA","NA","NA","C1","9.0","TOYO","MID RANGE PREMIUM","OPEN COUNTRY M/T"
"1956016HHIHF201","6953913105000","","195/60R16 HIFLY HF201 89H (CAR SUMMER)","https://dcjqgkl774ppl.cloudfront.net/70/MODEL/hf201.jpg","36.68","195","60","16","H","89","","false","D","C","72","2","C1","2.0","HIFLY","BUDGET WHOLESALE","HF201"
"2356516RGE0449289","4032344011530","0449289","235/65R16 GENERAL GRABBER AT3 121/119R (4X4 / SUV SUMMER)","http://images.tyresoft.co.uk/70/MODEL/generalgrabberat3.png","113.17","235","65","16","R","121/119","","false","D","B","75","2","","2.0","GENERAL","MID RANGE 3","GRABBER AT3"
"2355020ZVRAP23550020YQPPA02","8714692810336","","235/50R20 VREDESTEIN QUATRAC PRO+ 104Y (4X4 / SUV ALL SEASON)","https://dcjqgkl774ppl.cloudfront.net/tyrecat/vredestein/quatracpro_plus_quatrac-pro-plus.png","100.12","235","50","20","Y","104","XL","false","C","B","72","2","C1","5.0","VREDESTEIN","MID RANGE 2","QUATRAC PRO+"
"2757016TTO3870700","4981910552727","3870700","275/70R16 TOYO OPAT3 114T XL (4X4 / SUV SUMMER)","https://dcjqgkl774ppl.cloudfront.net/tyrecat/toyo/opat3_opat3_hidari.jpg","82.57","275","70","16","T","114","XL","false","D","D","73","2","","5.0","TOYO","MID RANGE PREMIUM","OPAT3"
"2454520VCO03152580000","4019238297546","03152580000","245/45R20 CONTINENTAL ECOCONTACT 6 103V XL I (CAR SUMMER)","https://dcjqgkl774ppl.cloudfront.net/tyrecat/ecocontact_6.png","129.49","245","45","20","V","103","XL","false","B","B","72","2","C1","1.0","CONTINENTAL","PREMIUM","ECOCONTACT 6"
"2554021ZAC1200053794","8994234021523","1200053794","255/40R21 ACCELERA IOTA ST68 102W XL (4X4 / SUV SUMMER)","https://dcjqgkl774ppl.cloudfront.net/tyrecat/iota-st68-.jpg","72.37","255","40","21","W","102","XL","false","C","C","68","1","","7.0","ACCELERA","BUDGET","IOTA ST68"
"2654020ZAC1200053797","8994234022162","1200053797","265/40R20 ACCELERA IOTA ST68 104Y XL (4X4 / SUV SUMMER)","https://dcjqgkl774ppl.cloudfront.net/tyrecat/iota-st68-.jpg","62.17","265","40","20","Y","104","XL","false","C","C","68","1","","4.0","ACCELERA","BUDGET","IOTA ST68"
"185601686HADMIRAL","5060730635274","","185/60R16 ADMIRAL RCB008 86H (CAR SUMMER)","","37.12","185","60","15","H","86","","false","D","C","70","2","C1","1.0","ADMIRAL","BUDGET WHOLESALE","RCB008"
"2155516ZTO5102400","4981910562269","5102400","215/55R16 TOYO PXCM 97W XL (CAR SUMMER)","https://dcjqgkl774ppl.cloudfront.net/70/model/m_6193_pxcm.png","54.01","215","55","16","W","97","XL","false","C","A","70","2","C1","30.0","TOYO","MID RANGE PREMIUM","PXCM"
"1955520HRARASYCN0130","8886459543709","RASYCN0130","195/55R20 RADAR DIMAX ECO 95H XL (CAR SUMMER)","https://dcjqgkl774ppl.cloudfront.net/tyrecat/no_image.png","47.89","195","55","20","H","95","XL","false","A","B","69","1","C1","11.0","RADAR","BUDGET","DIMAX ECO"
"2555019VTO3512400","4981910784227","3512400","255/50R19 TOYO PROXES ST3 107V XL (4X4 / SUV SUMMER)","https://dcjqgkl774ppl.cloudfront.net/tyrecat/toyo/proxesst3_proxes-st3.png","78.49","255","50","19","V","107","XL","false","D","D","73","2","C1","1.0","TOYO","MID RANGE PREMIUM","PROXES ST3"
"2254517VTO5100600","4981910562085","5100600","225/45R17 TOYO PXCM 94V XL (CAR SUMMER)","https://dcjqgkl774ppl.cloudfront.net/70/model/m_6193_pxcm.png","39.73","225","45","17","V","94","XL","false","C","A","70","2","C1","30.0","TOYO","MID RANGE PREMIUM","PXCM"
"2555020VTO3512000","4981910784203","3512000","255/50R20 TOYO PROXES ST3 109V XL (4X4 / SUV SUMMER)","https://dcjqgkl774ppl.cloudfront.net/tyrecat/toyo/proxesst3_proxes-st3.png","98.89","255","50","20","V","109","XL","false","D","D","73","2","C1","1.0","TOYO","MID RANGE PREMIUM","PROXES ST3"
"2254018ZMI476166","3528704761661","476166","225/40R18 MICHELIN PRIMACY 5 92Y XL (CAR SUMMER)","","81.7","225","40","18","Y","92","XL","false","C","A","070","2","C1","16.0","MICHELIN","PREMIUM","PRIMACY 5"
"2155517ZRADSC0740","8886459533564","DSC0740","215/55R17 RADAR DIMAX R8+ 98Y XL (CAR SUMMER)","http://omni-united.com/wp-content/uploads/2016/06/dimax-r8-plus.jpg","41.77","215","55","17","Y","98","XL","false","C","B","72","2","C1","23.0","RADAR","BUDGET","DIMAX R8+"
"1955015VZMLANDGEMA","5420068613229","","195/50R15 ZMAX LANDGEMA 82V (CAR SUMMER)","","23.97","195","50","15","V","82","","false","C","C","70","2","C1","12.0","ZMAX","BUDGET WHOLESALE","LANDGEMA"
"1954516VTO5100200","4981910561903","","195/45R16 TOYO PXCM 84V XL (CAR SUMMER)","https://dcjqgkl774ppl.cloudfront.net/70/model/m_6193_pxcm.png","44.83","195","45","16","V","84","XL","false","D","A","70","2","","30.0","TOYO","MID RANGE PREMIUM","PXCM"
"1956516RDU566920","3188649813636","566920","195/65R16 DUNLOP ECONODRIVE 104/102R (VAN SUMMER)","http://ordering.vandenban.nl/profielen/dunlop_econodrive.jpg","55.03","195","65","16","R","104/102","","false","D","C","72","2","C2","8.0","DUNLOP","PREMIUM","ECONODRIVE"
"2953020ZAC1200047532","8994234021349","1200047532","295/30R20 ACCELERA PHI 2 101Y XL (CAR SUMMER)","https://dcjqgkl774ppl.cloudfront.net/tyrecat/phi-2-.jpg","65.23","295","30","20","Y","101","XL","false","C","C","72","1","C1","7.0","ACCELERA","BUDGET","PHI 2"
"2055519VMI140680","3528701406800","140680","205/55R19 MICHELIN PRIMACY 3 97V XL S1 (CAR SUMMER)","https://dcjqgkl774ppl.cloudfront.net/70/images/mi-prim3.jpg","102.99","205","55","19","V","97","XL","false","A","A","69","1","C1","8.0","MICHELIN","PREMIUM","PRIMACY 3"
"1956516TKU2144193","8808956130008","2144193","195/65R16 KUMHO KC53 104/102T (VAN SUMMER)","https://dcjqgkl774ppl.cloudfront.net/70/MODEL/kc53.jpg","52.44","195","65","16","T","104/102","","false","C","C","72","2","C2","3.0","KUMHO","MID RANGE PREMIUM","KC53"
"2055519VMI329800","3528703298007","329800","205/55R19 MICHELIN PRIMACY 5 97V XL (CAR SUMMER)","","108.17","205","55","19","V","97","XL","false","B","A","070","2","C1","8.0","MICHELIN","PREMIUM","PRIMACY 5"
"2454518ZCO356762000","4019238734270","03567620000","245/45R18 CONTINENTAL CONTISPORTCONTACT 5 96W (CAR SUMMER)","https://dcjqgkl774ppl.cloudfront.net/70/images/cn-sc5.jpg","98.62","245","45","18","W","96","","false","C","A","71","2","C1","1.0","CONTINENTAL","PREMIUM","CONTISPORTCONTACT 5"
"2754021ZTRPRIV","6958460904908","RS01R2101","275/40R21 TRACMAX PRIVILOS01+ 107Y XL (4X4 / SUV SUMMER)","https://dcjqgkl774ppl.cloudfront.net/tyrecat/x-privilors01plus.png","67.27","275","40","21","Y","107","XL","false","C","C","72","2","C1","5.0","TRACMAX","BUDGET","X-PRIVILO RS01+"
"2256517VTO5104700","4981910562481","5104700","225/65R17 TOYO PXCM 106V XL (CAR SUMMER)","https://dcjqgkl774ppl.cloudfront.net/70/model/m_6193_pxcm.png","61.15","225","65","17","V","106","XL","false","C","A","70","2","C1","30.0","TOYO","MID RANGE PREMIUM","PXCM"
"1957516RBLV67","6973307190641","","195/75R16 BLACKARROW V67 107/105R (VAN SUMMER)","","36.67","195","75","16","R","107/105","","false","D","B","71","2","C2","2.0","BLACKARROW","BUDGET WHOLESALE","V67"
"2157516SZE03.031.01","6921109015105","03.031.01","215/75R16 ZETA ZTR18 113/111S 8PR (VAN SUMMER)","https://dcjqgkl774ppl.cloudfront.net/70/images/ze-ztr18.jpg","54.01","215","75","16","S","113/111","","false","D","C","72","2","C2","18.0","ZETA","House Brand","ZTR18"
"2753521ZAC1200054062","8994234022193","1200054062","275/35R21 ACCELERA IOTA ST68 103Y XL (4X4 / SUV SUMMER)","https://dcjqgkl774ppl.cloudfront.net/tyrecat/iota-st68-.jpg","76.45","275","35","21","Y","103","XL","false","C","C","68","1","","11.0","ACCELERA","BUDGET","IOTA ST68"
"2754021ZAC1200054489","8994234022179","1200054489","275/40R21 ACCELERA IOTA ST68 107Y XL (4X4 / SUV SUMMER)","https://dcjqgkl774ppl.cloudfront.net/tyrecat/iota-st68-.jpg","75.43","275","40","21","Y","107","XL","false","C","C","68","1","","26.0","ACCELERA","BUDGET","IOTA ST68"
"1956515TCO451137000","4019238594720","04511370000","195/65R15 CONTINENTAL CONTIVANCONTACT 200 95T XL (VAN SUMMER)","http://www.etyre.net/preview/t3/co-vanco200.jpg","65.85","195","65","15","T","95","XL","false","B","B","72","2","C1","4.0","CONTINENTAL","PREMIUM","CONTIVANCONTACT 200"
"2755021VAC1200047653","8994234021011","1200047653","275/50R21 ACCELERA IOTA ST68 113V XL (4X4 / SUV SUMMER)","https://dcjqgkl774ppl.cloudfront.net/tyrecat/iota-st68-.jpg","81.55","275","50","21","V","113","XL","false","C","C","68","1","","3.0","ACCELERA","BUDGET","IOTA ST68"
"2056516THA2001949","8808563330822","2001949","205/65R16 HANKOOK VANTRA LT RA18 107/105T OE (VAN SUMMER)","https://dcjqgkl774ppl.cloudfront.net/70/images/ha-ra18.jpg","75.43","205","65","16","T","107/105","","false","D","C","69","2","C2","30.0","HANKOOK","MID RANGE 2","VANTRA LT RA18"
"2556018HGRSTATUREMS","6996779121067","3229003462","255/60R18 GRIPMAX STATURE M/S 112H (4X4 / SUV WINTER)","https://dcjqgkl774ppl.cloudfront.net/tyrecat/stature_ms.png","76.65","255","60","18","H","112","","false","C","C","71","2","C2","4.0","GRIPMAX","BUDGET","STATURE M/S"
"1857516STRRF19CR1604","6958460919346","RF19CR1604","185/75R16 TRACMAX X-PRIVILO RF19 104/102S (VAN SUMMER)","https://dcjqgkl774ppl.cloudfront.net/70/model/m_5440_rf19.jpg","35.65","185","75","16","S","104/102","","false","C","C","71","2","C2","30.0","TRACMAX","BUDGET","X-PRIVILO RF19"
"3153022ZAC1200054491","8994234022339","1200054491","315/30R22 ACCELERA IOTA ST68 107W XL (4X4 / SUV SUMMER)","https://dcjqgkl774ppl.cloudfront.net/tyrecat/iota-st68-.jpg","81.55","315","30","22","W","107","XL","false","C","C","72","1","","19.0","ACCELERA","BUDGET","IOTA ST68"
"1958015STRRF19CR1502","6958460919469","RF19CR1502","195/80R15 TRACMAX X-PRIVILO RF19 106/104S (VAN SUMMER)","https://dcjqgkl774ppl.cloudfront.net/70/model/m_5440_rf19.jpg","36.21","195","80","15","S","106/104","","false","C","C","71","2","C2","7.0","TRACMAX","BUDGET","X-PRIVILO RF19"
"2753522ZAC1200054490","8994234022186","1200054490","275/35R22 ACCELERA IOTA ST68 104Y XL (4X4 / SUV SUMMER)","https://dcjqgkl774ppl.cloudfront.net/tyrecat/iota-st68-.jpg","82.57","275","35","22","Y","104","XL","false","C","C","68","1","","3.0","ACCELERA","BUDGET","IOTA ST68"
"2157015STRRF19CR1505","6958460920328","RF19CR1505","215/70R15 TRACMAX X-PRIVILO RF19 109/107S 8PLY (VAN SUMMER)","https://dcjqgkl774ppl.cloudfront.net/70/model/m_5440_rf19.jpg","40.75","215","70","15","S","109/07","8PLY","false","C","C","71","2","C2","30.0","TRACMAX","BUDGET","X-PRIVILO RF19"
"2156516TTRRF19CR1613","6958460919643","RF19CR1613","215/65R16 TRACMAX X-PRIVILO RF19 109/107T (VAN SUMMER)","https://dcjqgkl774ppl.cloudfront.net/70/model/m_5440_rf19.jpg","44.83","215","65","16","T","109/107","","false","C","C","71","2","C2","4.0","TRACMAX","BUDGET","X-PRIVILO RF19"
"50016ROADMASTER","","","500/525X16 TT CLASSIC ROADMASTER","","91.06","500","","16","","","","false","NA","NA","NA","NA","C1","1.0","CLASSIC","BUDGET","ROADMASTER"
"2355017ZAC1200054675","8994234022308","1200054675","235/50R17 ACCELERA PHI-R 100Y XL (CAR SUMMER)","http://images.tyresoft.co.uk/70/MODEL/accelera-phi-r.jpg","45.85","235","50","17","Y","100","XL","false","C","C","70","2","C1","1.0","ACCELERA","BUDGET","PHI-R"
"1956516TTRRF19CR1606","6958460919452","RF19CR1606","195/65R16 TRACMAX X-PRIVILO RF19 104/102T (VAN SUMMER)","https://dcjqgkl774ppl.cloudfront.net/70/model/m_5440_rf19.jpg","34.63","195","65","16","T","104/102","","false","C","C","71","2","C2","30.0","TRACMAX","BUDGET","X-PRIVILO RF19"
"2454520ZVRAP24545020WQPPA02","8714692810282","","245/45R20 VREDESTEIN QUATRAC PRO+ 103W XL (4X4 / SUV ALL SEASON)","https://dcjqgkl774ppl.cloudfront.net/tyrecat/vredestein/quatracpro_plus_quatrac-pro-plus.png","130.52","245","45","20","W","103","XL","false","C","B","73","2","C1","4.0","VREDESTEIN","MID RANGE 2","QUATRAC PRO+"
"2354019ZVRAP23540019YQPPA02","8714692810435","","235/40R19 VREDESTEIN QUATRAC PRO+ 96Y XL (CAR ALL SEASON)","https://dcjqgkl774ppl.cloudfront.net/tyrecat/vredestein/quatracpro_plus_quatrac-pro-plus.png","100.78","235","40","19","Y","96","XL","false","C","B","72","2","C1","4.0","VREDESTEIN","MID RANGE 2","QUATRAC PRO+"
"2554020ZVRAP25540020YQPPA02","8714692810220","","255/40R20 VREDESTEIN QUATRAC PRO+ 101Y XL (4X4 / SUV ALL SEASON)","https://dcjqgkl774ppl.cloudfront.net/tyrecat/vredestein/quatracpro_plus_quatrac-pro-plus.png","126.4","255","40","20","Y","101","XL","false","D","B","72","2","C1","4.0","VREDESTEIN","MID RANGE 2","QUATRAC PRO+"
"2353519ZVRAP23535019YQPPA02","8714692810398","","235/35R19 VREDESTEIN QUATRAC PRO+ 91Y XL (CAR ALL SEASON)","https://dcjqgkl774ppl.cloudfront.net/tyrecat/vredestein/quatracpro_plus_quatrac-pro-plus.png","90.9","235","35","19","Y","91","XL","false","C","B","72","2","C1","6.0","VREDESTEIN","MID RANGE 2","QUATRAC PRO+"
"1856015HCO350062000","4019238314212","03500620000","185/60R15 CONTINENTAL CONTIPREMIUMCONTACT 2 84H (CAR SUMMER)","http://www.etyre.net/preview/t3/co-precon2.jpg","66.25","185","60","15","H","84","","false","D","C","70","2","C1","7.0","CONTINENTAL","PREMIUM","CONTIPREMIUMCONTACT 2"
"2854520ZVRAP28545020YQPPA02","8714692810244","AP28545020YQPPA02","285/45R20 VREDESTEIN QUATRAC PRO+ 112Y XL (4X4 / SUV ALL SEASON)","https://dcjqgkl774ppl.cloudfront.net/tyrecat/vredestein/quatracpro_plus_quatrac-pro-plus.png","136.88","285","45","20","Y","112","XL","false","C","B","75","2","C1","1.0","VREDESTEIN","MID RANGE 2","QUATRAC PRO+"
"2354018ZBLBA2317","6973307193444","BA2317","235/40R18 BLACKARROW P16 95W XL (CAR SUMER)","","35.65","235","40","18","W","95","XL","false","C","C","B","72","C1","30.0","BLACKARROW","BUDGET WHOLESALE","P16"
"2054516ZZE03.038.01","6921109014610","03.038.01","205/45R16 ZETA ZTR10 87W XL (CAR SUMMER)","https://dcjqgkl774ppl.cloudfront.net/70/images/ze-ztr10.jpg","34.63","205","45","16","W","87","XL","false","D","C","72","2","C1","20.0","ZETA","House Brand","ZTR10"
"2753518ZRADSC0096","8886459506926","DSC0096","275/35R18 RADAR DIMAX R8 + 99Y XL (CAR SUMMER)","http://omni-united.com/wp-content/uploads/2016/06/dimax-r8-plus.jpg","64.21","275","35","18","Y","99","XL","false","D","B","72","2","C1","30.0","RADAR","BUDGET","DIMAX R8+"
"2355020VVRAP23550020VQPEA02","8714692809750","","235/50R20 VREDESTEIN QUATRAC PRO EV 104V XL (4X4 / SUV ALL SEASON)","https://dcjqgkl774ppl.cloudfront.net/tyrecat/vredestein/quatracproev_quatrac-pro-ev.png","102.65","235","50","20","V","104","XL","false","B","B","70","2","C1","3.0","VREDESTEIN","MID RANGE 2","QUATRAC PRO EV"
"1954515VKU2186893","8808956150884","2186893","195/45R15 KUMHO HS51 78V (CAR SUMMER)","https://dcjqgkl774ppl.cloudfront.net/70/MODEL/hs51.jpeg","42.78","195","45","15","V","78","","false","D","C","69","2","C1","8.0","KUMHO","MID RANGE PREMIUM","HS51"
"2354518ZACPHIR","8997020613629","1200031853","235/45R18 ACCELERA PHI-R 98Y XL (CAR SUMMER)","https://dcjqgkl774ppl.cloudfront.net/70/MODEL/accelera-phi-r.jpg","41.77","235","45","18","Y","98","XL","false","D","C","72","2","C1","30.0","ACCELERA","BUDGET","PHI-R"
"2055515VKU2165693","8808956148447","2165693","205/55R15 KUMHO HS51 88V (CAR SUMMER)","https://dcjqgkl774ppl.cloudfront.net/70/MODEL/hs51.jpeg","55.18","205","55","15","V","88","","false","D","C","71","2","C1","1.0","KUMHO","MID RANGE PREMIUM","HS51"
"2654021ZKUSAFYM06","6974845081071","21651KU","265/40R21 KUSTONE SAFY M06 105W XL (4X4 / SUV SUMMER)","","62.17","265","40","21","W","105","","false","D","C","72","2","","6.0","KUSTONE","BUDGET WHOLESALE","SAFY M06"
"2556018VPI1780300","8019227178036","","255/60R18 PIRELLI SCORPION ZERO 112V XL (4X4 / SUV SUMMER)","http://www.etyre.net/preview/t3/pi-scorzeroxl.jpg","90.73","255","60","18","V","112","XL","false","D","C","72","2","C1","30.0","PIRELLI","PREMIUM","SCORPION ZERO"
"2856018HAC1200040962","8997020616323","1200040962","285/60R18 ACCELERA OMIKRON AT 116H XL (4X4 / SUV SUMMER)","","74.41","285","60","18","H","116","","false","E","C","73","2","C1","1.0","ACCELERA","BUDGET","OMIKRON AT"
"2754520ZKU2754520WZBT0004","6974845081408","23972KU","275/45R20 KUSTONE PASSION P9S 110W XL (4X4 / SUV SUMMER)","","60.13","275","45","20","W","110","","false","B","B","72","2","","14.0","KUSTONE","BUDGET WHOLESALE","PASSION P9S"
"2255518VVRAP22555018VQPPA02","8714692810756","","225/55R18 VREDESTEIN QUATRAC PRO+ 102V XL (4X4 / SUV ALL SEASON)","https://dcjqgkl774ppl.cloudfront.net/tyrecat/vredestein/quatracpro_plus_quatrac-pro-plus.png","78.43","225","55","18","V","102","XL","false","C","B","72","2","C1","2.0","VREDESTEIN","MID RANGE 2","QUATRAC PRO+"
"2254019ZTO4465225401981003","4981910554929","3866400","225/40R19 TOYO PROXES SPORT 2 93Y XL (CAR SUMMER)","https://dcjqgkl774ppl.cloudfront.net/tyrecat/toyo/proxessport2_proxes-sport-2.png","95.43","225","40","19","Y","93","XL","false","D","A","71","2","C1","21.0","TOYO","MID RANGE PREMIUM","PROXES SPORT 2"
"1955016VCO","4019238066555","","195/50R16 CONTINENTAL ULTRACONTACT 6 88V XL (CAR SUMMER)","","65.23","195","50","16","V","88","XL","false","B","A","69","2","","8.0","CONTINENTAL","PREMIUM","ULTRACONTACT"
"2254518ZVRAP22545018YQPPA02","8714692810688","","225/45R18 VREDESTEIN QUATRAC PRO+ 95Y XL (CAR ALL SEASON)","https://dcjqgkl774ppl.cloudfront.net/tyrecat/vredestein/quatracpro_plus_quatrac-pro-plus.png","84.55","225","45","18","Y","95","XL","false","C","B","72","2","C1","5.0","VREDESTEIN","MID RANGE 2","QUATRAC PRO+"
"2655020QPAPANCCN0161","8886459561000","PANCCN0161","265/50R20 PATRIOT R/T+ 121/118Q (4X4 / SUV SUMMER)","https://dcjqgkl774ppl.cloudfront.net/70/model/m_6168_patriot_rt.png","112.15","265","50","20","Q","121/118","","false","NA","NA","NA","NA","C2","28.0","PATRIOT","","R/T+"
"1756514TVRAP1756514TTT2A00","8714692277818","","175/65R14 VREDESTEIN T-TRAC 2 82T (CAR SUMMER)","http://ordering.vandenban.nl/profielen/vredestein_t-trac 2..jpg","42.09","175","65","14","T","82","","false","D","B","70","2","C1","8.0","VREDESTEIN","MID RANGE 2","TT2"
"2355018VVRAP23550018VQPPA02","8714692810701","AP23550018VQPPA02","235/50R18 VREDESTEIN QUATRAC PRO+ 101V XL (4X4 / SUV ALL SEASON)","https://dcjqgkl774ppl.cloudfront.net/tyrecat/vredestein/quatracpro_plus_quatrac-pro-plus.png","81.66","235","50","18","V","101","XL","false","C","B","72","2","C1","4.0","VREDESTEIN","MID RANGE 2","QUATRAC PRO+"
"2556017VRARSC0288","8886459529581","RSC0288","255/60R17 RADAR RPX-800+  110V XL (4X4 / SUV SUMMER)","http://images.tyresoft.biz/70/MODEL/rpx-800+sporttouring.jpg","62.17","255","60","17","V","110","XL","false","C","B","73","2","C1","30.0","RADAR","BUDGET","RPX-800+"
"2454519ZVRAP2454519YQPPA02","8714692810466","","245/45R19 VREDESTEIN QUATRAC PRO+ 102Y XL (CAR ALL SEASON)","https://dcjqgkl774ppl.cloudfront.net/tyrecat/vredestein/quatracpro_plus_quatrac-pro-plus.png","107.72","245","45","19","Y","102","XL","false","E","B","72","2","C1","4.0","VREDESTEIN","MID RANGE 2","QUATRAC PRO+"
"2354519ZVRAP2354519YQPPA02","8714692810473","AP23545019YQPPA02","235/45R19 VREDESTEIN QUATRAC PRO+ 99Y XL (CAR ALL SEASON)","https://dcjqgkl774ppl.cloudfront.net/tyrecat/vredestein/quatracpro_plus_quatrac-pro-plus.png","110.44","235","45","19","Y","99","XL","false","D","B","72","2","C1","4.0","VREDESTEIN","MID RANGE 2","QUATRAC PRO+"
"2454018ZVRAP2454018YQPPA02","8714692810602","","245/40R18 VREDESTEIN QUATRAC PRO+ 97Y XL (CAR ALL SEASON)","https://dcjqgkl774ppl.cloudfront.net/tyrecat/vredestein/quatracpro_plus_quatrac-pro-plus.png","77.33","245","40","18","Y","97","XL","false","C","B","72","2","C1","1.0","VREDESTEIN","MID RANGE 2","QUATRAC PRO+"
"2354518ZVRAP23545018YQPPA02","8714692810671","","235/45R18 VREDESTEIN QUATRAC PRO+ 98Y XL (CAR ALL SEASON)","https://dcjqgkl774ppl.cloudfront.net/tyrecat/vredestein/quatracpro_plus_quatrac-pro-plus.png","87.29","235","45","18","Y","98","XL","false","C","B","72","2","C1","5.0","VREDESTEIN","MID RANGE 2","QUATRAC PRO+"
"2553519ZVRAP2553519YQPPA02","8714692810374","AP25535019YQPPA02","255/35R19 VREDESTEIN QUATRAC PRO+ 96Y XL (CAR ALL SEASON)","https://dcjqgkl774ppl.cloudfront.net/tyrecat/vredestein/quatracpro_plus_quatrac-pro-plus.png","97.57","255","35","19","Y","96","XL","false","D","B","73","2","C1","15.0","VREDESTEIN","MID RANGE 2","QUATRAC PRO+"
"2157516RYOE5234","4548515007634","E5234","215/75R16 YOKOHAMA RY61 113/111R (VAN ALL SEASON)","https://dcjqgkl774ppl.cloudfront.net/tyrecat/yokohama/ry61_ry61.png","87.67","215","75","16","R","113/111","","false","C","B","73","2","C2","1.0","YOKOHAMA","MID RANGE 2","RY61"
"2157516RYOE5232","4548515007610","E5232","215/75R16 YOKOHAMA RY61 116/114R (VAN ALL SEASON)","https://dcjqgkl774ppl.cloudfront.net/tyrecat/yokohama/ry61_ry61.png","87.67","215","75","16","R","116/114","","false","C","B","73","2","C2","1.0","YOKOHAMA","MID RANGE 2","RY61"
"2555519ZVRAP25555019WQPPA02","8714692810541","AP25555019WQPPA02","255/55R19 VREDESTEIN QUATRAC PRO+ 111W XL (4X4 / SUV ALL SEASON)","https://dcjqgkl774ppl.cloudfront.net/tyrecat/vredestein/quatracpro_plus_quatrac-pro-plus.png","87.36","255","55","19","W","111","XL","false","C","B","72","2","C1","4.0","VREDESTEIN","MID RANGE 2","QUATRAC PRO+"
"2355519ZVRAP23555019WQPPA02","8714692810558","","235/55R19 VREDESTEIN QUATRAC PRO+ 105W XL (4X4 / SUV ALL SEASON)","https://dcjqgkl774ppl.cloudfront.net/tyrecat/vredestein/quatracpro_plus_quatrac-pro-plus.png","84.23","235","55","19","W","105","XL","false","C","B","72","2","C1","1.0","VREDESTEIN","MID RANGE 2","QUATRAC PRO+"
"2554020ZKU2554020WZBT0001","6974845081354","23842KU","255/40R20 KUSTONE PASSION P9S 101W XL (4X4 / SUV SUMMER)","","55.03","255","40","20","W","101","","false","B","B","72","2","","20.0","KUSTONE","BUDGET WHOLESALE","PASSION P9S"
"2253519ZAV4460297","0029142907459","589794","225/35R19 AVON ZV7 88Y XL (CAR SUMMER)","https://dcjqgkl774ppl.cloudfront.net/70/model/m_3024_avonzv7200x300engineeredintheukflag.png","71.35","225","35","19","Y","88","XL","false","D","A","70","2","C1","2.0","AVON","MID RANGE 2","ZV7"
"2554019ZKUP9-0028","6974845082252","23612KU","255/40R19 KUSTONE PASSION P9 100W XL RUNFLAT (CAR SUMMER)","","72.37","255","40","19","W","100","","true","C","B","71","2","C1","2.0","KUSTONE","BUDGET WHOLESALE","PASSION P9"
"2055517ZRARASYCN0019","8886459540432","RASYCN0019","205/55R17 RADAR RPX-800 95Y XL RUNFLAT (CAR SUMMER)","https://dcjqgkl774ppl.cloudfront.net/70/MODEL/rpx800.png","68.29","205","55","17","Y","95","XL","true","D","B","71","2","C1","23.0","RADAR","BUDGET","RPX-800"
"2453520ZRADSC0224","8886459517014","DSC0224","245/35R20 RADAR DIMAX R8+ 95Y XL RUNFLAT (CAR SUMMER)","http://omni-united.com/wp-content/uploads/2016/06/dimax-r8-plus.jpg","87.67","245","35","20","Y","95","XL","true","D","B","72","2","C1","30.0","RADAR","BUDGET","DIMAX R8+"
"2356516RYOE5231","4548515007603","E5231","235/65R16 YOKOHAMA RY61 121/119R (VAN ALL SEASON)","https://dcjqgkl774ppl.cloudfront.net/tyrecat/yokohama/ry61_ry61.png","82.58","235","65","16","R","121/119","","false","C","B","73","2","C2","12.0","YOKOHAMA","MID RANGE 2","RY61"
"2753520ZBR11165","3286341116519","11165","275/35R20 BRIDGESTONE POTENZA S001 102Y XL RUNFLAT * (CAR SUMMER)","http://www.etyre.net/preview/t3/br-s001rft.jpg","181.6","275","35","20","Y","102","XL","true","C","B","73","2","C1","1.0","BRIDGESTONE","PREMIUM","POTENZA S001"
"2453020ZRADSC0216","8886459516987","DSC0216","245/30R20 RADAR DIMAX R8+ 90Y XL (CAR SUMMER)","http://omni-united.com/wp-content/uploads/2016/06/dimax-r8-plus.jpg","54.01","245","30","20","Y","90","XL","false","C","B","72","2","C1","5.0","RADAR","BUDGET","DIMAX R8+"
"2454520ZRADSC0492","8886459523237","DSC0492","245/45R20 RADAR DIMAX R8+ 103Y XL RUNFLAT (CAR SUMMER)","http://omni-united.com/wp-content/uploads/2016/06/dimax-r8-plus.jpg","101.95","245","45","20","Y","103","XL","true","D","B","72","2","C1","19.0","RADAR","BUDGET","DIMAX R8+"
"2554018ZKU2554018ZRBT0014","6974845080531","23601KU","255/40R18 KUSTONE PASSION P9 99W XL (CAR SUMMER)","","51.97","255","40","18","W","99","","false","C","B","71","2","","1.0","KUSTONE","BUDGET WHOLESALE","PASSION P9"
"2753521ZBR10063","3286341006315","10063","275/35R21 BRIDGESTONE ALENZA 001 103Y XL RUNFLAT * (4X4 / SUV SUMMER)","https://dcjqgkl774ppl.cloudfront.net/tyrecat/alenza_001.png","208.03","275","35","21","Y","103","XL","true","B","B","73","2","C1","30.0","BRIDGESTONE","PREMIUM","ALENZA 001"
"2753520VGRSTATUS","6996779054518","3229007186","275/35R20 GRIPMAX STATUS PRO W 102V XL (CAR WINTER)","https://dcjqgkl774ppl.cloudfront.net/tyrecat/status_pro_w.png","94.3","275","35","20","V","102","XL","false","C","C","72","2","C1","2.0","GRIPMAX","BUDGET","STATUS PRO W"
"2453521ZRADSC0045","8886459506681","DSC0045","245/35R21 RADAR DIMAX R8+ 96Y RUNFLAT (CAR SUMMER)","http://omni-united.com/wp-content/uploads/2016/06/dimax-r8-plus.jpg","98.89","245","35","21","Y","96","","true","D","B","72","2","C1","3.0","RADAR","BUDGET","DIMAX R8+"
"2654022ZRARASYCN0008","8886459540326","RASYCN0008","265/40R22 RADAR DIMAX R8+ 106Y XL (4X4 / SUV SUMMER)","http://omni-united.com/wp-content/uploads/2016/06/dimax-r8-plus.jpg","78.49","265","40","22","Y","106","XL","false","C","B","73","2","C1","18.0","RADAR","BUDGET","DIMAX R8+"
"2254519ZKUP9-0019","6974845082191","23442KU","225/45R19 KUSTONE PASSION P9 96W XL RUNFLAT (CAR SUMMER)","","71.35","225","45","19","W","96","","true","C","B","71","2","","4.0","KUSTONE","BUDGET WHOLESALE","PASSION P9"
"20516TUN362811000","4024068669906","03628110000","205/80R16 UNIROYAL RAINEXPERT 3 104T XL (4X4 / SUV SUMMER)","https://dcjqgkl774ppl.cloudfront.net/70/MODEL/uniroyalexpert3.jpg","69.87","205","80","16","T","104","XL","false","C","A","72","2","C1","13.0","UNIROYAL","MID RANGE PREMIUM","RAINEXPERT 3"
"2256516TGR6969999003369","6969999003369","6969999003369","225/65R16 GRIPMAX SUREGRIP A/S CAMPING 112/110T (VAN ALL SEASON)","https://dcjqgkl774ppl.cloudfront.net/70/model/m_8412_comping-rnew.jpg","87.67","225","65","16","T","112/110","","false","D","B","73","2","C2","15.0","GRIPMAX","BUDGET","SUREGRIP A/S CAMPING"
"3153522ZKUP9S-0030","6974845082597","24071KU","315/35R22 KUSTONE PASSION P9S 111W XL RUNFLAT (4X4 / SUV SUMMER)","","114.19","315","35","22","W","111","XL","true","B","B","73","2","C1","1.0","KUSTONE","BUDGET WHOLESALE","PASSION P9S"
"3153520ZKUP9S-0017","6974845081446","24052KU","315/35R20 KUSTONE PASSION P9S 110W XL (4X4 / SUV SUMMER)","","61.15","315","35","20","W","110","","false","B","B","72","2","C1","5.0","KUSTONE","BUDGET WHOLESALE","PASSION P9S"
"1957516TGR6969999003383","6969999003383","6969999003383","195/75R16 GRIPMAX SUREGRIP A/S CAMPING 110/108T (VAN ALL SEASON)","https://dcjqgkl774ppl.cloudfront.net/70/model/m_8412_comping-rnew.jpg","75.43","195","75","16","T","110/108","","false","D","C","73","2","C2","30.0","GRIPMAX","BUDGET","SUREGRIP A/S CAMPING"
"2653518ZTO3813600","4981910503088","3813600","265/35R18 TOYO R888R 97Y XL (CAR SUMMER)","https://dcjqgkl774ppl.cloudfront.net/tyrecat/pxr8r.png","102.97","265","35","18","Y","97","XL","false","D","D","73","2","C1","4.0","TOYO","MID RANGE PREMIUM","R888R"
"2157516TGR6969999003390","6969999003390","221032618","215/75R16 GRIPMAX SUREGRIP A/S CAMPING 113/111T (VAN ALL SEASON)","https://dcjqgkl774ppl.cloudfront.net/70/model/m_8412_comping-rnew.jpg","88.69","215","75","16","T","113/111","","false","D","B","73","B","C1","30.0","GRIPMAX","BUDGET","SUREGRIP A/S CAMPING"
"2854520ZKUP9S-0015","6974845081422","24022KU","285/45R20 KUSTONE PASSION P9S 112W XL (4X4 / SUV SUMMER)","","72.37","285","45","20","W","112","","false","B","B","72","2","C1","30.0","KUSTONE","BUDGET WHOLESALE","PASSION P9S"
"2654521ZRARASYCN0007","8886459540319","RASYCN0007","265/45R21 RADAR DIMAX R8+ 108Y XL (4X4 / SUV SUMMER)","http://omni-united.com/wp-content/uploads/2016/06/dimax-r8-plus.jpg","81.55","265","45","21","Y","108","XL","false","C","B","73","2","C1","13.0","RADAR","BUDGET","DIMAX R8+"
"2454520ZKUP9S-0007","6974845081347","23832KU","245/45R20 KUSTONE PASSION P9S 103W XL (4X4 / SUV SUMMER)","","52.99","245","45","20","W","103","","false","B","B","72","2","C1","30.0","KUSTONE","BUDGET WHOLESALE","PASSION P9S"
"2553519ZKUP9-0027","6974845082245","23581KU","255/35R19 KUSTONE PASSION P9 96W XL RUNFLAT (CAR SUMMER)","","71.35","255","35","19","W","96","XL","true","C","B","71","2","","10.0","KUSTONE","BUDGET WHOLESALE","PASSION P9"
"2557018TTO3951300","4981910783169","3951300","255/70R18 TOYO OPAT+ 113T (4X4 / SUV SUMMER)","https://dcjqgkl774ppl.cloudfront.net/70/MODEL/to-openat.jpg","82.57","255","70","18","T","113","","false","D","D","70","2","C1","7.0","TOYO","MID RANGE PREMIUM","OPAT+"
"2454020ZGR6959956779130","6959956779130","221027475","245/40R20 GRIPMAX SUREGRIP A/S 99W XL (CAR ALL SEASON)","https://dcjqgkl774ppl.cloudfront.net/tyrecat/status-allclimate.png","80.51","245","40","20","W","99","XL","false","C","C","72","B","C1","1.0","GRIPMAX","BUDGET","SUREGRIP A/S"
"2554020ZGR6959956779147","6959956779147","221027477","255/40R20 GRIPMAX SUREGRIP A/S 101W XL (CAR ALL SEASON)","https://dcjqgkl774ppl.cloudfront.net/tyrecat/status-allclimate.png","86.65","255","40","20","W","101","XL","false","C","C","73","B","C1","7.0","GRIPMAX","BUDGET","SUREGRIP A/S"
"2854520ZGR6969999080360","6969999080360","6969999080360","285/45R20 GRIPMAX SUREGRIP A/S 112W XL (CAR ALL SEASON)","https://dcjqgkl774ppl.cloudfront.net/tyrecat/status-allclimate.png","112.15","285","45","20","W","112","XL","false","B","B","75","B","C1","4.0","GRIPMAX","BUDGET","SUREGRIP A/S"
"2257016HTO3951500","4981910783978","3951500","225/70R16 TOYO OPAT+ 103H (4X4 / SUV SUMMER)","https://dcjqgkl774ppl.cloudfront.net/70/MODEL/to-openat.jpg","74.42","225","70","16","H","103","","false","D","D","70","2","C1","1.0","TOYO","MID RANGE PREMIUM","OPAT+"
"1955516VVRAP1955516VQT6A02","8714692809071","","195/55R16 VREDESTEIN QUATRAC 91V XL (CAR ALL SEASON)","https://dcjqgkl774ppl.cloudfront.net/tyrecat/vredestein/quatrac_quatrac.png","63.88","195","55","16","V","91","XL","false","C","B","70","2","C1","4.0","VREDESTEIN","MID RANGE 2","QUATRAC"
"2157516RCO471317000","4019238318395","04713170000","215/75R16 CONTINENTAL VANCOCAMPER 116R FOR (VAN SUMMER)","http://www.etyre.net/preview/t3/co-vancocamp.jpg","129.76","215","75","16","R","116/114","","false","C","B","72","2","C2","14.0","CONTINENTAL","PREMIUM","VANCOCAMPER"
"2354520ZGR6969999080353","6969999080353","221027481","235/45R20 GRIPMAX SUREGRIP A/S 100W XL (CAR ALL SEASON)","https://dcjqgkl774ppl.cloudfront.net/tyrecat/status-allclimate.png","85.63","235","45","20","W","100","XL","false","C","C","72","B","C1","1.0","GRIPMAX","BUDGET","SUREGRIP A/S"
"2853522ZAC8997020612295","8997020613865","1200033292","285/35R22 ACCELERA IOTA ST-68 106W XL (4X4 / SUV SUMMER)","https://dcjqgkl774ppl.cloudfront.net/70/MODEL/iotast-68.jpg","64.21","285","35","22","W","106","XL","false","C","C","68","1","C1","6.0","ACCELERA","BUDGET","IOTA ST-68"
"2257516TGR6969999003406","6969999003406","6969999003406","225/75R16 GRIPMAX SUREGRIP A/S CAMPING 118/116T (VAN ALL SEASON)","https://dcjqgkl774ppl.cloudfront.net/70/model/m_8412_comping-rnew.jpg","87.67","225","75","16","T","118/116","","false","D","B","73","B","","30.0","GRIPMAX","BUDGET","SUREGRIP A/S CAMPING"
"2753520ZAC8997020612950","8997020612950","1200023137","275/35R20 ACCELERA PHI-2 102Y XL (CAR SUMMER)","https://dcjqgkl774ppl.cloudfront.net/70/MODEL/accelera_phi_2.jpg","60.13","275","35","20","Y","102","XL","false","D","C","72","2","C1","30.0","ACCELERA","BUDGET","PHI-2"
"2157015TGR6969999003345","6969999003345","221032613","215/70R15 GRIPMAX SUREGRIP A/S CAMPING 109/107T (VAN ALL SEASON)","https://dcjqgkl774ppl.cloudfront.net/70/model/m_8412_comping-rnew.jpg","76.45","215","70","15","T","109/107","","false","D","B","73","B","C1","30.0","GRIPMAX","BUDGET","SUREGRIP A/S CAMPING"
"2155518VTO3800400","4981910784265","3800400","215/55R18 TOYO OPUT 99V XL (4X4 / SUV SUMMER)","https://dcjqgkl774ppl.cloudfront.net/tyrecat/oput.png","74.51","215","55","18","V","99","XL","false","D","C","71","2","C1","12.0","TOYO","MID RANGE PREMIUM","OPUT"
"2055517VKU2142013","8808956119751","2142013","205/55R17 KUMHO KH25 91V (CAR SUMMER)","https://dcjqgkl774ppl.cloudfront.net/70/MODEL/kh25.png","56.23","205","55","17","V","91","","false","C","C","67","1","C1","1.0","KUMHO","MID RANGE PREMIUM","KH25"
"1857516RUN04523520000","4024068005964","04523520000","185/75R16 UNIROYAL RAIN MAX 5 104/102R (VAN SUMMER)","https://dcjqgkl774ppl.cloudfront.net/tyrecat/uniroyal/rainmax5_rainmax5.png","68.54","185","75","16","R","104/102","","false","C","B","72","2","C2","4.0","UNIROYAL","MID RANGE PREMIUM","RAIN MAX 5"
"1956516TUN04523490000","4024068005988","04523490000","195/65R16 UNIROYAL RAIN MAX 5 104/100/102T (VAN SUMMER)","https://dcjqgkl774ppl.cloudfront.net/tyrecat/uniroyal/rainmax5_rainmax5.png","68.88","195","65","16","T","104/100/102","","false","C","B","72","2","C2","4.0","UNIROYAL","MID RANGE PREMIUM","RAIN MAX 5"
"2354518ZMI760324","3528707603241","760324","235/45R18 MICHELIN PRIMACY 5 98W XL (CAR SUMMER)","","128.62","235","45","18","W","98","XL","false","B","A","070","2","C1","6.0","MICHELIN","PREMIUM","PRIMACY 5"
"2156515TUN04523440000","4024068006053","04523440000","215/65R15 UNIROYAL RAIN MAX 5 104/102T (VAN SUMMER)","https://dcjqgkl774ppl.cloudfront.net/tyrecat/uniroyal/rainmax5_rainmax5.png","82.18","215","65","15","T","104/102","","false","C","B","72","2","C2","2.0","UNIROYAL","MID RANGE PREMIUM","RAIN MAX 5"
"2056516TUN04523370000","4024068006008","04523370000","205/65R16 UNIROYAL RAIN MAX 5 107/103/105T (VAN SUMMER)","https://dcjqgkl774ppl.cloudfront.net/tyrecat/uniroyal/rainmax5_rainmax5.png","78.41","205","65","16","T","107/103/105","","false","C","B","72","2","C2","2.0","UNIROYAL","MID RANGE PREMIUM","RAIN MAX 5"
"2555020ZAVS250293","0029142848417","589765","255/50R20 AVON ZX7 109Y XL (4X4 / SUV SUMMER)","https://dcjqgkl774ppl.cloudfront.net/70/model/m_3026_avonzx7200x300engineeredintheukflag.png","99.91","255","50","20","Y","109","XL","false","B","A","71","2","C1","11.0","AVON","MID RANGE 2","ZX7"
"2156017TUN04523530000","4024068005957","04523530000","215/60R17 UNIROYAL RAIN MAX 5 109/104/107T (VAN SUMMER)","https://dcjqgkl774ppl.cloudfront.net/tyrecat/uniroyal/rainmax5_rainmax5.png","101.02","215","60","17","T","109/104/107","","false","C","B","72","2","C2","1.0","UNIROYAL","MID RANGE PREMIUM","RAIN MAX 5"
"2857017QCO0076161","0029142850588","9023652","285/70R17 COOPER DISCOVERER STT PRO POR RWL 121Q (4X4 / SUV SUMMER)","http://images.tyresoft.biz/tyrecat/discoverer_stt_pro.png","134.59","285","70","17","Q","121","","false","NA","NA","NA","NA","","2.0","COOPER","MID RANGE 3","DISCOVERER STT PRO POR RWL"
"2155517VCO0314304000","4019238282405","03143040000","215/55R17 CONTINENTAL ECOCONTACT 6 Q 94V EVC (CAR SUMMER)","https://dcjqgkl774ppl.cloudfront.net/tyrecat/continental/ecocontact6q_ecocontact-6q.png","95.69","215","55","17","V","94","","false","A","B","68","1","C1","2.0","CONTINENTAL","PREMIUM","ECOCONTACT 6 Q"
"2254018ZCO0355359000","4019238091977","03553590000","225/40R18 CONTINENTAL ALLSEASONCONTACT 2 92Y XL EVC (CAR ALL SEASON)","","73.81","225","40","18","Y","92","XL","false","C","B","71","2","C1","21.0","CONTINENTAL","PREMIUM","ALLSEASONCONTACT 2"
"2153519ZAC8997020611458","8997020611458","1200000073","215/35R19 ACCELERA PHI 85Y (CAR SUMMER)","https://dcjqgkl774ppl.cloudfront.net/70/MODEL/accphi.jpg","38.71","215","35","19","Y","85","XL","false","D","C","72","2","C1","30.0","ACCELERA","BUDGET","PHI"
"2356517VAVS250114","0029142848240","589736","235/65R17 AVON ZX7 104V (4X4 / SUV SUMMER)","https://dcjqgkl774ppl.cloudfront.net/70/model/m_3026_avonzx7200x300engineeredintheukflag.png","70.25","235","65","17","V","104","","false","C","A","69","2","C1","5.0","AVON","MID RANGE 2","ZX7"
"1756514TKU2315623","8808956334154","2315623","175/65R14 KUMHO ES31 82T (CAR SUMMER)","https://dcjqgkl774ppl.cloudfront.net/tyrecat/es31.png","30.52","175","65","14","T","82","","false","C","C","70","2","C1","5.0","KUMHO","MID RANGE PREMIUM","ES31"
"2055519ZTRTX3R1931","6958460922773","YSTX3R1931","205/55R19 TRACMAX X-PRIVILO TX3 97W XL (CAR SUMMER)","https://dcjqgkl774ppl.cloudfront.net/70/model/m_4603_tracmaxx-privilotx3.jpg","46.87","205","55","19","W","97","XL","false","C","B","69","1","C1","18.0","TRACMAX","BUDGET","X-PRIVILO TX3"
"2754020ZKU2271383","8808956280369","2271383","275/40R20 KUMHO PS71 106Y XL (4X4 / SUV SUMMER)","https://dcjqgkl774ppl.cloudfront.net/tyrecat/ps71.png","91.29","275","40","20","Y","106","XL","false","C","A","73","2","C1","30.0","KUMHO","MID RANGE PREMIUM","PS71"
"2356517VKU2263273","8808956271282","2263273","235/65R17 KUMHO PS71 108V XL (4X4 / SUV SUMMER)","https://dcjqgkl774ppl.cloudfront.net/tyrecat/ps71.png","61.86","235","65","17","V","108","XL","false","C","A","72","2","C1","20.0","KUMHO","MID RANGE PREMIUM","PS71"
"1857516SZE03.118.01","6921109015181","03.118.01","185/75R16 ZETA ZTR18 104/102S (VAN SUMMER)","https://dcjqgkl774ppl.cloudfront.net/70/images/ze-ztr18.jpg","41.31","185","75","16","S","104/102","","false","D","C","72","2","C1","20.0","ZETA","House Brand","ZTR18"
"2555518VAVS250391","0029142848325","589768","255/55R18 AVON ZX7 109V XL (4X4 / SUV SUMMER)","https://dcjqgkl774ppl.cloudfront.net/70/model/m_3026_avonzx7200x300engineeredintheukflag.png","62.17","255","55","18","V","109","XL","false","B","A","71","2","C1","1.0","AVON","MID RANGE 2","ZX7"
"2157016HKU2248213","8808956254353","2248213","215/70R16 KUMHO HP71 100H (4X4 / SUV SUMMER)","https://dcjqgkl774ppl.cloudfront.net/tyrecat/hp71.png","59.0","215","70","16","H","100","","false","D","D","71","2","C1","28.0","KUMHO","MID RANGE PREMIUM","HP71"
"2953022ZACST68","8997020616750","8997020616750","295/30R22 ACCELERA IOTA ST-68 103Y XL (4X4 / SUV SUMMER)","https://dcjqgkl774ppl.cloudfront.net/70/MODEL/iotast-68.jpg","72.37","295","30","22","Y","103","XL","false","C","C","74","2","C1","13.0","ACCELERA","BUDGET","IOTA ST-68"
"2355019VCO","4019238674347","","235/50R19 CONTINENTAL ULTRACONTACT 6 SUV FR 99V (4X4 / SUV SUMMER)","","90.73","235","50","19","V","99","","false","B","A","71","2","C1","14.0","CONTINENTAL","PREMIUM","ULTRACONTACT"
"2355018VGO532075","5452000471772","532075","235/50R18 GOODYEAR EAGLE F1 (ASYMMETRIC) 3 SUV 97V (4X4 / SUV SUMMER)","http://images.tyresoft.biz/70/MODEL/eaglef1(asymmetric)3suv.jpg","82.57","235","50","18","V","97","","false","C","A","69","2","C1","1.0","GOODYEAR","PREMIUM","EAGLE F1 (ASYMMETRIC) 3 SUV"
"1856016HNAJC472","4717622042238","JC472","185/60R16 NANKANG ECO-2+ 86H (CAR SUMMER)","http://ordering.vandenban.nl/profielen/nankang_eco-2 xl.jpg","41.03","185","60","16","H","86","","false","D","B","70","2","C1","1.0","NANKANG","BUDGET","ECO-2+"
"1857013NNAEB187","4717622057102","EB187","185/70R13 NANKANG TR-10 106/104N (VAN SUMMER)","https://dcjqgkl774ppl.cloudfront.net/70/MODEL/na-tr10.jpg","41.57","185","70","13","N","106/104","","false","E","C","72","2","C2","12.0","NANKANG","BUDGET","TR-10"
"2355517VAVS250018","0029142848226","589750","235/55R17 AVON ZX7 99V (4X4 / SUV SUMMER)","https://dcjqgkl774ppl.cloudfront.net/70/model/m_3026_avonzx7200x300engineeredintheukflag.png","72.38","235","55","17","V","99","","false","D","A","69","2","C2","6.0","AVON","MID RANGE 2","ZX7"
"2355517HHA1024258","8808563453507","1024258","235/55R17 HANKOOK VENTUS PRIME 3X K125A 103H XL VOLKSWAGEN (4X4 / SUV SUMMER)","https://dcjqgkl774ppl.cloudfront.net/tyrecat/k125.png","82.34","235","55","17","H","103","XL","false","A","B","72","2","C1","8.0","HANKOOK","MID RANGE 2","VENTUS PRIME 3X K125A"
"1858014STRRF19CR1402","6958460919315","RF19CR1402","185/80R14 TRACMAX X-PRIVILO RF19 102/100S (VAN SUMMER)","https://dcjqgkl774ppl.cloudfront.net/70/model/m_5440_rf19.jpg","31.57","185","80","14","S","102/100","","false","C","C","71","2","C2","30.0","TRACMAX","BUDGET","X-PRIVILO RF19"
"2255517ZAV4460093","0029142846482","589713","225/55R17 AVON ZV7 BSW 101W XL (CAR SUMMER)","https://dcjqgkl774ppl.cloudfront.net/70/model/m_3024_avonzv7200x300engineeredintheukflag.png","61.15","225","55","17","W","101","XL","false","C","A","70","2","C1","2.0","AVON","MID RANGE 2","ZV7"
"2453519ZRADSC0373","8886459522742","DSC0373","245/35R19 RADAR DIMAX R8 93Y XL (CAR SUMMER)","https://dcjqgkl774ppl.cloudfront.net/70/MODEL/dimaxr8_(45).jpg","47.89","245","35","19","Y","93","XL","false","D","B","72","2","C1","30.0","RADAR","BUDGET","DIMAX R8"
"2255519ZRADSC0477","8886459525361","DSC0477","225/55R19 RADAR DIMAX R8+ 103Y XL (4X4 / SUV SUMMER)","https://dcjqgkl774ppl.cloudfront.net/tyrecat/dimax-r8-plus.jpg","57.07","225","55","19","Y","103","XL","false","C","B","72","2","C1","30.0","RADAR","BUDGET","DIMAX R8+"
"2255017ZAVS460296","0029142846420","589702","225/50R17 AVON ZV7 BSW 98W XL (CAR SUMMER)","https://dcjqgkl774ppl.cloudfront.net/70/model/m_3024_avonzv7200x300engineeredintheukflag.png","62.17","225","50","17","W","98","XL","false","C","A","70","2","C1","1.0","AVON","MID RANGE 2","ZV7"
"2156515HACPLUSH","8997020615883","1200038179","215/65R15 ACCELERA ECO PLUSH 100H XL (CAR SUMMER)","https://dcjqgkl774ppl.cloudfront.net/70/MODEL/accecoplush.jpg","37.69","215","65","15","H","100","XL","false","D","C","68","1","C1","23.0","ACCELERA","BUDGET","ECO PLUSH"
"1954517ZRARSC0276","8886459528317","RSC0276","195/45R17 RADAR RPX 800 85W XL (CAR SUMMER)","https://dcjqgkl774ppl.cloudfront.net/tyrecat/rpx-800.jpg","37.69","195","45","17","W","85","XL","false","D","B","72","2","C1","27.0","RADAR","BUDGET","RPX-800"
"1955516VRARSC0268","8886459528232","RSC0268","195/55R16 RADAR RPX 800 91V XL (CAR SUMMER)","https://dcjqgkl774ppl.cloudfront.net/tyrecat/rpx-800.jpg","33.15","195","55","16","V","91","XL","false","C","B","72","2","C1","23.0","RADAR","BUDGET","RPX-800"
"2056017ZHA1025167","8808563464992","1025167","205/60R17 HANKOOK VENTUS PRIME3 K125 97W XL BMW (CAR SUMMER)","https://dcjqgkl774ppl.cloudfront.net/tyrecat/k125.png","77.0","205","60","17","W","97","XL","false","A","A","68","1","C1","5.0","HANKOOK","MID RANGE 2","VENTUS PRIME3 K125"
"2254517ZAVS460213","0029142846574","589703","225/45R17 AVON ZV7 BSW 91Y (CAR SUMMER)","https://dcjqgkl774ppl.cloudfront.net/70/model/m_3024_avonzv7200x300engineeredintheukflag.png","47.81","225","45","17","Y","91","","false","D","A","69","2","C1","26.0","AVON","MID RANGE 2","ZV7"
"2057015HRARSC0266","8886459528218","RSC0266","205/70R15 RADAR RPX 800 100H XL (4X4 / SUV SUMMER)","https://dcjqgkl774ppl.cloudfront.net/tyrecat/rpx-800.jpg","38.25","205","70","15","H","100","XL","false","C","C","72","2","","21.0","RADAR","BUDGET","RPX-800"
"2157015TRARGD0032","8886459520625","RGD0032","215/70R15 RADAR ARGONITE RV-4 109/107T (VAN SUMMER)","","47.89","215","70","15","T","109/107","","false","C","B","72","2","C2","30.0","RADAR","BUDGET","ARGONITE RV-4"
"1957516RUN04523390000","4024068006046","04523390000","195/75R16 UNIROYAL RAIN MAX 5 110/108R (VAN SUMMER)","https://dcjqgkl774ppl.cloudfront.net/tyrecat/uniroyal/rainmax5_rainmax5.png","68.47","195","75","16","R","110/108","","false","C","B","72","2","C2","3.0","UNIROYAL","MID RANGE PREMIUM","RAIN MAX 5"
"2355018HHA1024259","8808563453514","1024259","235/50R18 HANKOOK VENTUS S1 EVO3 SUV K127A 101H XL VOLKSWAGEN (4X4 / SUV SUMMER)","https://dcjqgkl774ppl.cloudfront.net/tyrecat/ventuss1evo3.png","88.21","235","50","18","H","101","XL","false","A","B","69","1","C1","1.0","HANKOOK","MID RANGE 2","VENTUS S1 EVO3 SUV K127A"
"1954017ZTRTX3R1718","6958460920847","YSTX3R1718","195/40R17 TRACMAX XPRIVILO TX3 81W XL (CAR SUMMER)","https://dcjqgkl774ppl.cloudfront.net/70/MODEL/tracmaxx-privilotx3.jpg","28.05","195","40","17","W","81","XL","false","C","B","69","1","C1","1.0","TRACMAX","BUDGET","X-PRIVILO TX3"
"2254518ZBLBA2316","6973307193437","BA2316","225/45R18 BLACKARROW P16 95W XL (CAR SUMMER)","","35.19","225","45","18","W","95","XL","false","C","B","72","2","C1","30.0","BLACKARROW","BUDGET WHOLESALE","P16"
"2253518ZTO3865100","4981910551546","3865100","225/35R18 TOYO PXSP2 87Y XL (CAR SUMMER)","https://dcjqgkl774ppl.cloudfront.net/tyrecat/toyo/pxsp2_proxes-sport-2.png","69.31","225","35","18","Y","87","XL","false","D","A","71","2","","13.0","TOYO","MID RANGE PREMIUM","PXSP2"
"2254018ZTO3864700","4981910552161","3864700","225/40R18 TOYO PXSP2 92Y XL (CAR SUMMER)","https://dcjqgkl774ppl.cloudfront.net/tyrecat/toyo/pxsp2_proxes-sport-2.png","47.89","225","40","18","Y","92","XL","false","D","A","71","2","C1","30.0","TOYO","MID RANGE PREMIUM","PXSP2"
"2055516VAV589825","0029142846246","589825","205/55R16 AVON ZV7 91V (CAR SUMMER)","https://dcjqgkl774ppl.cloudfront.net/70/model/m_3024_avonzv7200x300engineeredintheukflag.png","39.27","205","55","16","V","91","","false","D","A","69","2","C1","26.0","AVON","MID RANGE 2","ZV7"
"2454518ZTO3864500","4981910552154","3864500","245/45R18 TOYO PXSP2 100Y XL (CAR SUMMER)","https://dcjqgkl774ppl.cloudfront.net/tyrecat/toyo/pxsp2_proxes-sport-2.png","67.27","245","45","18","Y","100","XL","false","C","B","71","71","","22.0","TOYO","MID RANGE PREMIUM","PXSP2"
"2553520ZTO3865600","4981910551423","3865600","255/35R20 TOYO PXSP2 97Y XL (CAR SUMMER)","https://dcjqgkl774ppl.cloudfront.net/tyrecat/toyo/pxsp2_proxes-sport-2.png","88.69","255","35","20","Y","97","XL","false","C","A","71","2","C1","9.0","TOYO","MID RANGE PREMIUM","PXSP2"
"2355518VHA1015947","8808563359502","1015947","235/55R18 HANKOOK VENTUS S1 EVO2 SUV K117A 100V OE (4X4 / SUV SUMMER)","http://www.etyre.net/preview/t3/ha-k117a.jpg","75.72","235","55","18","V","100","","false","C","C","68","1","C1","30.0","HANKOOK","MID RANGE 2","VENTUS S1 EVO2 SUV K117A"
"2056515VAVS460018","0029142846291","589644","205/65R15 AVON ZV7 BSW 94V (CAR SUMMER)","https://dcjqgkl774ppl.cloudfront.net/70/model/m_3024_avonzv7200x300engineeredintheukflag.png","46.87","205","65","15","V","94","","false","D","A","69","2","C1","8.0","AVON","MID RANGE 2","ZV7"
"2553519ZTO3865500","4981910553298","3865500","255/35R19 TOYO PXSP2 96Y XL (CAR SUMMER)","https://dcjqgkl774ppl.cloudfront.net/tyrecat/toyo/pxsp2_proxes-sport-2.png","80.57","255","35","19","Y","96","XL","false","D","B","71","71","C1","13.0","TOYO","MID RANGE PREMIUM","PXSP2"
"2353519ZTO3865300","4981910553380","3865300","235/35R19 TOYO PXSP2 91Y XL (CAR SUMMER)","https://dcjqgkl774ppl.cloudfront.net/tyrecat/toyo/pxsp2_proxes-sport-2.png","80.97","235","35","19","Y","91","XL","false","D","A","71","2","C1","6.0","TOYO","MID RANGE PREMIUM","PXSP2"
"2255017ZUN3610630000","4024068002222","03610630000","225/50R17 UNIROYAL RAINSPORT 5 94Y (CAR SUMMER)","https://dcjqgkl774ppl.cloudfront.net/70/model/m_5279_rs5.jpg","74.92","225","50","17","Y","94","","false","C","A","71","2","C1","4.0","UNIROYAL","MID RANGE PREMIUM","RAINSPORT 5"
"1954515VUN3610110000","4024068002154","03610110000","195/45R15 UNIROYAL RAINSPORT 5 78V (CAR SUMMER)","https://dcjqgkl774ppl.cloudfront.net/70/model/m_5279_rs5.jpg","60.24","195","45","15","V","78","","false","D","A","71","2","C1","4.0","UNIROYAL","MID RANGE PREMIUM","RAINSPORT 5"
"2055517VBREP150","3286343115817","","205/55R17 BRIDGESTONE ECOPIA EP150 91V (CAR SUMMER)","https://www.etyre.net/preview/t3/br-ep150.jpg","63.19","205","55","17","V","91","","false","NA","NA","NA","NA","C1","18.0","BRIDGESTONE","PREMIUM","ECOPIA EP150"
"1955516VAVS460111","0029142845799","S460111","195/55R16 AVON ZV7 87V (CAR SUMMER)","https://dcjqgkl774ppl.cloudfront.net/70/model/m_3024_avonzv7200x300engineeredintheukflag.png","67.27","195","55","16","V","87","","false","D","A","70","2","C1","2.0","AVON","MID RANGE 2","ZV7"
"2157015RMAMAC2","4717784307053","TL00014100","215/70R15 MAXXIS CAMPRO MA-C2 109R (VAN CAMPER SUMMER)","","77.97","215","70","15","R","109","","false","D","A","71","B","C2","1.0","MAXXIS","BUDGET","CAMPRO MA-C2"
"2055516ZAVS460011","0029142846062","589621","205/55R16 AVON ZV7 BSW 91W (CAR SUMMER)","https://dcjqgkl774ppl.cloudfront.net/70/model/m_3024_avonzv7200x300engineeredintheukflag.png","45.86","205","55","16","W","91","","false","D","A","69","2","C1","1.0","AVON","MID RANGE 2","ZV7"
"1956515HTO3861000","4981910548928","3861000","195/65R15 TOYO CSA2 91H (CAR ALL SEASON)","https://dcjqgkl774ppl.cloudfront.net/tyrecat/toyo/csa2_celsius-as2.png","31.11","195","65","15","H","91","","false","D","B","71","2","C1","16.0","TOYO","MID RANGE PREMIUM","CSA2"
"2553521ZCO0314460000","4019238401516","03144600000","255/35R21 CONTINENTAL SPORTCONTACT 6 98Y XL AO1|EVC CONTISILENT (CAR SUMMER)","https://dcjqgkl774ppl.cloudfront.net/tyrecat/sportcontact-6-tire-image.png","196.64","255","35","21","Y","98","XL","false","C","A","73","2","C1","1.0","CONTINENTAL","PREMIUM","SPORTCONTACT 6"
"2453020ZTRTX3R2011","6958460912750","YSTX3R2011","245/30R20 TRACMAX X-PRIVILO TX3 95Y XL (CAR SUMMER)","https://dcjqgkl774ppl.cloudfront.net/70/model/m_4603_tracmaxx-privilotx3.jpg","48.91","245","30","20","Y","95","XL","false","C","B","69","1","C1","16.0","TRACMAX","BUDGET","X-PRIVILO TX3"
"2454519ZRADSC0460","8886459525194","DSC0460","245/45R19 RADAR DIMAX R8+ 102Y XL RUNFLAT (CAR SUMMER)","https://dcjqgkl774ppl.cloudfront.net/tyrecat/dimax-r8-plus.jpg","78.49","245","45","19","Y","102","XL","true","D","B","72","2","C1","15.0","RADAR","BUDGET","DIMAX R8+"
"2254018ZTO3858200","4981910549604","3858200","225/40R18 TOYO CSA2 92Y XL (CAR ALL SEASON)","https://dcjqgkl774ppl.cloudfront.net/tyrecat/toyo/csa2_celsius-as2.png","74.8","225","40","18","Y","92","XL","false","C","B","71","2","C1","1.0","TOYO","MID RANGE PREMIUM","CSA2"
"2554520ZRADSC0461","8886459525200","DSC0461","255/45R20 RADAR DIMAX R8+ 101W RUNFLAT (4X4 / SUV SUMMER)","https://dcjqgkl774ppl.cloudfront.net/tyrecat/dimax-r8-plus.jpg","110.11","255","45","20","W","101","","true","D","B","72","2","C1","24.0","RADAR","BUDGET","DIMAX R8+"
"2354017ZTO4012700","4981910500919","4012700","235/40R17 TOYO PROXES SPORT 94Y XL (CAR SUMMER)","https://dcjqgkl774ppl.cloudfront.net/tyrecat/pxsp-proxes_sport.jpg","59.11","235","40","17","Y","94","XL","false","D","A","70","2","C1","4.0","TOYO","MID RANGE PREMIUM","PROXES SPORT"
"2055519VUN0361212000","4024068005728","03612120000","205/55R19 UNIROYAL RAINSPORT 5 97V XL (CAR SUMMER)","https://dcjqgkl774ppl.cloudfront.net/70/model/m_5279_rs5.jpg","78.73","205","55","19","V","97","XL","false","C","A","72","2","C1","4.0","UNIROYAL","MID RANGE PREMIUM","RAINSPORT 5"
"1656015HHA1022785","8808563433561","1022785","165/60R15 HANKOOK KINERGY ECO 2 K435 77H REP (CAR SUMMER)","https://dcjqgkl774ppl.cloudfront.net/tyrecat/k435.png","47.11","165","60","15","H","77","","false","C","B","70","2","C1","13.0","HANKOOK","MID RANGE 2","KINERGY ECO 2 K435"
"2753020ZYOR0716","4968814888145","R0716","275/30R20 YOKOHAMA V105 MO 97Y XL (CAR SUMMER)","http://ordering.vandenban.nl/profielen/yokohama_advan_sport_v105_diagonal.jpg","129.49","275","30","20","Y","97","XL","false","D","A","73","2","C1","8.0","YOKOHAMA","MID RANGE 2","V105"
"2055516VKU2232243","8808956252106","2232243","205/55R16 KUMHO ES31 91V (CAR SUMMER)","http://images.tyresoft.biz/tyrecat/es31.png","37.55","205","55","16","V","91","","false","B","B","70","2","C1","13.0","KUMHO","MID RANGE PREMIUM","ES31"
"2156016TTRRF19CR1612","6958460912675","YSRF19CR1612","215/60R16 TRACMAX X-PRIVILO RF19 103/101T (VAN SUMMER)","https://dcjqgkl774ppl.cloudfront.net/70/model/m_4332_rf19.jpg","39.73","215","60","16","T","103/101","","false","C","C","71","2","","7.0","TRACMAX","BUDGET","X-PRIVILO RF19"
"2554019ZRADSC0489","8886459523206","DSC0489","255/40R19 RADAR DIMAX R8+ 100Y XL RUNFLAT (CAR SUMMER)","http://images.tyresoft.biz/70/MODEL/dimaxr8+_45.jpg","78.49","255","40","19","Y","100","XL","true","D","B","73","2","C1","17.0","RADAR","BUDGET","DIMAX R8+"
"2353021ZAC1200047651","8994234020601","1200047651","235/30R21 ACCELERA PHI 89Y OLD DOT (CAR SUMMER)","http://images.tyresoft.co.uk/70/MODEL/accphi.jpg","53.85","235","30","21","Y","89","","false","D","C","70","2","C1","14.0","ACCELERA","BUDGET","PHI"
"331220QAC1200043413","8997020617511","1200043413","33/12.50R20 ACCELERA MT-01 114Q (4X4 / SUV SUMMER)","https://dcjqgkl774ppl.cloudfront.net/tyrecat/mt-01.png","119.29","33","1250","20","Q","114","","false","NA","NA","NA","NA","C2","24.0","ACCELERA","BUDGET","MT-01"
"2154517ZAVS460390","0029142846451","589710","215/45R17 AVON ZV7 BSW 91W XL (CAR SUMMER)","https://dcjqgkl774ppl.cloudfront.net/70/model/m_3024_avonzv7200x300engineeredintheukflag.png","51.97","215","45","17","W","91","XL","false","D","A","70","2","C1","8.0","AVON","MID RANGE 2","ZV7"
"1955516HBR13549-1","3286341354911","13549","195/55R16 BRIDGESTONE TL T005 (NEU) 87H (CAR SUMMER)","","71.35","195","55","16","H","87","","false","B","B","71","2","C1","9.0","BRIDGESTONE","PREMIUM","T005"
"2655019VMI665209","3528706652097","665209","265/50R19 MICHELIN CROSSCLIMATE SUV 110V XL (4X4 / SUV ALL SEASON)","https://dcjqgkl774ppl.cloudfront.net/70/MODEL/michelin-cross-climate-suv.jpg","119.29","265","50","19","V","110","XL","false","C","B","70","1","C1","1.0","MICHELIN","PREMIUM","CROSSCLIMATE SUV"
"2056016HMI188989","3528701889894","188989","205/60R16 MICHELIN PRIMACY 5 92H (CAR SUMMER)","","93.2","205","60","16","H","92","","false","B","A","070","2","C1","4.0","MICHELIN","PREMIUM","PRIMACY 5"
"2054018ZMI208195","3528702081952","208195","205/40R18 MICHELIN PILOT SPORT 4 86Y XL (CAR SUMMER)","https://dcjqgkl774ppl.cloudfront.net/70/MODEL/michps4.png","126.91","205","40","18","Y","86","XL","false","D","A","71","2","C1","1.0","MICHELIN","PREMIUM","PILOT SPORT 4"
"2656517TAPAL26565017TAHTA00","8904156007109","AL26565017TAHTA00","265/65R17 APOLLO APTERRA H/T 112T (CAR SUMMER)","https://dcjqgkl774ppl.cloudfront.net/tyrecat/apterra_ht.png","55.03","265","65","17","T","112","","false","E","E","73","3","C1","8.0","APOLLO","BUDGET WHOLESALE","APTERRA H/T"
"2154517ZCO590571","0029142841197","590571","215/45R17 COOPER ZEON CS8 91W XL (CAR SUMMER)","https://dcjqgkl774ppl.cloudfront.net/tyrecat/zeon-cs8.png","51.97","215","45","17","W","91","XL","false","D","A","70","2","C1","30.0","COOPER","MID RANGE 3","ZEON CS8"
"2055517VMI219126","3528702191262","219126","205/55R17 MICHELIN PRIMACY 5 95V XL (CAR SUMMER)","","99.84","205","55","17","V","95","XL","false","B","A","070","2","C1","1.0","MICHELIN","PREMIUM","PRIMACY 5"
"2255017ZCO590342","0029142841166","590342","225/50R17 COOPER ZEON CS8 98W XL (CAR SUMMER)","http://images.tyresoft.biz/tyrecat/zeon-cs8.png","56.05","225","50","17","W","98","XL","false","D","A","70","2","C1","4.0","COOPER","MID RANGE 3","ZEON CS8"
"1856015HCOS680398","0029142952121","590793","185/60R15 COOPER DISCOVERER ALL SEASON 88H XL (CAR ALL SEASON)","https://dcjqgkl774ppl.cloudfront.net/tyrecat/discoverer_all_season.png","37.97","185","60","15","H","88","XL","false","D","B","69","2","C1","1.0","COOPER","MID RANGE 3","DISCOVERER ALL SEASON"
"2055015ZACPHIR","8997020614589","1200035477","205/50R15 ACCELERA PHI R 89W XL (CAR SUMMER)","https://dcjqgkl774ppl.cloudfront.net/70/images/acc phir.jpg","28.05","205","50","15","W","89","XL","false","D","C","72","2","C1","13.0","ACCELERA","BUDGET","PHI R"
"2753520ZRADSC0483","8886459525422","DSC0483","275/35R20 RADAR DIMAX R8+ 102Y XL RUNFLAT (CAR SUMMER)","https://dcjqgkl774ppl.cloudfront.net/tyrecat/dimax-r8-plus.jpg","108.07","275","35","20","Y","102","XL","true","D","B","73","2","C1","30.0","RADAR","BUDGET","DIMAX R8+"
"2554519ZHA1032937","8808563588476","1032937","255/45R19 HANKOOK VENTUS S1 EVO3 EV K127E 104W XL T1 TESLA SoundAbsorber (CAR SUMMER)","https://dcjqgkl774ppl.cloudfront.net/tyrecat/hankook/ventuss1evo3evk127e_ventuss1evo3.png","169.27","255","45","19","W","104","XL","false","A","B","69","1","C1","25.0","HANKOOK","MID RANGE 2","VENTUS S1 EVO3 EV K127E"
"2753518ZRADSC0456","8886459525156","DSC0456","275/35R18 RADAR DIMAX R8+ 95Y RUNFLAT (CAR SUMMER)","https://dcjqgkl774ppl.cloudfront.net/tyrecat/dimax-r8-plus.jpg","81.55","275","35","18","Y","95","","true","D","B","72","2","C1","8.0","RADAR","BUDGET","DIMAX R8+"
"2755520PAC1200052927","8994234022032","1200052927","275/55R20 ACCELERA OMIKRON CT 115/112P (4X4 / SUV SUMMER)","https://dcjqgkl774ppl.cloudfront.net/70/model/m_7679_omikronct.png","87.67","275","55","20","P","115/112","","false","NA","NA","NA","NA","C1","30.0","ACCELERA","BUDGET","OMIKRON CT"
"31105015QAC1200035740","8997020614282","1200035740","31/10.50R15 ACCELERA MT-01 109Q (4X4 / SUV SUMMER)","https://dcjqgkl774ppl.cloudfront.net/tyrecat/mt-01.png","77.47","31","10","15","Q","109","","false","NA","NA","NA","NA","C1","8.0","ACCELERA","BUDGET","MT-01"
"2254519ZRADSC0458","8886459525170","DSC0458","225/45R19 RADAR DIMAX R8+ 92W RUNFLAT (CAR SUMMER)","https://dcjqgkl774ppl.cloudfront.net/tyrecat/dimax-r8-plus.jpg","81.55","225","45","19","W","92","","true","D","B","71","2","C1","24.0","RADAR","BUDGET","DIMAX R8+"
"2655020QAC1200047893","8997020616620","1200047893","265/50R20 ACCELERA MT-01 111Q (4X4 / SUV SUMMER)","https://dcjqgkl774ppl.cloudfront.net/tyrecat/mt-01.png","87.67","265","50","20","Q","111","","false","NA","NA","NA","NA","C1","29.0","ACCELERA","BUDGET","MT-01"
"1955516ZZE03.074.03","6921109040930","03.074.04","195/55R16 ZETA ALVENTI 91W XL (CAR SUMMER)","https://dcjqgkl774ppl.cloudfront.net/70/images/ze-alveti.jpg","36.21","195","55","16","W","91","XL","false","B","B","72","2","C1","30.0","ZETA","House Brand","ALVENTI"
"1954516VKU2337603","8808956361808","2337603","195/45R16 KUMHO HS52 84V XL (CAR SUMMER)","https://dcjqgkl774ppl.cloudfront.net/70/model/m_6801_kumho-ecsta-hs52.png","44.75","195","45","16","V","84","XL","false","D","A","72","2","C1","30.0","KUMHO","MID RANGE PREMIUM","HS52"
"2154516VKU2337623","8808956361822","2337623","215/45R16 KUMHO HS52 90V XL (CAR SUMMER)","https://dcjqgkl774ppl.cloudfront.net/70/model/m_6801_kumho-ecsta-hs52.png","57.19","215","45","16","V","90","XL","false","C","A","72","2","C1","14.0","KUMHO","MID RANGE PREMIUM","HS52"
"2557016HTRXPRIV","6958460911180","RF10R1606","255/70R16 TRACMAX XPRIVILO H/T 111H (4X4 / SUV SUMMER)","https://dcjqgkl774ppl.cloudfront.net/70/MODEL/tracmaxx-priviloht.png","49.93","255","70","16","H","111","","false","C","C","72","2","C1","14.0","TRACMAX","BUDGET","X-PRIVILO H/T"
"2355517HHA1030837","8808563564630","1030837","235/55R17 HANKOOK VENTUS PRIME4 K135A 103H XL OE 0 (4X4 / SUV SUMMER)","https://dcjqgkl774ppl.cloudfront.net/tyrecat/hankook/ventusprime4(2places)k135a_k135.png","85.22","235","55","17","H","103","XL","false","A","A","69","1","C1","8.0","HANKOOK","MID RANGE 2","VENTUS PRIME4 K135A"
"2155517ZGO542473","5452000682444","542473","215/55R17 GOODYEAR EFFICIENTGRIP PERFORMANCE 2 98W XL (CAR SUMMER)","https://dcjqgkl774ppl.cloudfront.net/tyrecat/goodyear/efficientgripperformance2_efficentgrip-performance-2.png","82.57","215","55","17","W","98","XL","false","B","A","70","2","C1","4.0","GOODYEAR","PREMIUM","EFFICIENTGRIP PERFORMANCE 2"
"1955516ZHA1028817","8808563540733","1028817","195/55R16 HANKOOK VENTUS PRIME4 K135 91W XL * (CAR SUMMER)","https://dcjqgkl774ppl.cloudfront.net/tyrecat/hankook/ventusprime4(2places)k135_k135.png","75.74","195","55","16","W","91","XL","false","A","A","68","1","C1","4.0","HANKOOK","MID RANGE 2","VENTUS PRIME4 K135"
"2253520ZAC8997020611397","8997020611397","1200000089","225/35R20 ACCELERA PHI 93Y XL (CAR SUMMER)","https://dcjqgkl774ppl.cloudfront.net/70/MODEL/accphi.jpg","44.83","225","35","20","Y","93","XL","false","C","C","70","2","C1","30.0","ACCELERA","BUDGET","PHI"
"2055017HHA1028648","8808563538358","1028648","205/50R17 HANKOOK VENTUS S1 EVO3 EV K127E 93H XL * (CAR SUMMER)","https://dcjqgkl774ppl.cloudfront.net/tyrecat/hankook/ventuss1evo3evk127e_ventuss1evo3.png","80.76","205","50","17","H","93","XL","false","A","B","69","1","C1","12.0","HANKOOK","MID RANGE 2","VENTUS S1 EVO3 EV K127E"
"2254518ZHA1028067","8808563530543","1028067","225/45R18 HANKOOK VENTUS S1 EVO3 K127 95W XL R0 (CAR SUMMER)","https://dcjqgkl774ppl.cloudfront.net/tyrecat/ventuss1evo3.png","86.77","225","45","18","W","95","XL","false","B","C","71","2","C1","10.0","HANKOOK","MID RANGE 2","VENTUS S1 EVO3 K127"
"2853521ZACST68","8997020614893","1200037320","285/35R21 ACCELERA IOTA ST-68 105Y XL (4X4 / SUV SUMMER)","https://dcjqgkl774ppl.cloudfront.net/70/MODEL/iotast-68.jpg","72.37","285","35","21","Y","105","XL","false","C","C","68","1","C1","12.0","ACCELERA","BUDGET","IOTA ST-68"
"2254018ZCO350739000","4019238456240","03507390000","225/40R18 CONTINENTAL CONTISPORTCONTACT 5 92Y XL MO (CAR SUMMER)","https://dcjqgkl774ppl.cloudfront.net/70/images/cn-sc5.jpg","70.35","225","40","18","Y","92","XL","false","C","B","72","2","C1","4.0","CONTINENTAL","PREMIUM","CONTISPORTCONTACT 5"
"2055516VMI877318","3528708773189","877318","205/55R16 MICHELIN PRIMACY 5 91V (CAR SUMMER)","","70.83","205","55","16","V","91","","false","B","A","070","2","C1","30.0","MICHELIN","PREMIUM","PRIMACY 5"
"1857013VRARACHCN0001","8886459598044","RACHCN0001","185/70R13 RADAR DIMAX CLASSIC 86V (CAR SUMMER)","https://dcjqgkl774ppl.cloudfront.net/70/model/m_3838_dimaxclassicbsw(45).jpg","46.87","185","70","13","V","86","","false","NA","NA","NA","NA","C1","3.0","RADAR","BUDGET","DIMAX CLASSIC"
"2354518ZMI894109","3528708941090","894109","235/45R18 MICHELIN PRIMACY 5 98Y XL (CAR SUMMER)","","124.73","235","45","18","Y","98","XL","false","B","A","070","2","C1","3.0","MICHELIN","PREMIUM","PRIMACY 5"
"2055516VGO542449","5452000682291","542449","205/55R16 GOODYEAR EFFICIENTGRIP PERFORMANCE 2 91V SL (CAR SUMMER)","https://dcjqgkl774ppl.cloudfront.net/tyrecat/goodyear/efficientgripperformance2_efficentgrip-performance-2.png","54.99","205","55","16","V","91","SL","false","B","A","69","2","C1","3.0","GOODYEAR","PREMIUM","EFFICIENTGRIP PERFORMANCE 2"
"2255018ZMI874520","3528708745209","874520","225/50R18 MICHELIN PRIMACY 5 99W XL (CAR SUMMER)","","131.62","225","50","18","W","99","XL","false","B","A","070","2","C1","4.0","MICHELIN","PREMIUM","PRIMACY 5"
"1955515HKU2337393","8808956361594","2337393","195/55R15 KUMHO HS52 85H (CAR SUMMER)","https://dcjqgkl774ppl.cloudfront.net/70/model/m_6801_kumho-ecsta-hs52.png","43.57","195","55","15","H","85","","false","D","A","71","2","C1","15.0","KUMHO","MID RANGE PREMIUM","HS52"
"1855516VKU2337373","8808956361570","2337373","185/55R16 KUMHO HS52 83V (CAR SUMMER)","https://dcjqgkl774ppl.cloudfront.net/70/model/m_6801_kumho-ecsta-hs52.png","49.05","185","55","16","V","83","","false","D","A","70","2","C1","30.0","KUMHO","MID RANGE PREMIUM","HS52"
"1856514NKE674490","","674490","185/65R14 KENDA KARGOTRAIL KR209 93N (TRAILER USE ONLY)","http://images.tyresoft.biz/70/MODEL/kargo.jpg","32.59","185","65","14","N","93","","false","NA","NA","NA","NA","C2","12.0","KENDA","BUDGET WHOLESALE","KARGO"
"2055517VKU2337463","8808956361662","2337463","205/55R17 KUMHO HS52 95V XL (CAR SUMMER)","https://dcjqgkl774ppl.cloudfront.net/70/model/m_6801_kumho-ecsta-hs52.png","59.83","205","55","17","V","95","XL","false","C","A","72","2","C1","10.0","KUMHO","MID RANGE PREMIUM","HS52"
"2254018ZCO356925000","4019238643893","03569250000","225/40R18 CONTINENTAL CONTISPORTCONTACT 5 92Y XL AO1 (CAR SUMMER)","https://dcjqgkl774ppl.cloudfront.net/70/images/cn-sc5.jpg","70.35","225","40","18","Y","92","XL","false","D","B","72","2","C1","12.0","CONTINENTAL","PREMIUM","CONTISPORTCONTACT 5"
"2555020ZMI206776","3528702067765","206776","255/50R20 MICHELIN LATITUDE TOUR HP 109W XL JLR (4X4 / SUV SUMMER)","http://www.etyre.net/preview/t3/mi-latitourhp.jpg","147.85","255","50","20","W","109","XL","false","B","C","71","2","C1","2.0","MICHELIN","PREMIUM","LATITUDE TOUR HP"
"2355517ZKU2337453","8808956361655","2337453","235/55R17 KUMHO HS52 103W XL (CAR SUMMER)","https://dcjqgkl774ppl.cloudfront.net/70/model/m_6801_kumho-ecsta-hs52.png","78.83","235","55","17","W","103","XL","false","C","A","72","2","C1","1.0","KUMHO","MID RANGE PREMIUM","HS52"
"2055017ZGO542432","5452000682222","542432","205/50R17 GOODYEAR EFFICIENTGRIP PERFORMANCE 2 93W XL (CAR SUMMER)","https://dcjqgkl774ppl.cloudfront.net/tyrecat/goodyear/efficientgripperformance2_efficentgrip-performance-2.png","81.37","205","50","17","W","93","XL","false","B","A","69","1","C1","2.0","GOODYEAR","PREMIUM","EFFICIENTGRIP PERFORMANCE 2"
"1756515TUN03611630000","4024068004615","03611630000","175/65R15 UNIROYAL RAINEXPERT 5 84T (CAR SUMMER)","https://dcjqgkl774ppl.cloudfront.net/70/model/m_6657_uniroyal__rainexpert-5__productpicture__30.png","45.53","175","65","15","T","84","","false","C","A","70","2","C1","30.0","UNIROYAL","MID RANGE PREMIUM","RAINEXPERT 5"
"1955015VKU2337423","8808956361624","2337423","195/50R15 KUMHO HS52 82V (CAR SUMMER)","https://dcjqgkl774ppl.cloudfront.net/70/model/m_6801_kumho-ecsta-hs52.png","33.16","195","50","15","V","82","","false","D","A","71","2","C1","30.0","KUMHO","MID RANGE PREMIUM","HS52"
"2155017ZMI864963","3528708649637","864963","215/50R17 MICHELIN PRIMACY 5 95W XL (CAR SUMMER)","","105.73","215","50","17","W","95","XL","false","B","A","070","2","C1","6.0","MICHELIN","PREMIUM","PRIMACY 5"
"2155017ZKU2337473","8808956361679","2337473","215/50R17 KUMHO HS52 95W XL (CAR SUMMER)","https://dcjqgkl774ppl.cloudfront.net/70/model/m_6801_kumho-ecsta-hs52.png","58.92","215","50","17","W","95","XL","false","C","A","72","2","C1","30.0","KUMHO","MID RANGE PREMIUM","HS52"
"2654520ZCO5190211","0029142838579","590665","265/45R20 COOPER ZEON 4XS SPORT BSW 108Y XL (4X4 / SUV SUMMER)","https://dcjqgkl774ppl.cloudfront.net/70/MODEL/zeon4xssportproduct.jpg","108.07","265","45","20","Y","108","XL","false","C","A","71","2","C1","28.0","COOPER","MID RANGE 3","ZEON 4XS SPORT BSW"
"1955515VKU2337403","8808956361600","2337403","195/55R15 KUMHO HS52 85V (CAR SUMMER)","https://dcjqgkl774ppl.cloudfront.net/70/model/m_6801_kumho-ecsta-hs52.png","44.24","195","55","15","V","85","","false","D","A","71","2","C1","4.0","KUMHO","MID RANGE PREMIUM","HS52"
"1955516VKU2337553","8808956361754","2337553","195/55R16 KUMHO HS52 87V (CAR SUMMER)","https://dcjqgkl774ppl.cloudfront.net/70/model/m_6801_kumho-ecsta-hs52.png","47.89","195","55","16","V","87","","false","C","A","71","2","C1","30.0","KUMHO","MID RANGE PREMIUM","HS52"
"2355517ZMI847901","3528708479012","847901","235/55R17 MICHELIN PRIMACY 5 103W XL (CAR SUMMER)","","118.92","235","55","17","W","103","XL","false","B","A","070","2","C1","2.0","MICHELIN","PREMIUM","PRIMACY 5"
"2155517HHA1031953","8808563576930","1031953","215/55R17 HANKOOK VENTUS PRIME4 K135 98H XL OE 0 (CAR SUMMER)","https://dcjqgkl774ppl.cloudfront.net/tyrecat/hankook/ventusprime4(2places)k135_k135.png","70.25","215","55","17","H","98","XL","false","A","A","69","1","C1","8.0","HANKOOK","MID RANGE 2","VENTUS PRIME4 K135"
"1955016VKU2337583","8808956361785","2337583","195/50R16 KUMHO HS52 88V XL (CAR SUMMER)","https://dcjqgkl774ppl.cloudfront.net/70/model/m_6801_kumho-ecsta-hs52.png","52.91","195","50","16","V","88","XL","false","C","A","72","2","C1","30.0","KUMHO","MID RANGE PREMIUM","HS52"
"1955516HMI847362","3528708473621","847362","195/55R16 MICHELIN PRIMACY 5 87H (CAR SUMMER)","","87.5","195","55","16","H","87","","false","C","A","070","2","C1","1.0","MICHELIN","PREMIUM","PRIMACY 5"
"2055516ZKU2337523","8808956361723","2337523","205/55R16 KUMHO HS52 91W (CAR SUMMER)","https://dcjqgkl774ppl.cloudfront.net/70/model/m_6801_kumho-ecsta-hs52.png","39.58","205","55","16","W","91","","false","C","A","71","2","C1","9.0","KUMHO","MID RANGE PREMIUM","HS52"
"2754021ZHA1031623","8808563573489","1031623","275/40R21 HANKOOK VENTUS S1 EVO4 X K137A 107Y XL OE * (4X4 / SUV SUMMER)","","150.09","275","40","21","Y","107","XL","false","A","A","70","1","C1","1.0","HANKOOK","MID RANGE 2","VENTUS S1 EVO4 X K137A"
"2255517ZKU2337573","8808956361778","2337573","225/55R17 KUMHO HS52 101W XL (CAR SUMMER)","https://dcjqgkl774ppl.cloudfront.net/70/model/m_6801_kumho-ecsta-hs52.png","62.53","225","55","17","W","101","XL","false","C","A","72","2","C1","30.0","KUMHO","MID RANGE PREMIUM","HS52"
"2155516VKU2337503","8808956361709","2337503","215/55R16 KUMHO HS52 93V (CAR SUMMER)","https://dcjqgkl774ppl.cloudfront.net/70/model/m_6801_kumho-ecsta-hs52.png","52.75","215","55","16","V","93","","false","C","A","71","2","C1","30.0","KUMHO","MID RANGE PREMIUM","HS52"
"2055516VCO0355254000","4019238092615","0355254","205/55R16 CONTINENTAL ALLSEASONCONTACT 2 94V XL EVC (CAR ALL SEASON)","","62.57","205","55","16","V","94","XL","false","B","B","71","2","C1","3.0","CONTINENTAL","PREMIUM","ALLSEASONCONTACT 2"
"2254517ZCO0355381000","4019238092141","0355381","225/45R17 CONTINENTAL ALLSEASONCONTACT 2 94Y XL EVC (CAR ALL SEASON)","","69.93","225","45","17","Y","94","XL","false","C","B","71","2","C1","30.0","CONTINENTAL","PREMIUM","ALLSEASONCONTACT 2"
"2553518ZCO356187000","4019238543353","03561870000","255/35R18 CONTINENTAL CONTISPORTCONTACT 5 94Y XL MO (CAR SUMMER)","https://dcjqgkl774ppl.cloudfront.net/70/images/cn-sc5.jpg","118.24","255","35","18","Y","94","XL","false","D","B","73","2","C1","4.0","CONTINENTAL","PREMIUM","CONTISPORTCONTACT 5"
"2755022HTO3872800","4981910554868","3872800","275/50R22 TOYO OBSERVE GSI 115H (4X4 / SUV WINTER)","","72.37","275","50","22","H","115","","false","E","E","73","2","C1","4.0","TOYO","MID RANGE PREMIUM",""
"2057516RCO0451768000","4019238071733","04517680000","205/75R16 CONTINENTAL VANCONTACT ULTRA 113/111R (VAN SUMMER)","https://dcjqgkl774ppl.cloudfront.net/tyrecat/continental/vancontactultra_vancontact.png","115.03","205","75","16","R","113/111","","false","B","A","71","2","C2","1.0","CONTINENTAL","PREMIUM","VANCONTACT ULTRA"
"1557012NNAEB122","4717622057089","EB122","155/70R12 NANKANG TR-10 104/102N (VAN SUMMER)","https://dcjqgkl774ppl.cloudfront.net/70/MODEL/na-tr10.jpg","28.59","155","70","12","N","104/102","","false","E","C","72","2","C2","1.0","NANKANG","BUDGET","TR-10"
"2055516VCO0313035000","4019238079500","0313035","205/55R16 CONTINENTAL PREMIUMCONTACT 7 91V EVC (CAR SUMMER)","https://dcjqgkl774ppl.cloudfront.net/tyrecat/continental/premiumcontact7_premiumcontact7.png","62.71","205","55","16","V","91","","false","C","A","71","2","C1","30.0","CONTINENTAL","PREMIUM","PREMIUMCONTACT 7"
"2256516RHA2001996","8808563331423","2001996","225/65R16 HANKOOK VANTRA LT RA18 112/110R REP (VAN SUMMER)","https://dcjqgkl774ppl.cloudfront.net/70/images/ha-ra18.jpg","88.28","225","65","16","R","112/110","","false","C","B","70","2","C2","12.0","HANKOOK","MID RANGE 2","VANTRA LT RA18"
"2555519VPI1780400","8019227178043","","255/55R19 PIRELLI SCORPION ZERO 111V XL (4X4 / SUV SUMMER)","http://www.etyre.net/preview/t3/pi-scorzeroxl.jpg","101.95","255","55","19","V","111","XL","false","C","C","72","2","C1","30.0","PIRELLI","PREMIUM","SCORPION ZERO"
"2055519VVRAP20555019VQPPA02","8714692810572","","205/55R19 VREDESTEIN QUATRAC PRO+ 97V (CAR ALL SEASON)","https://dcjqgkl774ppl.cloudfront.net/tyrecat/vredestein/quatracpro_plus_quatrac-pro-plus.png","75.25","205","55","19","V","97","XL","false","B","B","72","2","C1","4.0","VREDESTEIN","MID RANGE 2","QUATRAC PRO+"
"2555019VKU2328233","8808956351243","2328233","255/50R19 KUMHO PS71 107V XL (CAR SUMMER)","https://dcjqgkl774ppl.cloudfront.net/tyrecat/ps71.png","99.23","255","50","19","V","107","XL","false","A","B","71","2","C1","1.0","KUMHO","MID RANGE PREMIUM","PS71"
"1755013VNAJB532","4718022005069","JB532","175/50R13 NANKANG AS-1 72V (CAR SUMMER)","https://dcjqgkl774ppl.cloudfront.net/70/MODEL/na-as1.jpg","32.13","175","50","13","V","72","","false","D","C","71","3","","4.0","NANKANG","BUDGET","AS-1"
"2656518TKU2283843","8808956299538","2283843","265/65R18 KUMHO AT52 114T (4X4 / SUV SUMMER)","https://dcjqgkl774ppl.cloudfront.net/70/model/m_7402_road-venture-at52.jpg","103.62","265","65","18","T","114","","false","D","D","73","2","C1","4.0","KUMHO","MID RANGE PREMIUM","AT52"
"1854515VNAJC041","4717622059342","JC041","185/45R15 NANKANG NS-20 75V (CAR SUMMER)","http://ordering.vandenban.nl/profielen/nankang_ns-20 xl.jpg","39.22","185","45","15","V","75","","false","D","C","72","2","C1","4.0","NANKANG","BUDGET","NS-20"
"2657016TKU2283783","8808956299477","2283783","265/70R16 KUMHO AT52 112T (4X4 / SUV SUMMER)","https://dcjqgkl774ppl.cloudfront.net/70/model/m_7402_road-venture-at52.jpg","80.18","265","70","16","T","112","","false","D","D","73","2","C1","5.0","KUMHO","MID RANGE PREMIUM","AT52"
"2157015SVRAP2157015SC2SA00","8714692341816","","215/70R15 VREDESTEIN COMTRAC 2 109/107S (VAN SUMMER)","https://dcjqgkl774ppl.cloudfront.net/tyrecat/comtrac2allseason.png","63.3","215","70","15","S","109/107","","false","C","B","70","2","C2","4.0","VREDESTEIN","MID RANGE 2","C2S"
"2755520TKU2283753","8808956299446","2283753","275/55R20 KUMHO AT52 113T (4X4 / SUV SUMMER)","https://dcjqgkl774ppl.cloudfront.net/70/model/m_7402_road-venture-at52.jpg","114.58","275","55","20","T","113","","false","D","D","73","2","C1","1.0","KUMHO","MID RANGE PREMIUM","AT52"
"2156516TVRAP2156516TC2SA00","8714692341793","","215/65R16 VREDESTEIN COMTRAC 2 109/107T (VAN SUMMER)","https://dcjqgkl774ppl.cloudfront.net/tyrecat/comtrac2allseason.png","69.36","215","65","16","T","109/107","","false","C","B","70","2","C2","4.0","VREDESTEIN","MID RANGE 2","C2S"
"2655020VACIOTAST68","8997020616064","1200040960","265/50R20 ACCELERA IOTA ST-68 111V XL (4X4 / SUV SUMMER)","https://dcjqgkl774ppl.cloudfront.net/70/MODEL/iotast-68.jpg","61.15","265","50","20","V","111","XL","false","C","C","68","1","C1","2.0","ACCELERA","BUDGET","IOTA ST-68"
"2255519VTO3447600","4981910557654","3447600","225/55R19 TOYO PROXES R46 99V (4X4 / SUV SUMMER)","https://dcjqgkl774ppl.cloudfront.net/tyrecat/pxr46.png","72.37","225","55","19","V","99","","false","C","C","70","2","","6.0","TOYO","MID RANGE PREMIUM","PROXES R46"
"2656517TKU2289933","8808956304669","2289933","265/65R17 KUMHO AT52 112T (4X4 / SUV SUMMER)","https://dcjqgkl774ppl.cloudfront.net/70/model/m_7402_road-venture-at52.jpg","73.2","265","65","17","T","112","","false","D","D","73","2","C1","1.0","KUMHO","MID RANGE PREMIUM","AT52"
"2454019ZTO4083700","4981910564553","4083700","245/40R19 TOYO PROXES SPORT 2 98Y XL (CAR SUMMER)","https://dcjqgkl774ppl.cloudfront.net/tyrecat/toyo/proxessport2_proxes-sport-2.png","79.51","245","40","19","Y","98","XL","false","C","A","70","2","","28.0","TOYO","MID RANGE PREMIUM","PROXES SPORT 2"
"2555519ZTO3835800","4981910571735","3835800","255/55R19 TOYO PROXES SPORT 2 111Y XL (CAR SUMMER)","https://dcjqgkl774ppl.cloudfront.net/tyrecat/toyo/proxessport2_proxes-sport-2.png","80.53","255","55","19","Y","111","XL","false","C","A","71","2","","30.0","TOYO","MID RANGE PREMIUM","PROXES SPORT 2"
"2754022ZTO3832500","4981910571728","3832500","275/40R22 TOYO PROXES SPORT 2 107Y XL (CAR SUMMER)","https://dcjqgkl774ppl.cloudfront.net/tyrecat/toyo/proxessport2_proxes-sport-2.png","118.27","275","40","22","Y","107","XL","false","C","A","71","2","","13.0","TOYO","MID RANGE PREMIUM","PROXES SPORT 2"
"2557016TKU2290003","8808956304737","2290003","255/70R16 KUMHO AT52 111T (4X4 / SUV SUMMER)","https://dcjqgkl774ppl.cloudfront.net/70/model/m_7402_road-venture-at52.jpg","77.42","255","70","16","T","111","","false","D","E","73","2","C1","1.0","KUMHO","MID RANGE PREMIUM","AT52"
"2555020ZKU2310053","8808956324469","2310053","255/50R20 KUMHO PS71 109Y XL (4X4 / SUV SUMMER)","https://dcjqgkl774ppl.cloudfront.net/tyrecat/ps71.png","99.91","255","50","20","Y","109","XL","false","C","A","73","2","C1","30.0","KUMHO","MID RANGE PREMIUM","PS71"
"2255017ZTO3832100","4981910571698","3832100","225/50R17 TOYO PROXES SPORT 2 98Y XL (CAR SUMMER)","https://dcjqgkl774ppl.cloudfront.net/tyrecat/toyo/proxessport2_proxes-sport-2.png","74.0","225","50","17","Y","99","XL","false","C","A","71","2","","2.0","TOYO","MID RANGE PREMIUM","PROXES SPORT 2"
"2256516RVRAP2256516RC2SA00","8714692341878","","225/65R16 VREDESTEIN COMTRAC2 112/110R (VAN SUMMER)","https://dcjqgkl774ppl.cloudfront.net/tyrecat/comtrac2allseason.png","74.86","225","65","16","R","112/110","","false","C","B","70","2","C2","2.0","VREDESTEIN","MID RANGE 2","COMTRAC 2"
"2654521VMI512601","3528705126018","512601","265/45R21 MICHELIN PILOT SPORT EV 108V XL (4X4 / SUV SUMMER)","","240.29","265","45","21","V","108","XL","false","A","B","072","2","C1","1.0","MICHELIN","PREMIUM","PILOT SPORT EV"
"2257515TO3870900","4981910552741","3870900","225/75R15 TOYO OPEN COUNTRY A/T 3 102T (4X4 / SUV ALL SEASON)","https://dcjqgkl774ppl.cloudfront.net/tyrecat/toyo/opat3_opat3_hidari.jpg","67.27","225","75","15","T","102","","false","D","D","72","2","","4.0","TOYO","MID RANGE PREMIUM","OPEN COUNTRY A/T 3"
"2155017ZMI517910","3528705179106","517910","215/50R17 MICHELIN PILOT SPORT 5 95Y XL (CAR SUMMER)","https://dcjqgkl774ppl.cloudfront.net/tyrecat/michelin/pilotsport5_pilot5.png","103.89","215","50","17","Y","95","XL","false","C","A","072","2","C1","23.0","MICHELIN","PREMIUM","PILOT SPORT 5"
"1958015SZE03.089.01","6921109015228","03.089.01","195/80R15 ZETA ZTR08 106/104S 8PR (VAN SUMMER)","https://dcjqgkl774ppl.cloudfront.net/70/images/ze-ztr08.jpg","45.85","195","80","15","S","106/104","","false","D","C","72","2","C2","14.0","ZETA","House Brand","ZTR08"
"2155018ZKU2309923","8808956325381","2309923","215/50R18 KUMHO PS71 92W (4X4 / SUV SUMMER)","https://dcjqgkl774ppl.cloudfront.net/tyrecat/ps71.png","69.35","215","50","18","W","92","","false","C","B","71","2","C1","30.0","KUMHO","MID RANGE PREMIUM","PS71"
"2754022ZKU2310223","8808956324636","2310223","275/40R22 KUMHO PS71 108Y XL (4X4 / SUV SUMMER)","https://dcjqgkl774ppl.cloudfront.net/tyrecat/ps71.png","117.25","275","40","22","Y","108","XL","false","C","A","73","2","C1","28.0","KUMHO","MID RANGE PREMIUM","PS71"
"1956016VACECOPLUSH","8997020616880","1200043159","195/60R16 ACCELERA ECO PLUSH 89V (CAR SUMMER)","https://dcjqgkl774ppl.cloudfront.net/70/MODEL/accecoplush.jpg","33.61","195","60","16","V","89","","false","D","C","68","1","C1","22.0","ACCELERA","BUDGET","ECO PLUSH"
"2855020ZKU2310123","8808956324537","2310123","285/50R20 KUMHO PS71 116W XL (4X4 / SUV SUMMER)","https://dcjqgkl774ppl.cloudfront.net/tyrecat/ps71.png","128.17","285","50","20","W","116","XL","false","C","A","75","2","C1","2.0","KUMHO","MID RANGE PREMIUM","PS71"
"3153520ZKU2310143","8808956324551","2310143","315/35R20 KUMHO PS71 110Y XL (4X4 / SUV SUMMER)","https://dcjqgkl774ppl.cloudfront.net/tyrecat/ps71.png","137.1","315","35","20","Y","110","XL","false","D","A","75","2","C1","1.0","KUMHO","MID RANGE PREMIUM","PS71"
"2155518VKU2310253","8808956324667","2310253","215/55R18 KUMHO PS71 EV 99V XL (CAR SUMMER)","https://dcjqgkl774ppl.cloudfront.net/tyrecat/ps71.png","75.08","215","55","18","V","99","XL","false","B","A","70","2","C1","2.0","KUMHO","MID RANGE PREMIUM","PS71"
"2654521ZKU2310163","8808956324575","2310163","265/45R21 KUMHO PS71 108W XL (4X4 / SUV SUMMER)","https://dcjqgkl774ppl.cloudfront.net/tyrecat/ps71.png","130.16","265","45","21","W","108","XL","false","C","A","73","2","C1","4.0","KUMHO","MID RANGE PREMIUM","PS71"
"2753522ZKU2310213","8808956324629","2310213","275/35R22 KUMHO PS71 104Y XL (4X4 / SUV SUMMER)","https://dcjqgkl774ppl.cloudfront.net/tyrecat/ps71.png","123.38","275","35","22","Y","104","XL","false","C","A","73","2","C1","3.0","KUMHO","MID RANGE PREMIUM","PS71"
"1956515HUN0361215000","4024068005704","03612150000","195/65R15 UNIROYAL RAINEXPERT 5 95H XL (CAR SUMMER)","https://dcjqgkl774ppl.cloudfront.net/70/model/m_6657_uniroyal__rainexpert-5__productpicture__30.png","48.97","195","65","15","H","95","XL","false","C","A","72","2","C1","10.0","UNIROYAL","MID RANGE PREMIUM","RAINEXPERT 5"
"2954022ZCO354423000","4019238660814","03544230000","295/40R22 CONTINENTAL CONTISPORTCONTACT 5 112Y XL SILENT (4X4 / SUV SUMMER)","https://dcjqgkl774ppl.cloudfront.net/70/images/cn-sc5.jpg","237.06","295","40","22","Y","112","XL","false","D","B","75","2","C1","3.0","CONTINENTAL","PREMIUM","CONTISPORTCONTACT 5"
"2356018THA1027023","8808563508771","1027023","235/60R18 HANKOOK VENTUS S1 EVO3 EV K127E 103T + VOLKSWAGEN (CAR SUMMER)","https://dcjqgkl774ppl.cloudfront.net/tyrecat/hankook/ventuss1evo3evk127e_ventuss1evo3.png","78.91","235","60","18","T","103","","false","A","A","70","2","C1","2.0","HANKOOK","MID RANGE 2","VENTUS S1 EVO3 EV K127E"
"2853020ZAC8997020613445","8997020613445","1200028838","285/30R20 ACCELERA PHI-2 99Y XL (CAR SUMMER)","https://dcjqgkl774ppl.cloudfront.net/70/MODEL/accelera_phi_2.jpg","65.23","285","30","20","Y","99","XL","false","D","C","72","2","C1","6.0","ACCELERA","BUDGET","PHI-2"
"1958015RNAEB011","4718022009463","EB011","195/80R15 NANKANG CW-25 106/104R (VAN SUMMER)","https://dcjqgkl774ppl.cloudfront.net/70/MODEL/na-cw25.jpg","54.89","195","80","15","R","106/104","","false","D","C","72","2","C2","2.0","NANKANG","BUDGET","CW-25"
"1955015VNAJC042","4717622059359","JC042","195/50R15 NANKANG NS-20 82V (CAR SUMMER)","http://ordering.vandenban.nl/profielen/nankang_ns-20 xl.jpg","35.78","195","50","15","V","82","","false","D","C","71","2","C1","4.0","NANKANG","BUDGET","NS-20"
"1956515HKU2260933","8808956268596","2260933","195/65R15 KUMHO HA32 91H (CAR ALL SEASON)","https://dcjqgkl774ppl.cloudfront.net/tyrecat/kumho/ha32_ha32.png","44.06","195","65","15","H","91","","false","C","B","72","2","C1","1.0","KUMHO","MID RANGE PREMIUM","HA32"
"2055519VKU2305993","8808956321291","2305993","205/55R19 KUMHO HA32 97V XL (CAR ALL SEASON)","https://dcjqgkl774ppl.cloudfront.net/tyrecat/kumho/ha32_ha32.png","72.97","205","55","19","V","97","XL","false","C","B","72","2","C1","2.0","KUMHO","MID RANGE PREMIUM","HA32"
"2854020ZKU2310113","8808956324520","2310113","285/40R20 KUMHO PS71 108Y XL (4X4 / SUV SUMMER)","https://dcjqgkl774ppl.cloudfront.net/tyrecat/ps71.png","140.08","285","40","20","Y","108","XL","false","C","A","75","2","C1","9.0","KUMHO","MID RANGE PREMIUM","PS71"
"2954020ZKU2310133","8808956324544","2310133","295/40R20 KUMHO PS71 110Y XL (4X4 / SUV SUMMER)","https://dcjqgkl774ppl.cloudfront.net/tyrecat/ps71.png","109.02","295","40","20","Y","110","XL","false","C","A","75","2","C1","4.0","KUMHO","MID RANGE PREMIUM","PS71"
"205016SKU2326793","8808956349448","2326793","205/80R16 KUMHO AT52 110/108S (4X4 SUMMER)","https://dcjqgkl774ppl.cloudfront.net/70/model/m_7402_road-venture-at52.jpg","52.73","205","80","16","S","110/108","","false","E","C","73","2","C2","1.0","KUMHO","MID RANGE PREMIUM","AT52"
"2454519VMI089593","3528700895933","089593","245/45R19 MICHELIN CROSSCLIMATE 2 102V XL A POL (CAR ALL SEASON)","https://dcjqgkl774ppl.cloudfront.net/tyrecat/michelin/crossclimate2_crossclimate_2.png","176.6","245","45","19","V","102","XL","false","A","B","072","2","C1","3.0","MICHELIN","PREMIUM","CROSSCLIMATE 2"
"1956516VKU2329023","8808956352356","2329023","195/65R16 KUMHO ES31 92V (CAR SUMMER)","https://dcjqgkl774ppl.cloudfront.net/tyrecat/es31.png","58.56","195","65","16","V","92","","false","B","C","71","2","C1","7.0","KUMHO","MID RANGE PREMIUM","ES31"
"2155518VBF519221","3528705192211","519221","215/55R18 BFGOODRICH ADVANTAGE SUV ALL-SEASON 99V XL (4X4 / SUV ALL SEASON)","","96.85","215","55","18","V","99","XL","false","C","B","069","1","C1","2.0","BFGOODRICH","MID RANGE 3","ADVANTAGE SUV ALL-SEASON"
"2254018ZKU2336993","8808956361181","2336993","225/40R18 KUMHO HA32+ 92W XL (CAR ALL SEASON)","https://dcjqgkl774ppl.cloudfront.net/tyrecat/kumho/ha32_ha32.png","54.91","225","40","18","W","92","XL","false","C","B","72","2","C1","15.0","KUMHO","MID RANGE PREMIUM","HA32+"
"2257016HTO3869700","4981910552628","3869700","225/70R16 TOYO OPEN COUNTRY ALL TERRAIN 3 103H (4X4 / SUV ALL SEASON)","https://dcjqgkl774ppl.cloudfront.net/tyrecat/toyo/opat3_opat3_hidari.jpg","67.27","225","70","16","H","103","","false","D","D","72","2","","1.0","TOYO","MID RANGE PREMIUM","OPEN COUNTRY ALL TERRAIN 3"
"2156516THA2001990","8808563331362","2001990","215/65R16 HANKOOK VANTRA LT RA18 109/107T REP (VAN SUMMER)","https://dcjqgkl774ppl.cloudfront.net/70/images/ha-ra18.jpg","78.11","215","65","16","T","109/107","","false","C","B","70","2","C2","14.0","HANKOOK","MID RANGE 2","VANTRA LT RA18"
"2657015TTO3870400","4981910552697","3870400","265/70R15 TOYO OPEN COUNTRY ALL TERRAIN 3 112T (4X4 / SUV ALL SEASON)","https://dcjqgkl774ppl.cloudfront.net/tyrecat/toyo/opat3_opat3_hidari.jpg","83.97","265","70","15","T","112","","false","D","D","73","2","","1.0","TOYO","MID RANGE PREMIUM","OPEN COUNTRY ALL TERRAIN 3"
"2754521ZUN0361210000","4024068005742","03612100000","275/45R21 UNIROYAL RAINSPORT 5 110Y XL (CAR SUMMER)","https://dcjqgkl774ppl.cloudfront.net/70/model/m_5279_rs5.jpg","134.14","275","45","21","Y","110","XL","false","C","A","73","2","C1","4.0","UNIROYAL","MID RANGE PREMIUM","RAINSPORT 5"
"2055516VKU2245793","8808956251062","2245793","205/55R16 KUMHO HS52 91V (CAR SUMMER)","https://dcjqgkl774ppl.cloudfront.net/70/model/m_6801_kumho-ecsta-hs52.png","38.01","205","55","16","V","91","","false","C","A","71","2","C1","30.0","KUMHO","MID RANGE PREMIUM","HS52"
"2354517ZRADSC0368","8886459522698","DSC0368","235/45R17 RADAR DIMAX R8 97Y XL (CAR SUMMER)","https://dcjqgkl774ppl.cloudfront.net/70/MODEL/dimaxr8_(45).jpg","41.31","235","45","17","Y","97","XL","false","C","B","72","2","C1","30.0","RADAR","BUDGET","DIMAX R8"
"20516BR23902","3286342390215","23902","205/55R16 BRIDGESTONE TURANZA ALL SEASON 6 94V XL ( ALL SEASON)","","66.25","205","55","16","V","94","XL","false","C","B","70","B","","4.0","BRIDGESTONE","PREMIUM","TURANZA ALL SEASON 6"
"2155517ZPI2323700","8019227232370","","215/55R17 PIRELLI CINTURATO P7 94W (CAR SUMMER)","http://www.etyre.net/preview/t3/pi-p7cintrft.jpg","72.37","215","55","17","W","94","","false","C","B","71","2","C1","17.0","PIRELLI","PREMIUM","CINTURATO P7"
"1656014HZE1200056080","6290300064626","1200056080","165/60R14 ZEETEX ZT6000 ECO 75H (CAR SUMMER)","","20.91","165","60","14","H","75","","false","D","C","70","2","C1","26.0","ZEETEX","BUDGET WHOLESALE","ZT6000 ECO"
"2253520ZRADSC0596","8886459530631","DSC0596","225/35R20 RADAR DIMAX R8 90Y XL (CAR SUMMER)","https://dcjqgkl774ppl.cloudfront.net/70/MODEL/dimaxr8_(45).jpg","49.93","225","35","20","Y","90","XL","false","D","B","72","2","C1","16.0","RADAR","BUDGET","DIMAX R8"
"1656012HNAJD547","4718022005588","JD547","165/60R12 NANKANG ECO-2+ 75H XL (CAR SUMMER)","http://ordering.vandenban.nl/profielen/nankang_eco-2 xl.jpg","33.31","165","60","12","H","75","XL","false","D","B","70","2","","4.0","NANKANG","BUDGET","ECO-2+"
"2254018ZPI3881900","8019227388190","3881900","225/40R18 PIRELLI POWERGY 92Y XL (CAR SUMMER)","https://dcjqgkl774ppl.cloudfront.net/tyrecat/pirelli/powergy_powergy.jpg","59.54","225","40","18","Y","92","XL","false","B","A","70","2","C1","30.0","PIRELLI","PREMIUM","POWERGY"
"2554020ZBR9385","3286340938518","9385","255/40R20 BRIDGESTONE TURANZA T005 101Y XL AO SILENT (CAR SUMMER)","http://images.tyresoft.biz/70/MODEL/turanzat005.jpg","162.83","255","40","20","Y","101","XL","false","C","A","70","1","C1","4.0","BRIDGESTONE","PREMIUM","TURANZA T005"
"2154517ZACPHIR","8997020614398","1200035232","215/45R17 ACCELERA PHI R 91W XL (CAR SUMMER)","https://dcjqgkl774ppl.cloudfront.net/70/images/acc phir.jpg","33.15","215","45","17","W","91","XL","false","D","C","72","2","C1","30.0","ACCELERA","BUDGET","PHI R"
"2354518ZBLBA2268","6973307192997","BA2268","235/45R18 BLACKARROW P16 98W XL (CAR SUMMER)","https://dcjqgkl774ppl.cloudfront.net/70/model/m_7890_p16.jpg","37.69","235","45","18","W","98","XL","false","C","C","72","2","C1","30.0","BLACKARROW","BUDGET WHOLESALE","P16"
"2454520ZRADSC0038","8886459507039","DSC0038","245/45R20 RADAR DIMAX R8+ 103Y XL (CAR SUMMER)","http://images.tyresoft.biz/70/MODEL/dimaxr8+_45.jpg","64.21","245","45","20","Y","103","XL","false","C","B","72","2","C1","1.0","RADAR","BUDGET","DIMAX R8+"
"2554020ZRADSC0174","8886459511760","DSC0174","255/40R20 RADAR DIMAX R8+ 101Y XL RUNFLAT (CAR SUMMER)","http://images.tyresoft.biz/70/MODEL/dimaxr8+_45.jpg","82.57","255","40","20","Y","101","XL","true","D","B","73","2","C1","30.0","RADAR","BUDGET","DIMAX R8+"
"2454019ZCO357535000","4019238732320","03575350000","245/40R19 CONTINENTAL SPORTCONTACT 6 98Y XL RO1 (CAR SUMMER)","https://dcjqgkl774ppl.cloudfront.net/70/MODEL/sportcontact6.jpg","120.32","245","40","19","Y","98","XL","false","D","A","72","2","C1","2.0","CONTINENTAL","PREMIUM","SPORTCONTACT 6"
"2156017THA2021979","8808563598840","2021979","215/60R17 HANKOOK VANTRA ST AS2 RA30 109/107T VOLKSWAGEN (VAN ALL SEASON)","https://dcjqgkl774ppl.cloudfront.net/tyrecat/hankook/vantrastas2ra30_ra30.png","95.09","215","60","17","T","109/107","","false","B","B","70","1","C2","30.0","HANKOOK","MID RANGE 2","VANTRA ST AS2 RA30"
"2554518HHA1015818","8808563358130","1015818","255/45R18 HANKOOK VENTUS PRIME 2 K115 103H XL OE (CAR SUMMER)","http://www.etyre.net/preview/t3/ha-k115.jpg","102.98","255","45","18","H","103","XL","false","B","B","71","1","C1","10.0","HANKOOK","MID RANGE 2","VENTUS PRIME 2 K115"
"1557012TNAJD548","4718022005595","JD548","155/70R12 NANKANG XR-611 77T XL (CAR SUMMER)","https://www.etyre.net/preview/t3/na-xr611.jpg","27.12","155","70","12","T","77","XL","false","D","C","70","2","C1","1.0","NANKANG","BUDGET","XR-611"
"2453519ZCO357929000","4019238751130","0357929","245/35R19 CONTINENTAL SPORTCONTACT 6 93Y XL AO (CAR SUMMER)","https://dcjqgkl774ppl.cloudfront.net/70/MODEL/sportcontact6.jpg","133.11","245","35","19","Y","93","XL","false","D","A","72","2","C1","6.0","CONTINENTAL","PREMIUM","SPORTCONTACT 6"
"2155516ZRARSC0040","8886459500467","RSC0040","215/55R16 RADAR RPX 800 97W XL (CAR SUMMER)","https://dcjqgkl774ppl.cloudfront.net/tyrecat/rpx-800.jpg","36.21","215","55","16","W","97","XL","false","B","B","72","2","C1","30.0","RADAR","BUDGET","RPX-800"
"185016HRARNC0060","8886459533717","RNC0060","185/80R16 RADAR DIMAX CLASSIC 93H (CAR SUMMER)","https://dcjqgkl774ppl.cloudfront.net/70/model/m_3838_dimaxclassicbsw(45).jpg","52.99","185","0","16","H","93","","false","NA","NA","NA","NA","C1","5.0","RADAR","BUDGET","DIMAX CLASSIC"
"2056016HUN0361181000","4024068004479","03611810000","205/60R16 UNIROYAL RAINEXPERT 5 96H XL (CAR SUMMER)","https://dcjqgkl774ppl.cloudfront.net/70/model/m_6657_uniroyal__rainexpert-5__productpicture__30.png","69.61","205","60","16","H","96","XL","false","C","A","72","2","C1","5.0","UNIROYAL","MID RANGE PREMIUM","RAINEXPERT 5"
"1956515HCO351960000","4019238508017","03519600000","195/65R15 CONTINENTAL CONTIPREMIUMCONTACT 2 91H (CAR SUMMER)","http://www.etyre.net/preview/t3/co-precon2.jpg","49.93","195","65","15","H","91","","false","D","B","71","2","C1","30.0","CONTINENTAL","PREMIUM","CONTIPREMIUMCONTACT 2"
"2155017ZBLBA2234","6973307192508","BA2234","215/50R17 BLACKARROW P16 95W XL (CAR SUMMER)","https://dcjqgkl774ppl.cloudfront.net/70/model/m_7890_p16.jpg","31.11","215","50","17","W","95","XL","false","C","C","71","2","C1","30.0","BLACKARROW","BUDGET WHOLESALE","P16"
"2254018ZBLBA2224","6973307192348","","225/40R18 BLACKARROW P16 92W XL (CAR SUMMER)","https://dcjqgkl774ppl.cloudfront.net/70/model/m_7890_p16.jpg","30.09","225","40","18","W","92","XL","false","C","C","71","2","C1","30.0","BLACKARROW","BUDGET WHOLESALE","P16"
"2256516TZE1200056133","6290300065159","1200056133","225/65R16 ZEETEX CT6000 ECO 112/110T (VAN SUMMER)","","46.87","225","65","16","T","112/110","","false","C","B","72","2","C2","30.0","ZEETEX","BUDGET WHOLESALE","CT6000 ECO"
"2157516HCO354898000","4019238780420","0354898","215/75R16 CONTINENTAL 4X4CONTACT 107H XL (4X4 / SUV SUMMER)","http://www.etyre.net/preview/t3/co-4x4cont.jpg","105.58","215","75","16","H","107","XL","false","D","C","72","2","C1","14.0","CONTINENTAL","PREMIUM","4X4CONTACT"
"1956515HMI956602","3528709566025","956602","195/65R15 MICHELIN PRIMACY 4 91H (CAR SUMMER)","https://dcjqgkl774ppl.cloudfront.net/tyrecat/primacy_4.png","60.2","195","65","15","H","91","","false","C","A","68","1","C1","11.0","MICHELIN","PREMIUM","PRIMACY 4"
"2156516HUN0361186000","4024068004844","03611860000","215/65R16 UNIROYAL RAINEXPERT 5 98H (4X4 / SUV SUMMER)","https://dcjqgkl774ppl.cloudfront.net/70/model/m_6657_uniroyal__rainexpert-5__productpicture__30.png","63.61","215","65","16","H","98","","false","C","A","71","2","C1","2.0","UNIROYAL","MID RANGE PREMIUM","RAINEXPERT 5"
"1857516RAVS860013","0029142922377","589534","185/75R16 AVON AV12 104/102R (VAN SUMMER)","https://dcjqgkl774ppl.cloudfront.net/70/model/m_4668_avonav12200x300engineeredintheukflag.png","70.89","185","75","16","R","104/102","","false","D","B","72","2","C2","2.0","AVON","MID RANGE 2","AV12"
"2356516RVRAP2356516RC2SA00","8714692341939","","235/65R16 VREDESTEIN COMTRACT 2 115/113R (VAN SUMMER)","https://dcjqgkl774ppl.cloudfront.net/tyrecat/comtrac2allseason.png","79.16","235","65","16","R","115/113","","false","C","B","70","2","C2","4.0","VREDESTEIN","MID RANGE 2","COMTRAC 2"
"2454520VPI4137800","8019227413786","4137800","245/45R20 PIRELLI SCORPION WINTER 2 103V XL NCS ELT (4X4 / SUV WINTER)","https://dcjqgkl774ppl.cloudfront.net/tyrecat/pirelli/scorpionwinter2_scorpion-winter-2.png","184.67","245","45","20","V","103","XL","false","C","A","71","2","C1","1.0","PIRELLI","PREMIUM","SCORPION WINTER 2"
"2657017QCO","90000030883","","265/70R17 COOPER EVOLUTION MTT 121/118Q (4X4 / SUV SUMMER)","","129.49","265","70","17","Q","121/118","","false","NA","NA","NA","NA","C1","13.0","COOPER","MID RANGE 3","EVOLUTION VAN"
"2356517VUN0361198000","4024068004530","03611980000","235/65R17 UNIROYAL RAINEXPERT 5 108V XL (4X4 / SUV SUMMER)","https://dcjqgkl774ppl.cloudfront.net/70/model/m_6657_uniroyal__rainexpert-5__productpicture__30.png","77.43","235","65","17","V","108","XL","false","C","A","72","2","C1","10.0","UNIROYAL","MID RANGE PREMIUM","RAINEXPERT 5"
"1856515HRARAHSCN0011","8886459518868","RAHSCN0011","185/65R15 RADAR DIMAX SPRINT 88H EVC PREMIUM COLLECTION (CAR SUMMER)","https://dcjqgkl774ppl.cloudfront.net/70/model/m_8178_dimaxsprint_(45).jpg","31.11","185","65","15","H","88","","false","C","B","70","2","C1","20.0","RADAR","BUDGET","DIMAX SPRINT"
"2356516RAV589521","0029142923039","589521","235/65R16 AVON AV12 115/113R (VAN SUMMER)","https://dcjqgkl774ppl.cloudfront.net/70/model/m_4668_avonav12200x300engineeredintheukflag.png","84.61","235","65","16","R","115/113","","false","C","A","72","2","C2","13.0","AVON","MID RANGE 2","AV12"
"2156016TAVS860111","0029142923213","589525","215/60R16 AVON AV12 103/101T (VAN SUMMER)","https://dcjqgkl774ppl.cloudfront.net/70/model/m_4668_avonav12200x300engineeredintheukflag.png","59.11","215","60","16","T","103/101","","false","D","B","72","2","C2","26.0","AVON","MID RANGE 2","AV12"
"1956515HRARAHSCN0009","8886459518844","RAHSCN0009","195/65R15 RADAR DIMAX SPRINT 95H XL EVC PREMIUM COLLECTION (CAR SUMMER)","https://dcjqgkl774ppl.cloudfront.net/70/model/m_8178_dimaxsprint_(45).jpg","32.13","195","65","15","H","95","XL","false","C","B","72","2","C1","30.0","RADAR","BUDGET","DIMAX SPRINT"
"2356517VACIOTAST68","8997020616781","1200044263","235/65R17 ACCELERA IOTA ST-68 108V XL (4X4 / SUV SUMMER)","https://dcjqgkl774ppl.cloudfront.net/70/MODEL/iotast-68.jpg","48.91","235","65","17","V","108","XL","false","C","C","68","1","C1","1.0","ACCELERA","BUDGET","IOTA ST-68"
"2054018ZRADSC0034","8886459506773","DSC0034","205/40R18 RADAR DIMAX R8+ 86Y XL (CAR SUMMER)","http://images.tyresoft.biz/70/MODEL/dimaxr8+_45.jpg","41.77","205","40","18","Y","86","XL","false","D","B","72","2","C1","29.0","RADAR","BUDGET","DIMAX R8+"
"2054018ZRADSC0035","8886459506780","DSC0035","205/40R18 RADAR DIMAX R8+ 86Y XL RUNFLAT (CAR SUMMER)","http://images.tyresoft.biz/70/MODEL/dimaxr8+_45.jpg","69.31","205","40","18","Y","86","XL","true","D","C","72","2","C1","30.0","RADAR","BUDGET","DIMAX R8+"
"1856015HMI452985","3528704529858","452985","185/60R15 MICHELIN PRIMACY 4 84H (CAR SUMMER)","https://dcjqgkl774ppl.cloudfront.net/tyrecat/primacy_4.png","71.89","185","60","15","H","84","","false","C","A","68","2","C1","1.0","MICHELIN","PREMIUM","PRIMACY 4"
"2156017HAVS860117","0029142923251","4860011","215/60R17 AVON AV12 109/107H (VAN SUMMER)","https://dcjqgkl774ppl.cloudfront.net/70/model/m_4668_avonav12200x300engineeredintheukflag.png","72.37","215","60","17","H","109/107","","false","D","B","72","2","C2","7.0","AVON","MID RANGE 2","AV12"
"2156516SRARANCCN0359","8886459539795","RANCCN0359","215/65R16 RADAR RENEGADE A/T SPORT 103/100S (4X4 / SUV SUMMER)","https://dcjqgkl774ppl.cloudfront.net/70/model/m_7888_renegadeat5sport.jfif","71.35","215","65","16","S","103/100","D","false","D","C","72","2","C2","16.0","RADAR","BUDGET","RENEGADE A/T SPORT"
"2155019TCO3113380000","4019238038583","03113380000","215/50R19 CONTINENTAL ECOCONTACT 6 93T SL (+) CONTISEAL (CAR SUMMER)","https://dcjqgkl774ppl.cloudfront.net/tyrecat/ecocontact_6.png","105.25","215","50","19","T","93","","false","A","A","71","2","C1","6.0","CONTINENTAL","PREMIUM","ECOCONTACT 6"
"2354018ZCO3112090000","4019238036954","03112090000","235/40R18 CONTINENTAL SPORTCONTACT 6 95Y XL RUNFLAT (CAR SUMMER)","https://dcjqgkl774ppl.cloudfront.net/tyrecat/sportcontact-6-tire-image.png","119.98","235","40","18","Y","95","XL","true","D","A","72","2","C1","1.0","CONTINENTAL","PREMIUM","SPORTCONTACT 6"
"2155518TCO3113350000","4019238038576","03113350000","215/55R18 CONTINENTAL ECOCONTACT 6 95T SL (+) (CAR SUMMER)","https://dcjqgkl774ppl.cloudfront.net/tyrecat/ecocontact_6.png","92.17","215","55","18","T","95","","false","A","A","71","2","C1","1.0","CONTINENTAL","PREMIUM","ECOCONTACT 6"
"2355018ZPAIMPEROHT","6971128353054","","235/50R18 PACE IMPERO H/T 101W XL (4X4 / SUV SUMMER)","","46.87","235","50","18","W","101","XL","false","C","C","72","2","C1","1.0","PACE","BUDGET","IMPERO H/T"
"2555520ZKU2310063","8808956324476","2310063","255/55R20 KUMHO PS71 110Y XL (4X4 / SUV SUMMER)","https://dcjqgkl774ppl.cloudfront.net/tyrecat/ps71.png","101.95","255","55","20","Y","110","XL","false","C","A","73","2","C1","30.0","KUMHO","MID RANGE PREMIUM","PS71"
"2754520ZKU2310093","8808956324506","2310093","275/45R20 KUMHO PS71 110Y XL (4X4 / SUV SUMMER)","https://dcjqgkl774ppl.cloudfront.net/tyrecat/ps71.png","104.71","275","45","20","Y","110","XL","false","C","A","73","2","C1","12.0","KUMHO","MID RANGE PREMIUM","PS71"
"2454520ZKU2310033","8808956324445","2310033","245/45R20 KUMHO PS71 103W XL (4X4 / SUV SUMMER)","https://dcjqgkl774ppl.cloudfront.net/tyrecat/ps71.png","100.46","245","45","20","W","103","XL","false","C","A","72","2","C1","30.0","KUMHO","MID RANGE PREMIUM","PS71"
"1957014VRARNC0069","8886459533809","RNC0069","195/70R14 RADAR DIMAX CLASSIC BSW 91V (CAR SUMMER)","https://dcjqgkl774ppl.cloudfront.net/70/model/m_3838_dimaxclassicbsw(45).jpg","46.87","195","70","14","V","91","","false","NA","NA","NA","NA","C1","1.0","RADAR","BUDGET","DIMAX CLASSIC"
"2254517ZBR13747","3286341374711","13747","225/45R17 BRIDGESTONE TURANZA T005 DRIVEGUARD 94Y XL RUNFLAT (CAR SUMMER)","https://dcjqgkl774ppl.cloudfront.net/tyrecat/t005-.png","69.08","225","45","17","Y","94","XL","true","C","A","72","2","C1","2.0","BRIDGESTONE","PREMIUM","TURANZA T005 DRIVEGUARD"
"2654520ZKU2310073","8808956324483","2310073","265/45R20 KUMHO PS71 108Y XL (4X4 / SUV SUMMER)","https://dcjqgkl774ppl.cloudfront.net/tyrecat/ps71.png","108.07","265","45","20","Y","108","XL","false","C","A","73","2","C1","16.0","KUMHO","MID RANGE PREMIUM","PS71"
"2254518ZDE6924590248885","6924590248885","6924590248885","225/45R18 DELMAX ULTIMEPRO UP1 95W XL (CAR SUMMER)","","35.19","225","45","18","W","95","","false","C","C","72","2","C1","30.0","DELMAX","BUDGET WHOLESALE","ULTIMEPRO UP1"
"2554520ZKU2310043","8808956324452","2310043","255/45R20 KUMHO PS71 105Y XL (4X4 / SUV SUMMER)","https://dcjqgkl774ppl.cloudfront.net/tyrecat/ps71.png","106.36","255","45","20","Y","105","XL","false","C","A","73","2","C1","13.0","KUMHO","MID RANGE PREMIUM","PS71"
"1758014HRARNC0067","8886459533786","RNC0067","175/80R14 RADAR DIMAX CLASSIC 88H (CAR SUMMER)","https://dcjqgkl774ppl.cloudfront.net/70/model/m_3838_dimaxclassicbsw(45).jpg","35.65","175","0","14","H","88","","false","D","C","71","2","C1","3.0","RADAR","BUDGET","DIMAX CLASSIC"
"2156516TZE1200056132","6290300065142","1200056132","215/65R16 ZEETEX CT6000 ECO 109/107T (VAN SUMMER)","","43.81","215","65","16","T","109/107","","false","C","B","72","2","C2","30.0","ZEETEX","BUDGET WHOLESALE","CT6000 ECO"
"2054017ZPI4189200","8019227418927","4189200","205/40R17 PIRELLI POWERGY 84W XL (CAR SUMMER)","https://dcjqgkl774ppl.cloudfront.net/tyrecat/pirelli/powergy_powergy.jpg","61.48","205","40","17","W","84","XL","false","B","A","69","1","C1","4.0","PIRELLI","PREMIUM","POWERGY"
"2754521ZKU2310173","8808956324582","2310173","275/45R21 KUMHO PS71 110Y XL (4X4 / SUV SUMMER)","https://dcjqgkl774ppl.cloudfront.net/tyrecat/ps71.png","109.32","275","45","21","Y","110","XL","false","C","A","73","2","C1","6.0","KUMHO","MID RANGE PREMIUM","PS71"
"2256517VKU2310373","8808956326067","2310373","225/65R17 KUMHO HS52 102V (CAR SUMMER)","https://dcjqgkl774ppl.cloudfront.net/70/model/m_6801_kumho-ecsta-hs52.png","56.47","225","65","17","V","102","","false","B","A","71","2","C1","3.0","KUMHO","MID RANGE PREMIUM","HS52"
"2356018VACIOTAST68","8997020616866","1200044317","235/60R18 ACCELERA IOTA ST-68 107V XL (4X4 / SUV SUMMER)","https://dcjqgkl774ppl.cloudfront.net/70/MODEL/iotast-68.jpg","52.99","235","60","18","V","107","XL","false","C","C","68","1","C1","20.0","ACCELERA","BUDGET","IOTA ST-68"
"1556015VNAJB506","4717622059212","JB506","155/60R15 NANKANG AS-1 74V (CAR SUMMER)","https://dcjqgkl774ppl.cloudfront.net/70/MODEL/na-as1.jpg","30.95","155","60","15","V","74","","false","E","C","71","3","C1","4.0","NANKANG","BUDGET","AS-1"
"2953521ZKU2310183","8808956324599","2310183","295/35R21 KUMHO PS71 107Y XL (4X4 / SUV SUMMER)","https://dcjqgkl774ppl.cloudfront.net/tyrecat/ps71.png","109.37","295","35","21","Y","107","XL","false","C","A","75","2","C1","18.0","KUMHO","MID RANGE PREMIUM","PS71"
"2056013VRARNC0073","8886459533847","RNC0073","205/60R13 RADAR DIMAX CLASSIC 86V (CAR SUMMER)","https://dcjqgkl774ppl.cloudfront.net/70/model/m_3838_dimaxclassicbsw(45).jpg","42.79","205","60","13","V","86","","false","NA","NA","NA","NA","C1","5.0","RADAR","BUDGET","DIMAX CLASSIC"
"2554021ZKU2310153","8808956324568","2310153","255/40R21 KUMHO PS71 102Y XL (4X4 / SUV SUMMER)","https://dcjqgkl774ppl.cloudfront.net/tyrecat/ps71.png","112.98","255","40","21","Y","102","XL","false","C","A","73","2","C1","14.0","KUMHO","MID RANGE PREMIUM","PS71"
"2954022ZPI3136900","8019227313697","3136900","295/40R22 PIRELLI SCORPION ZERO ASIM. 112W XL (MO1) (4X4 / SUV SUMMER)","https://www.etyre.net/preview/t3/pi-scorpzero.jpg","226.39","295","40","22","W","112","XL","false","B","B","71","1","C1","4.0","PIRELLI","PREMIUM","SCORPION ZERO ASIM."
"2555019ZRARASYCN0364","8886459587918","RASYCN0364","255/50R19 RADAR DIMAX R8+ 107Y XL (4X4 / SUV SUMMER)","http://omni-united.com/wp-content/uploads/2016/06/dimax-r8-plus.jpg","66.25","255","50","19","Y","107","XL","false","C","B","73","2","C1","30.0","RADAR","BUDGET","DIMAX R8+"
"2454520ZBR20689","3286342068916","20689","245/45R20 BRIDGESTONE POTENZA SPORT 103Y XL (4X4 / SUV SUMMER)","https://dcjqgkl774ppl.cloudfront.net/tyrecat/bridgestone/potenzasport_potenza_sport.png","107.05","245","45","20","Y","103","XL","false","C","A","72","2","C1","22.0","BRIDGESTONE","PREMIUM","POTENZA SPORT"
"35125017QRARND0093","8886459536626","RND0093","35/12.50R17 RADAR RENEGADE R/T+ 121Q (4X4 / SUV SUMMER)","https://dcjqgkl774ppl.cloudfront.net/70/MODEL/4447_renegade-rt-500x500.jpg","133.57","35","1250","17","Q","121","","false","NA","NA","NA","NA","C1","30.0","RADAR","BUDGET","RENEGADE R/T+"
"2754018ZRARASYCN0396","8886459588236","RASYCN0396","275/40R18 RADAR DIMAX R8+ 103Y XL (CAR SUMMER)","http://omni-united.com/wp-content/uploads/2016/06/dimax-r8-plus.jpg","67.27","275","40","18","Y","103","XL","false","C","B","73","2","C1","25.0","RADAR","BUDGET","DIMAX R8+"
"37125017KRARND0095","8886459536640","RND0095","37/12.50R17 RADAR RENEGADE R/T+ 131K (4X4 / SUV SUMMER)","https://dcjqgkl774ppl.cloudfront.net/70/MODEL/4447_renegade-rt-500x500.jpg","167.23","37","1250","17","K","131","","false","NA","NA","NA","NA","C1","7.0","RADAR","BUDGET","RENEGADE R/T+"
"2554018ZTO4465255401881003","4981910554523","3866100","255/40R18 TOYO PROXES SPORT 2 99Y XL (CAR SUMMER)","https://dcjqgkl774ppl.cloudfront.net/tyrecat/toyo/proxessport2_proxes-sport-2.png","102.18","255","40","18","Y","99","XL","false","C","A","71","2","C1","2.0","TOYO","MID RANGE PREMIUM","PROXES SPORT 2"
"35125020QRARND0041","8886459524456","RND0041","35/12.50R20 RADAR RENEGADE R/T+ 121Q (4X4 / SUV SUMMER)","https://dcjqgkl774ppl.cloudfront.net/70/MODEL/4447_renegade-rt-500x500.jpg","146.83","3512","50","20","Q","121","","false","NA","NA","NA","NA","C1","2.0","RADAR","BUDGET","RENEGADE R/T+"
"2453518ZACPHIR","8997020615043","1200037355","245/35R18 ACCELERA PHI R 92Y XL (CAR SUMMER)","https://dcjqgkl774ppl.cloudfront.net/70/images/acc phir.jpg","45.85","245","35","18","Y","92","XL","false","D","C","72","2","C1","30.0","ACCELERA","BUDGET","PHI R"
"2354518ZYOR8836","4548515300360","R8836","235/45R18 YOKOHAMA V108 EV SILENT FOAM 98Y XL (CAR SUMMER)","https://dcjqgkl774ppl.cloudfront.net/70/model/m_8038_advan_sport_ev_v108_angled.jpg","105.01","235","45","18","Y","98","XL","false","B","A","70","2","C1","4.0","YOKOHAMA","MID RANGE 2","V108"
"35125018KRARND0039","8886459524425","RND0039","35/12.50R18 RADAR RENEGADE R/T+ 123K (4X4 / SUV SUMMER)","https://dcjqgkl774ppl.cloudfront.net/70/MODEL/4447_renegade-rt-500x500.jpg","133.57","35","12","18","K","123","","false","NA","NA","NA","NA","C1","30.0","RADAR","BUDGET","RENEGADE R/T+"
"2655019ZBR20566","3286342056616","20566","265/50R19 BRIDGESTONE TURANZA 6 110Y XL (4X4 / SUV SUMMER)","https://dcjqgkl774ppl.cloudfront.net/tyrecat/bridgestone/turanza6_turanza_6.png","114.19","265","50","19","Y","110","XL","false","B","A","071","2","C1","2.0","BRIDGESTONE","PREMIUM","TURANZA 6"
"33125018QRARND0032","8886459524357","RND0032","33/12.50R18 RADAR RENEGADE R/T+ 118Q (4X4 / SUV SUMMER)","https://dcjqgkl774ppl.cloudfront.net/70/MODEL/4447_renegade-rt-500x500.jpg","124.39","3312","50","18","Q","118","","false","NA","NA","NA","NA","C1","19.0","RADAR","BUDGET","RENEGADE R/T+"
"1955515VKU2327593","8808956350413","2327593","195/55R15 KUMHO HA32 89V XL (CAR ALL SEASON)","https://dcjqgkl774ppl.cloudfront.net/tyrecat/kumho/ha32_ha32.png","53.16","195","55","15","V","89","XL","false","D","B","72","2","C1","1.0","KUMHO","MID RANGE PREMIUM","HA32"
"33125020QRARND0034","8886459524371","RND0034","33/12.50R20 RADAR RENEGADE R/T+ 114Q (4X4 / SUV SUMMER)","https://dcjqgkl774ppl.cloudfront.net/70/MODEL/4447_renegade-rt-500x500.jpg","135.61","3312","50","20","Q","114","","false","NA","NA","NA","NA","C1","26.0","RADAR","BUDGET","RENEGADE R/T+"
"2753020ZPI2796900","8019227279696","2796900","275/30R20 PIRELLI P-ZERO 97Y XL RUNFLAT (*)(MOE) (CAR SUMMER)","https://dcjqgkl774ppl.cloudfront.net/tyrecat/pzero.png","192.37","275","30","20","Y","97","XL","true","C","A","69","1","C1","3.0","PIRELLI","PREMIUM","P-ZERO"
"2255517ZVRAP22555017YULPA02","8714692995408","AP22555017YULPA02","225/55R17 VREDESTEIN ULTRAC+ 101Y XL (CAR SUMMER)","","66.77","225","55","17","Y","101","XL","false","C","A","69","2","C1","9.0","VREDESTEIN","MID RANGE 2","ULTRAC+"
"2654520ZPI3473000","8019227347302","3473000","265/45R20 PIRELLI PZERO 104Y (N0) (4X4 / SUV SUMMER)","https://dcjqgkl774ppl.cloudfront.net/70/images/pi-pzero.jpg","184.57","265","45","20","Y","104","","false","C","A","71","2","C1","6.0","PIRELLI","PREMIUM","PZERO"
"2355518VCO0358434000","4019238023756","0358434","235/55R18 CONTINENTAL ECOCONTACT 6 104V XL (CAR SUMMER)","https://dcjqgkl774ppl.cloudfront.net/tyrecat/ecocontact_6.png","100.37","235","55","18","V","104","XL","false","A","A","72","2","C1","7.0","CONTINENTAL","PREMIUM","ECOCONTACT 6"
"2256517HTO1589569","4981910768029","1589569","225/65R17 TOYO OPEN COUNTRY U/T 102H (4X4 / SUV SUMMER)","https://dcjqgkl774ppl.cloudfront.net/tyrecat/oput.png","69.96","225","65","17","H","102","","false","D","C","71","2","C1","13.0","TOYO","MID RANGE PREMIUM","OPUT"
"2656018HMI243767","3528702437674","243767","265/60R18 MICHELIN LATITUDE TOUR HP 109H (4X4 / SUV SUMMER)","http://www.etyre.net/preview/t3/mi-latitourhp.jpg","133.99","265","60","18","H","109","","false","B","D","71","2","C1","1.0","MICHELIN","PREMIUM","LATITUDE TOUR HP"
"2355018ZMI380412","3528703804123","380412","235/50R18 MICHELIN PRIMACY 4 101Y XL VOL (CAR SUMMER)","https://dcjqgkl774ppl.cloudfront.net/tyrecat/primacy_4.png","128.8","235","50","18","Y","101","XL","false","B","A","70","2","C1","4.0","MICHELIN","PREMIUM","PRIMACY 4"
"2055017ZHA1013017","8808563328355","1013017","205/50R17 HANKOOK VENTUS S1 EVO 2 K117 89W RUNFLAT REP (CAR SUMMER)","http://www.etyre.net/preview/t3/ha-k117xl.jpg","85.99","205","50","17","W","89","","true","E","B","71","2","C1","3.0","HANKOOK","MID RANGE 2","VENTUS S1 EVO 2 K117"
"2256017VVRAP22560017VULPA00","8714692995446","","225/60R17 VREDESTEIN ULTRAC+ 99V (4X4 / SUV SUMMER)","","70.37","225","60","17","V","99","","false","B","A","69","2","C1","6.0","VREDESTEIN","MID RANGE 2","ULTRAC+"
"2555520ZPI2154900","8019227215496","2154900","255/55R20 PIRELLI SCORPION VERDE ALL S 110W XL (LR) (4X4 / SUV SUMMER)","https://dcjqgkl774ppl.cloudfront.net/70/images/pi-verde.jpg","150.17","255","55","20","W","110","XL","false","C","B","72","2","C1","4.0","PIRELLI","PREMIUM","SCORPION VERDE ALL S"
"2454018ZBR18816","3286341881615","18816","245/40R18 BRIDGESTONE TURANZA T005 97Y XL MO (CAR SUMMER)","http://images.tyresoft.biz/70/MODEL/turanzat005.jpg","79.51","245","40","18","Y","97","XL","false","A","B","69","1","C1","30.0","BRIDGESTONE","PREMIUM","TURANZA T005"
"2255017ZPI2745700","8019227274578","2745700","225/50R17 PIRELLI CINTURATO P7 98Y XL RUNFLAT (*) (CAR SUMMER)","https://www.etyre.net/preview/t3/pi-p7cintrft.jpg","92.8","225","50","17","Y","98","XL","true","B","B","68","1","C1","8.0","PIRELLI","PREMIUM","CINTURATO P7"
"2156016HZM2EZM516","6938628282697","2EZM516","215/60R16 ZMAX LANDGEMA 99H XL (CAR SUMMER)","https://dcjqgkl774ppl.cloudfront.net/tyrecat/zmax/landgema_landgema.png","33.61","215","60","16","H","99","XL","false","C","C","68","2","","15.0","ZMAX","BUDGET WHOLESALE","LANDGEMA"
"2254519VFESUPR","6973307192980","","225/45R19 FEIYUE SUPREMACY 96V XL (CAR SUMMER)","","41.77","225","45","19","V","96","XL","false","C","C","71","2","","5.0","FEIYUE","BUDGET WHOLESALE",""
"2655020QRARND0084","8886459536534","RND0084","265/50R20 RADAR RENEGADE R/T+ 121/118Q (4X4 / SUV SUMMER)","http://images.tyresoft.biz/tyrecat/no_image.png","112.15","265","50","20","Q","121/118","","false","NA","NA","NA","NA","C1","30.0","RADAR","BUDGET","RENEGADE R/T+"
"2755520QRARND0085","8886459536541","RND0085","275/55R20 RADAR RENEGADE R/T+ 120/117Q (4X4 / SUV SUMMER)","https://dcjqgkl774ppl.cloudfront.net/70/MODEL/4447_renegade-rt-500x500.jpg","118.27","275","55","20","Q","120/117","","false","NA","NA","NA","NA","C1","30.0","RADAR","BUDGET","RENEGADE R/T+"
"2055517VVRAP20555017VULPA02","8714692995156","AP20555017VULPA02","205/55R17 VREDESTEIN ULTRAC+ 95V XL (CAR SUMMER)","","61.23","205","55","17","V","95","XL","false","B","A","69","2","C1","8.0","VREDESTEIN","MID RANGE 2","ULTRAC+"
"2357016QRARANCCN0351","8886459598778","RANCCN0351","235/70R16 RADAR RENEGADE R/T+ 110/107Q (4X4 / SUV SUMMER)","https://dcjqgkl774ppl.cloudfront.net/70/MODEL/4447_renegade-rt-500x500.jpg","86.65","235","70","16","Q","110/107","","false","NA","NA","NA","NA","C2","8.0","RADAR","BUDGET","RENEGADE R/T+"
"2156516VRARAGFCN0316","8886459595234","RAGFCN0316","215/65R16 RADAR RIVERA PRO2 102V XL (CAR SUMMER)","http://images.tyresoft.co.uk/70/MODEL/radarrp2.jpg","41.31","215","65","16","V","102","XL","false","C","C","72","2","C1","30.0","RADAR","BUDGET","RIVERA PRO2"
"2855022QRARND0145","8886459538842","RND0145","285/50R22 RADAR RENEGADE R/T+ 121Q (4X4 / SUV SUMMER)","https://dcjqgkl774ppl.cloudfront.net/70/MODEL/4447_renegade-rt-500x500.jpg","142.75","285","50","22","Q","121","","false","NA","NA","NA","NA","C1","6.0","RADAR","BUDGET","RENEGADE R/T+"
"2255518VZE1200038335","6290300035756","1200038335","225/55R18 ZEETEX SU1000 VFM 98V (4X4 / SUV SUMMER)","https://dcjqgkl774ppl.cloudfront.net/tyrecat/su1000-vfm.png","45.85","225","55","18","V","98","","false","C","C","71","2","C2","12.0","ZEETEX","BUDGET WHOLESALE","SU1000 VFM"
"2754020ZCO354219000","4019238563108","03542190000","275/40R20 CONTINENTAL CONTISPORTCONTACT 5 106W XL RUNFLAT * (4X4 / SUV SUMMER)","https://dcjqgkl774ppl.cloudfront.net/70/images/cn-sc5.jpg","161.21","275","40","20","W","106","XL","true","C","B","72","2","C1","4.0","CONTINENTAL","PREMIUM","CONTISPORTCONTACT 5"
"20516QRARANCCN0348","8886459598747","RANCCN0348","205/80R16 RADAR RENEGADE R/T+ 111/108Q (4X4 / SUV SUMMER)","https://dcjqgkl774ppl.cloudfront.net/70/MODEL/4447_renegade-rt-500x500.jpg","68.29","205","80","16","Q","111/108","","false","NA","NA","NA","NA","C2","1.0","RADAR","BUDGET","RENEGADE R/T+"
"1856014HRARSC0020","8886459500207","RSC0020","185/60R14 RADAR RPX 800 82H (CAR SUMMER)","https://dcjqgkl774ppl.cloudfront.net/tyrecat/rpx-800.jpg","29.07","185","60","14","H","82","","false","D","B","70","2","C1","23.0","RADAR","BUDGET","RPX-800"
"2254518ZBR18815","3286341881516","18815","225/45R18 BRIDGESTONE TURANZA T005 95Y XL MO (CAR SUMMER)","http://images.tyresoft.biz/70/MODEL/turanzat005.jpg","82.57","225","45","18","Y","95","XL","false","A","B","69","1","C1","30.0","BRIDGESTONE","PREMIUM","TURANZA T005"
"2357515QRARANCCN0347","8886459598730","RANCCN0347","235/75R15 RADAR RENEGADE R/T+ 110/107Q (4X4 / SUV SUMMER)","https://dcjqgkl774ppl.cloudfront.net/70/MODEL/4447_renegade-rt-500x500.jpg","81.55","235","75","15","Q","110/107","","false","NA","NA","NA","NA","C2","10.0","RADAR","BUDGET","RENEGADE R/T+"
"2254517HYOR6193","4968814999193","R6193","225/45R17 YOKOHAMA V906 94H (CAR WINTER)","https://dcjqgkl774ppl.cloudfront.net/tyrecat/v905.jpg","47.44","225","45","17","H","94","","false","D","B","71","2","C1","3.0","YOKOHAMA","MID RANGE 2","V906"
"2155518VVRAP21555018VULPA02","8714692995293","","215/55R18 VREDESTEIN ULTRAC+ 99V XL (4X4 / SUV SUMMER)","","68.71","215","55","18","V","99","XL","false","A","A","69","2","C1","16.0","VREDESTEIN","MID RANGE 2","ULTRAC+"
"2057015QRARANCCN0345","8886459598716","RANCCN0345","205/70R15 RADAR RENEGADE R/T+ 107/103Q (4X4 / SUV SUMMER)","https://dcjqgkl774ppl.cloudfront.net/70/MODEL/4447_renegade-rt-500x500.jpg","62.17","205","70","15","Q","107/103","","false","NA","NA","NA","NA","C2","16.0","RADAR","BUDGET","RENEGADE R/T+"
"1757014HRARGC0144","8886459521547","RGC0144","175/70R14 RADAR RIVERA PRO 2 88H XL (CAR SUMMER)","https://dcjqgkl774ppl.cloudfront.net/tyrecat/rivera-pro-2.jpg","26.01","175","70","14","H","88","XL","false","D","C","71","2","C1","30.0","RADAR","BUDGET","RIVERA PRO 2"
"1656015HCO356218000","4019238547153","03562180000","165/60R15 CONTINENTAL CONTIECOCONTACT 5 77H TOY (CAR SUMMER)","https://dcjqgkl774ppl.cloudfront.net/70/images/cn-eco5.jpg","78.81","165","60","15","H","77","","false","C","B","70","2","C1","4.0","CONTINENTAL","PREMIUM","CONTIECOCONTACT 5"
"1958015QRARANCCN0344","8886459598709","RANCCN0344","195/80R15 RADAR RENEGADE R/T+ 107/105Q (4X4 / SUV SUMMER)","https://dcjqgkl774ppl.cloudfront.net/70/MODEL/4447_renegade-rt-500x500.jpg","64.21","195","80","15","Q","107/105","","false","NA","NA","NA","NA","C2","8.0","RADAR","BUDGET","RENEGADE R/T+"
"2156017VVRAP21560017VULPA00","8714692995323","","215/60R17 VREDESTEIN ULTRAC+ 96V (4X4 / SUV SUMMER)","","60.12","215","60","17","V","96","","false","B","A","69","2","C1","28.0","VREDESTEIN","MID RANGE 2","ULTRAC+"
"2555520HRARZD0305","8886459534226","RZD0305","255/55R20 RADAR RENEGADE A/T AT-5 110H XL (4X4 / SUV SUMMER)","https://dcjqgkl774ppl.cloudfront.net/tyrecat/renegade-at5.jpg","84.61","255","55","20","H","110","XL","false","D","D","73","2","C1","9.0","RADAR","BUDGET","RENEGADE A/T AT-5"
"3054522SRARZD0152","8886459514945","RZD0152","305/45R22 RADAR RENEGADE A/T AT-5 118S XL (4X4 / SUV SUMMER)","https://dcjqgkl774ppl.cloudfront.net/tyrecat/renegade-at5.jpg","116.23","305","45","22","S","118","XL","false","D","D","75","2","C1","8.0","RADAR","BUDGET","RENEGADE A/T AT-5"
"2854522VRARZD0146","8886459514884","RZD0146","285/45R22 RADAR RENEGADE A/T AT-5 114V XL (4X4 / SUV SUMMER)","https://dcjqgkl774ppl.cloudfront.net/tyrecat/renegade-at5.jpg","118.27","285","45","22","V","114","XL","false","D","D","75","2","C1","30.0","RADAR","BUDGET","RENEGADE A/T AT-5"
"2353520ZYOR8843","4548515300438","R8843","235/35R20 YOKOHAMA V108 EV SILENT FOAM 92Y XL (CAR SUMMER)","https://dcjqgkl774ppl.cloudfront.net/70/model/m_8038_advan_sport_ev_v108_angled.jpg","122.35","235","35","20","Y","92","XL","false","C","A","70","2","C1","4.0","YOKOHAMA","MID RANGE 2","V108"
"2754022VRARZD0304","8886459534219","RZD0304","275/40R22 RADAR RENEGADE A/T AT-5 108V XL (4X4 / SUV SUMMER)","https://dcjqgkl774ppl.cloudfront.net/tyrecat/renegade-at5.jpg","110.11","275","40","22","V","108","XL","false","D","D","73","2","C1","30.0","RADAR","BUDGET","RENEGADE A/T AT-5"
"2156516HYOR6167","4968814998936","R6167","215/65R16 YOKOHAMA V906 98H XL (CAR WINTER)","https://dcjqgkl774ppl.cloudfront.net/tyrecat/v905.jpg","71.2","215","65","16","H","98","XL","false","D","B","71","2","C1","1.0","YOKOHAMA","MID RANGE 2","V906"
"2657516QRARND0099","8886459536688","RND0099","265/75R16 RADAR RENEGADE R/T+ 119/116Q (4X4 / SUV SUMMER)","https://dcjqgkl774ppl.cloudfront.net/70/MODEL/4447_renegade-rt-500x500.jpg","94.81","265","75","16","Q","119/116","","false","NA","NA","NA","NA","C1","8.0","RADAR","BUDGET","RENEGADE R/T+"
"2857516QRARND0101","8886459536701","RND0101","285/75R16 RADAR RENEGADE R/T+ 121/117Q (4X4 / SUV SUMMER)","https://dcjqgkl774ppl.cloudfront.net/70/MODEL/4447_renegade-rt-500x500.jpg","109.09","285","75","16","Q","121/117","","false","NA","NA","NA","NA","C1","30.0","RADAR","BUDGET","RENEGADE R/T+"
"2358516QRARND0143","8886459538828","RND0143","235/85R16 RADAR RENEGADE R/T+ 120/116Q (4X4 / SUV SUMMER)","https://dcjqgkl774ppl.cloudfront.net/70/MODEL/4447_renegade-rt-500x500.jpg","91.75","235","85","16","Q","120/116","","false","NA","NA","NA","NA","C1","28.0","RADAR","BUDGET","RENEGADE R/T+"
"2255017ZBR22473","3286342247311","22473","225/50R17 BRIDGESTONE POTENZA SPORT 98Y XL (CAR SUMMER)","https://dcjqgkl774ppl.cloudfront.net/tyrecat/bridgestone/potenzasport_potenza_sport.png","90.27","225","50","17","Y","98","XL","false","C","A","72","2","C1","16.0","BRIDGESTONE","PREMIUM","POTENZA SPORT"
"2855020SRARASYCN0853","8886459539375","RASYCN0853","285/50R20 RADAR RENEGADE A/T SPORT 119/116S (4X4 / SUV SUMMER)","https://dcjqgkl774ppl.cloudfront.net/70/product/pr_239754_renegadeat5sport.jfif","102.97","285","50","20","S","119/116","","false","NA","NA","NA","NA","C2","1.0","RADAR","BUDGET","RENEGADE A/T SPORT"
"2554019ZGO524622","5452000373168","524622","255/40R19 GOODYEAR EAGLE F1 (ASYMMETRIC) 100Y XL AO (CAR SUMMER)","http://www.etyre.net/preview/t3/gy-eagf1asxl.jpg","95.83","255","40","19","Y","100","XL","false","D","C","70","1","C1","30.0","GOODYEAR","PREMIUM","EAGLE F1 (ASYMMETRIC)"
"2657016QRARND0144","8886459538835","RND0144","265/70R16 RADAR RENEGADE R/T+ 121/118Q (4X4 / SUV SUMMER)","https://dcjqgkl774ppl.cloudfront.net/70/MODEL/4447_renegade-rt-500x500.jpg","88.69","265","70","16","Q","121/118","","false","NA","NA","NA","NA","C1","30.0","RADAR","BUDGET","RENEGADE R/T+"
"2656018SRARASYCN0848","8886459539320","RASYCN0848","265/60R18 RADAR RENEGADE A/T SPORT 119/116S (4X4 / SUV SUMMER)","https://dcjqgkl774ppl.cloudfront.net/70/model/m_7888_renegadeat5sport.jfif","86.65","265","60","18","S","119/116�","","false","NA","NA","NA","NA","C2","27.0","RADAR","BUDGET","RENEGADE A/T SPORT"
"2657017QRARND0092","8886459536619","RND0092","265/70R17 RADAR RENEGADE R/T+ 121/118Q (4X4 / SUV SUMMER)","https://dcjqgkl774ppl.cloudfront.net/70/MODEL/4447_renegade-rt-500x500.jpg","92.77","265","70","17","Q","121/118","","false","NA","NA","NA","NA","C1","2.0","RADAR","BUDGET","RENEGADE R/T+"
"2156516HMI739896","3528707398963","739896","215/65R16 MICHELIN LATITUDE CROSS 102H XL (4X4 / SUV SUMMER)","http://www.etyre.net/preview/t3/mi-laticross.jpg","93.43","215","65","16","H","102","XL","false","C","C","71","2","C1","2.0","MICHELIN","PREMIUM","LATITUDE CROSS"
"2857017QRARND0104","8886459536732","RND0104","285/70R17 RADAR RENEGADE R/T+ 121/118Q (4X4 / SUV SUMMER)","https://dcjqgkl774ppl.cloudfront.net/70/MODEL/4447_renegade-rt-500x500.jpg","112.15","285","70","17","Q","121/118","","false","NA","NA","NA","NA","C1","17.0","RADAR","BUDGET","RENEGADE R/T+"
"2057015SRARASYCN0841","8886459539252","RASYCN0841","205/70R15 RADAR RENEGADE A/T SPORT 107/103S (4X4 / SUV ALL SEASON)","https://dcjqgkl774ppl.cloudfront.net/70/model/m_7888_renegadeat5sport.jfif","51.13","205","70","15","S","107/103","","false","NA","NA","NA","NA","C2","8.0","RADAR","BUDGET","RENEGADE A/T SPORT"
"1656513HRARSC0036","8886459500429","RSC0036","165/65R13 RADAR RPX 800 77H (CAR SUMMER)","https://dcjqgkl774ppl.cloudfront.net/tyrecat/rpx-800.jpg","24.99","165","65","13","H","77","","false","D","C","70","2","C1","30.0","RADAR","BUDGET","RPX-800"
"1955015VVRAP19550015VULPA00","8714692994975","AP19550015VULPA00","195/50R15 VREDESTEIN ULTRAC+ 82V (CAR SUMMER)","","37.02","195","50","15","V","82","","false","C","A","69","2","C1","4.0","VREDESTEIN","MID RANGE 2","ULTRAC+"
"2656517QRARND0091","8886459536602","RND0091","265/65R17 RADAR RENEGADE R/T+ 120/117Q (4X4 / SUV SUMMER)","https://dcjqgkl774ppl.cloudfront.net/70/MODEL/4447_renegade-rt-500x500.jpg","92.77","265","65","17","Q","120/117","","false","NA","NA","NA","NA","C1","19.0","RADAR","BUDGET","RENEGADE R/T+"
"2853019ZACPHI2","8997020616590","1200041259","285/30R19 ACCELERA PHI2 98Y XL (CAR SUMMER)","http://images.tyresoft.biz/70/MODEL/phi2.jpg","58.09","285","30","19","Y","98","XL","false","D","C","72","2","C1","3.0","ACCELERA","BUDGET","PHI2"
"1955516VVRAP19555016VULPA00","8714692995002","","195/55R16 VREDESTEIN ULTRAC+ 87V (CAR SUMMER)","","58.1","195","55","16","V","87","","false","C","A","69","2","C1","8.0","VREDESTEIN","MID RANGE 2","ULTRAC+"
"2654021ZACST68","8997020615661","1200039936","265/40R21 ACCELERA IOTA ST-68 105Y XL (4X4 / SUV SUMMER)","https://dcjqgkl774ppl.cloudfront.net/70/MODEL/iotast-68.jpg","77.47","265","40","21","Y","105","XL","false","C","C","68","1","C1","21.0","ACCELERA","BUDGET","IOTA ST-68"
"1855016VACPHIR","8997020615722","1200039523","185/50R16 ACCELERA PHI-R 81V (CAR SUMMER)","https://dcjqgkl774ppl.cloudfront.net/70/MODEL/accelera-phi-r.jpg","29.07","185","50","16","V","81","","false","D","C","70","2","C1","1.0","ACCELERA","BUDGET","PHI-R"
"2656018QRARND0088","8886459536572","RND0088","265/60R18 RADAR RENEGADE R/T+ 119/116Q (4X4 / SUV SUMMER)","https://dcjqgkl774ppl.cloudfront.net/70/MODEL/4447_renegade-rt-500x500.jpg","97.87","265","60","18","Q","119/116","","false","NA","NA","NA","NA","C1","9.0","RADAR","BUDGET","RENEGADE R/T+"
"2553520ZSURSONE","6970355437636","","255/35R20 SUNWIDE RS-ONE 97Y XL (CAR SUMER)","","45.85","255","35","20","Y","97","XL","false","C","B","73","2","C1","16.0","SUNWIDE","BUDGET WHOLESALE","RS-ONE"
"2855020QRARND0086","8886459536558","RND0086","285/50R20 RADAR RENEGADE R/T+ 119/116Q (4X4 / SUV SUMMER)","https://dcjqgkl774ppl.cloudfront.net/70/MODEL/4447_renegade-rt-500x500.jpg","135.61","285","50","20","Q","119/116","","false","NA","NA","NA","NA","C1","29.0","RADAR","BUDGET","RENEGADE R/T+"
"2856018SRARASYCN0850","8886459539344","RASYCN0850","285/60R18 RADAR RENEGADE A/T SPORT 118/115S (4X4 / SUV SUMMER)","https://dcjqgkl774ppl.cloudfront.net/70/model/m_7888_renegadeat5sport.jfif","99.96","285","60","18","S","118/115","","false","NA","NA","NA","NA","C2","14.0","RADAR","BUDGET","RENEGADE A/T SPORT"
"2155516ZACPHIR","8997020614558","1200035739","215/55R16 ACCELERA PHI R 97W XL (CAR SUMMER)","https://dcjqgkl774ppl.cloudfront.net/70/images/acc phir.jpg","34.17","215","55","16","W","97","XL","false","C","C","72","2","C1","30.0","ACCELERA","BUDGET","PHI R"
"2157015ZRARACHCN0016","8886459598198","RACHCN0016","215/70R15 RADAR DIMAX CLASSIC 98W (CAR SUMMER)","https://dcjqgkl774ppl.cloudfront.net/70/model/m_3838_dimaxclassicbsw(45).jpg","60.13","215","70","15","W","98","","false","NA","NA","NA","NA","C1","2.0","RADAR","BUDGET","DIMAX CLASSIC"
"2655019ZMI159270","3528701592701","159270","265/50R19 MICHELIN LATITUDE SPORT 3 110Y XL N0 (4X4 / SUV SUMMER)","https://dcjqgkl774ppl.cloudfront.net/70/images/mi-latisport.jpg","133.57","265","50","19","Y","110","XL","false","B","A","71","2","C1","2.0","MICHELIN","PREMIUM","LATITUDE SPORT 3"
"2554520ZYOR8834","4548515300346","R8834","255/45R20 YOKOHAMA V108 EV SILENT FOAM 105Y XL (CAR SUMMER)","https://dcjqgkl774ppl.cloudfront.net/70/model/m_8038_advan_sport_ev_v108_angled.jpg","120.31","255","45","20","Y","105","XL","false","B","A","67","1","C1","2.0","YOKOHAMA","MID RANGE 2","V108"
"2754020ZACST68","8997020616811","1200044260","275/40R20 ACCELERA IOTA ST-68 106Y XL (4X4 / SUV SUMMER)","https://dcjqgkl774ppl.cloudfront.net/70/MODEL/iotast-68.jpg","58.09","275","40","20","Y","106","XL","false","C","C","68","1","C1","8.0","ACCELERA","BUDGET","IOTA ST-68"
"1857014VRARACHCN0003","8886459598068","RACHCN0003","185/70R14 RADAR DIMAX CLASSIC 88V (CAR SUMMER)","https://dcjqgkl774ppl.cloudfront.net/70/model/m_3838_dimaxclassicbsw(45).jpg","49.93","185","70","14","V","88","","false","NA","NA","NA","NA","C1","16.0","RADAR","BUDGET","DIMAX CLASSIC"
"2953521ZMI433460","3528704334605","433460","295/35R21 MICHELIN LATITUDE SPORT 3 107Y XL N1 (4X4 / SUV SUMMER)","https://dcjqgkl774ppl.cloudfront.net/70/images/mi-latisport.jpg","197.08","295","35","21","Y","107","XL","false","C","A","72","1","C1","4.0","MICHELIN","PREMIUM","LATITUDE SPORT 3"
"2056516HHA2002001","8808563331560","2002001","205/65R16 HANKOOK VANTRA LT RA18 103/101H OE (VAN SUMMER)","https://dcjqgkl774ppl.cloudfront.net/70/images/ha-ra18.jpg","78.82","205","65","16","H","103/101","","false","B","A","73","2","C2","10.0","HANKOOK","MID RANGE 2","VANTRA LT RA18"
"2353519ZRADSC0685","8886459532703","DSC0685","235/35R19 RADAR DIMAX 4 SEASON 91W XL (CAR ALL SEASON)","http://images.tyresoft.biz/70/MODEL/dimax4season.png","51.97","235","35","19","W","91","XL","false","D","C","72","2","C1","30.0","RADAR","BUDGET","DIMAX 4SEASON"
"2753519ZRARASYCN0781","8886459594503","RASYCN0781","275/35R19 RADAR DIMAX R8+ 100Y XL RUNFLAT (CAR/SUMMER)","http://omni-united.com/wp-content/uploads/2016/06/dimax-r8-plus.jpg","90.73","275","35","19","Y","100","XL","true","D","A","73","2","C1","1.0","RADAR","BUDGET","DIMAX R8+"
"2354519ZRARASYCN0774","8886459594435","RASYCN0774","235/45R19 RADAR DIMAX R8+ 99Y XL (4X4 / SUV SUMMER)","http://omni-united.com/wp-content/uploads/2016/06/dimax-r8-plus.jpg","51.97","235","45","19","Y","99","XL","false","C","A","72","2","C1","11.0","RADAR","BUDGET","DIMAX R8+"
"2254518ZRARASYCN0753","8886459594220","RASYCN0753","225/45R18 RADAR DIMAX R8+ 95Y XL RUNFLAT (CAR SUMMER)","http://omni-united.com/wp-content/uploads/2016/06/dimax-r8-plus.jpg","62.17","225","45","18","Y","95","XL","true","D","A","71","2","C1","27.0","RADAR","BUDGET","DIMAX R8+"
"2953521ZRARASYCN0426","8886459588533","RASYCN0426","295/35R21 RADAR DIMAX R8+ 107Y XL (4X4 / SUV SUMMER)","http://omni-united.com/wp-content/uploads/2016/06/dimax-r8-plus.jpg","81.55","295","35","21","Y","107","XL","false","C","A","75","2","C1","22.0","RADAR","BUDGET","DIMAX R8+"
"2754519ZACST68","8997020616743","8997020616743","275/45R19 ACCELERA IOTA ST-68 108W XL (4X4 / SUV SUMMER)","https://dcjqgkl774ppl.cloudfront.net/70/MODEL/iotast-68.jpg","58.09","275","45","19","W","108","XL","false","C","C","74","3","C1","19.0","ACCELERA","BUDGET","IOTA ST-68"
"2354518ZRARASYCN0755","8886459594244","RASYCN0755","235/45R18 RADAR DIMAX R8+ 98Y XL (CAR SUMMER)","http://omni-united.com/wp-content/uploads/2016/06/dimax-r8-plus.jpg","47.89","235","45","18","Y","98","XL","false","C","A","72","2","C1","30.0","RADAR","BUDGET","DIMAX R8+"
"2254018ZATAF136","5420068652594","AF136","225/40R18 ATLAS GREEN 4S 92W XL (CAR ALL SEASON)","https://dcjqgkl774ppl.cloudfront.net/tyrecat/green-4s.png","46.87","225","40","18","W","92","XL","false","D","C","70","2","","8.0","ATLAS","BUDGET","GREEN 4S"
"125801515SRARACHCN0009","8886459598129","RACHCN0009","125/80R15 RADAR DIMAX CLASSIC 68S (CAR SUMMER)","https://dcjqgkl774ppl.cloudfront.net/70/model/m_3838_dimaxclassicbsw(45).jpg","37.69","125","80","15","S","68","","false","NA","NA","NA","NA","C1","4.0","RADAR","BUDGET","DIMAX CLASSIC"
"2454517ZBR10914","3286341091410","10914","245/45R17 BRIDGESTONE TURANZA T005 95W (CAR SUMMER)","https://dcjqgkl774ppl.cloudfront.net/tyrecat/t005.png","96.85","245","45","17","W","95","","false","B","A","71","2","C1","1.0","BRIDGESTONE","PREMIUM","TURANZA T005"
"56913","8808563538389","1028651","225/45R18 HANKOOK VENTUS S1 EVO3 EV K127E 95H XL BMW (CAR SUMMER)","https://dcjqgkl774ppl.cloudfront.net/tyrecat/hankook/ventuss1evo3evk127e_ventuss1evo3.png","100.39","225","45","18","H","95","XL","false","A","B","69","1","C1","4.0","HANKOOK","MID RANGE 2","VENTUS S1 EVO3 EV K127E"
"2255018ZMI20082MI","6975991413419","20082MI","225/50R18 MINNELL SAFY M06 99W XL RUNFLAT (CAR SUMMER)","https://dcjqgkl774ppl.cloudfront.net/70/model/m_6384_minnellmo6.jpg","70.33","225","50","18","W","99","XL","true","C","C","72","2","C1","3.0","MINNELL","BUDGET WHOLESALE","SAFY M06"
"2756020QRARANCCN0287","8886459588335","RANCCN0287","275/60R20 RADAR RENEGADE R/T+ 119/116Q (4X4 / SUV SUMMER)","https://dcjqgkl774ppl.cloudfront.net/70/MODEL/4447_renegade-rt-500x500.jpg","123.37","275","60","20","Q","119/116","","false","NA","NA","NA","NA","C2","24.0","RADAR","BUDGET","RENEGADE R/T+"
"2055516VMI1310A1MI","6975991410609","1310A1MI","205/55R16 MINNELL P07 91V (CAR SUMMER)","https://dcjqgkl774ppl.cloudfront.net/70/model/m_8111_p07.jpg","23.97","205","55","16","V","91","","false","C","C","71","2","C1","30.0","MINNELL","BUDGET WHOLESALE","RADIAL P07"
"2753021ZAC1200052539","8994234021967","1200052539","275/30R21 ACCELERA PHI-2 98Y XL (CAR SUMMER)","https://dcjqgkl774ppl.cloudfront.net/70/MODEL/accelera_phi_2.jpg","68.29","275","30","21","Y","98","XL","false","C","C","72","2","C1","1.0","ACCELERA","BUDGET","PHI 2"
"2454018ZRADSC0686","8886459532710","DSC0686","245/40R18 RADAR DIMAX 4 SEASON 97W XL (CAR ALL SEASON)","http://images.tyresoft.biz/70/MODEL/dimax4season.png","51.97","245","40","18","W","97","XL","false","D","C","72","2","","9.0","RADAR","BUDGET","DIMAX 4SEASON"
"31105015QRARANCCN0354","8886459598808","RANCCN0354","31/10.50R15 RADAR RENEGADE R/T+ 109Q (4X4 / SUV SUMMER)","https://dcjqgkl774ppl.cloudfront.net/70/MODEL/4447_renegade-rt-500x500.jpg","89.71","31","10","15","Q","109","","false","NA","NA","NA","NA","C2","12.0","RADAR","BUDGET","RENEGADE R/T+"
"2657017HRARZD0070","8886459516697","RZD0070","265/70R17 RADAR RENEGADE A/T AT-5 115H (4X4 / SUV SUMMER)","https://dcjqgkl774ppl.cloudfront.net/tyrecat/renegade-at5.jpg","82.57","265","70","17","H","115","","false","D","D","72","2","C1","6.0","RADAR","BUDGET","RENEGADE A/T AT-5"
"2355020ZPI3642200","8019227364224","3642200","235/50R20 PIRELLI SCORPION ZERO ALL SE 104W XL (J)(LR)NCS (4X4 / SUV SUMMER)","https://dcjqgkl774ppl.cloudfront.net/tyrecat/scorpion_zero_all_season.png","137.65","235","50","20","W","104","XL","false","A","B","70","2","C1","30.0","PIRELLI","PREMIUM","SCORPION ZERO ALL SE"
"2354019ZRARASYCN0773","8886459594428","RASYCN0773","235/40R19 RADAR DIMAX R8+ 96Y XL (CAR SUMMER)","http://omni-united.com/wp-content/uploads/2016/06/dimax-r8-plus.jpg","51.97","235","40","19","Y","96","XL","false","C","A","72","2","C1","30.0","RADAR","BUDGET","DIMAX R8+"
"2853523ZAC1200053351","8994234022025","1200053351","285/35R23 ACCELERA IOTA ST-68 107Y XL  (4X4 / SUV SUMMER)","https://dcjqgkl774ppl.cloudfront.net/tyrecat/iota-st68-.jpg","100.93","285","35","23","Y","107","XL","false","C","C","68","1","C1","6.0","ACCELERA","BUDGET","IOTA ST68"
"2056016HNAJC446","4717622041972","JC446","205/60R16 NANKANG ECO-2+ 96H XL (CAR SUMMER)","http://ordering.vandenban.nl/profielen/nankang_eco-2 xl.jpg","44.92","205","60","16","H","96","XL","false","D","B","72","2","C1","2.0","NANKANG","BUDGET","ECO-2+"
"2657016HGE449005","4032344004815","449005","265/70R16 GENERAL GRABBER AT3 112H (4X4 / SUV ALL SEASON)","http://images.tyresoft.co.uk/70/MODEL/generalgrabberat3.png","131.86","265","70","16","H","112","","false","C","D","73","2","","2.0","GENERAL","MID RANGE 3","GRABBER AT3"
"2753519ZZE03.105.01-1","6921109031655","03.105.01","275/35R19 ZETA ALVENTI 100Y XL (CAR SUMMER)","https://dcjqgkl774ppl.cloudfront.net/70/images/ze-alveti.jpg","67.27","275","35","19","Y","100","XL","false","C","C","73","2","C1","12.0","ZETA","House Brand","ALVENTI"
"2353519ZZE03.028.02-1","6921109031617","03.028.02","235/35R19 ZETA ALVENTI 93Y XL (CAR SUMMER)","https://dcjqgkl774ppl.cloudfront.net/70/images/ze-alveti.jpg","48.91","235","35","19","Y","93","XL","false","B","B","72","2","C1","30.0","ZETA","House Brand","ALVENTI"
"2354018ZZE03.027.02","6921109031532","03.027.02","235/40R18 ZETA ALVENTI 97Y XL (CAR SUMMER)","https://dcjqgkl774ppl.cloudfront.net/70/images/ze-alveti.jpg","47.89","235","40","18","Y","97","XL","false","B","B","72","2","C1","30.0","ZETA","House Brand","ALVENTI"
"2753020ZGO574569","5452000833464","574569","275/30R20 GOODYEAR EAGLE F1 (ASYMMETRIC) 3 97Y XL RUNFLAT * RSC MOE (CAR SUMMER)","https://www.etyre.net/preview/t3/gy-eagf1as3.jpg","216.4","275","30","20","Y","97","XL","true","C","B","72","2","C1","4.0","GOODYEAR","PREMIUM","EAGLE F1 (ASYMMETRIC) 3"
"2055516VDE6924590246720","6924590246720","6924590246720","205/55R16 DELMAX ULTIMEPRO UP1 91V (CAR SUMMER)","","23.97","205","55","16","V","91","","false","C","C","72","2","C1","30.0","DELMAX","BUDGET WHOLESALE","ULTIMEPRO UP1"
"2853022ZPI2857200","8019227285727","2857200","285/30R22 PIRELLI P-ZERO 101Y XL (AO)NCS (CAR SUMMER)","https://dcjqgkl774ppl.cloudfront.net/tyrecat/pzero.png","234.49","285","30","22","Y","101","XL","false","D","B","70","1","C1","3.0","PIRELLI","PREMIUM","P-ZERO"
"2154517ZDE6924590246775","6924590246775","6924590246775","215/45R17 DELMAX ULTIMEPRO UP1 91W XL (CAR SUMMER)","","30.09","215","45","17","W","91","XL","false","C","C","72","2","C1","1.0","DELMAX","BUDGET WHOLESALE","ULTIMEPRO UP1"
"2554519ZYOR8848","4548515300483","R8848","255/45R19 YOKOHAMA V108 EV SILENT FOAM 104Y XL (CAR SUMMER)","https://dcjqgkl774ppl.cloudfront.net/70/model/m_8044_advan_sport_ev_v108_angled.jpg","131.06","255","45","19","Y","104","XL","false","B","A","71","2","C1","4.0","YOKOHAMA","MID RANGE 2","V108"
"2554020ZYOR8853","4548515300537","R8853","255/40R20 YOKOHAMA V108 EV SILENT FOAM 101W XL (CAR SUMMER)","https://dcjqgkl774ppl.cloudfront.net/70/model/m_8038_advan_sport_ev_v108_angled.jpg","123.37","255","40","20","W","101","XL","false","B","A","71","2","C1","4.0","YOKOHAMA","MID RANGE 2","V108"
"35125020QRARACSTH0046","8886459597511","RACSTH0046","35/12.50R20 RADAR RENEGADE-X 121Q (4X4 / SUV SUMMER)","https://dcjqgkl774ppl.cloudfront.net/70/model/m_7885_renegade-x.png","161.11","35","1250","20","Q","121","","false","NA","NA","NA","NA","C2","2.0","RADAR","BUDGET","RENEGADE-X"
"2157015SHA2020357","8808563386898","2020357","215/70R15 HANKOOK VANTRA LT RA18 109/107S REP (VAN SUMMER)","https://dcjqgkl774ppl.cloudfront.net/70/images/ha-ra18.jpg","70.33","215","70","15","S","109/107","","false","D","C","70","2","C2","30.0","HANKOOK","MID RANGE 2","VANTRA LT RA18"
"1656015HNAJC471","4717622042221","JC471","165/60R15 NANKANG ECO-2+ 77H (CAR SUMMER)","http://ordering.vandenban.nl/profielen/nankang_eco-2 xl.jpg","31.6","165","60","15","H","77","","false","D","B","70","2","C1","2.0","NANKANG","BUDGET","ECO-2+"
"2554019ZTO4465255401981006","4981910554219","3865000","255/40R19 TOYO PROXES SPORT 2 100Y XL (CAR SUMMER)","https://dcjqgkl774ppl.cloudfront.net/tyrecat/toyo/proxessport2_proxes-sport-2.png","80.53","255","40","19","Y","100","XL","false","C","A","71","2","C1","11.0","TOYO","MID RANGE PREMIUM","PROXES SPORT 2"
"2454017ZACPHIR","8997020614633","8997020614633","245/40R17 ACCELERA PHI R 95W XL (CAR SUMMER)","https://dcjqgkl774ppl.cloudfront.net/70/images/acc phir.jpg","40.75","245","40","17","W","95","XL","false","D","C","72","2","C1","30.0","ACCELERA","BUDGET","PHI R"
"2354018ZHA1024039","8808563450513","1024039","235/40R18 HANKOOK VENTUS PRIME3 K125 91W OE (CAR SUMMER)","https://dcjqgkl774ppl.cloudfront.net/tyrecat/k125.png","72.11","235","40","18","W","91","","false","C","B","71","2","C1","3.0","HANKOOK","MID RANGE 2","VENTUS PRIME3 K125"
"1855515VNAJC480","4717622042313","JC480","185/55R15 NANKANG ECO-2+ 86V XL (CAR SUMMER)","http://ordering.vandenban.nl/profielen/nankang_eco-2 xl.jpg","35.75","185","55","15","V","86","XL","false","D","B","71","2","C1","1.0","NANKANG","BUDGET","ECO-2+"
"2754521ZPI3432500","8019227343250","3432500","275/45R21 PIRELLI SCORPION ZERO ALL SE 110Y XL (LR)NCS (4X4 / SUV SUMMER)","https://dcjqgkl774ppl.cloudfront.net/tyrecat/scorpion_zero_all_season.png","174.84","275","45","21","Y","110","XL","false","A","B","69","1","C1","5.0","PIRELLI","PREMIUM","SCORPION ZERO ALL SE"
"2555520ZPI3432600","8019227343267","3432600","255/55R20 PIRELLI SCORPION ZERO ALL SE 110Y XL (LR) (4X4 / SUV SUMMER)","https://dcjqgkl774ppl.cloudfront.net/tyrecat/scorpion_zero_all_season.png","154.9","255","55","20","Y","110","XL","false","A","B","69","1","C1","4.0","PIRELLI","PREMIUM","SCORPION ZERO ALL SE"
"2055017ZAC8997020612790","8997020612790","1200023142","205/50R17 ACCELERA PHI 93W XL (CAR SUMMER)","https://dcjqgkl774ppl.cloudfront.net/70/MODEL/accphi.jpg","34.17","205","50","17","W","93","XL","false","D","C","72","2","C1","30.0","ACCELERA","BUDGET","PHI"
"2555020ZPI3432200","8019227343229","3432200","255/50R20 PIRELLI SCORPION ZERO ALL SE 109W XL (LR)NCS (4X4 / SUV SUMMER)","https://dcjqgkl774ppl.cloudfront.net/tyrecat/scorpion_zero_all_season.png","163.15","255","50","20","W","109","XL","false","A","B","69","1","C1","16.0","PIRELLI","PREMIUM","SCORPION ZERO ALL SE"
"2754520ZYOR8838","4548515300384","R8838","275/45R20 YOKOHAMA V108 EV SILENT FOAM 110Y XL (CAR SUMMER)","https://dcjqgkl774ppl.cloudfront.net/70/model/m_8038_advan_sport_ev_v108_angled.jpg","119.29","275","45","20","Y","110","XL","false","B","A","71","2","C1","2.0","YOKOHAMA","MID RANGE 2","V108"
"2157015SMI384206","3528703842064","384206","215/70R15 MICHELIN AGILIS+ 109/107S (VAN SUMMER)","http://www.etyre.net/preview/t3/mi-agilis+.jpg","90.47","215","70","15","S","109/107","","false","C","B","70","2","C2","6.0","MICHELIN","PREMIUM","AGILIS+"
"2356017HACIOTAST68","8997020616088","1200039940","235/60R17 ACCELERA IOTA ST-68 102H (4X4 / SUV SUMMER)","https://dcjqgkl774ppl.cloudfront.net/70/MODEL/iotast-68.jpg","47.89","235","60","17","H","102","","false","C","C","68","1","C1","8.0","ACCELERA","BUDGET","IOTA ST-68"
"2254019ZPI2750900","8019227275094","2750900","225/40R19 PIRELLI P-ZERO 93Y XL RUNFLAT (*)(KS) PZ4(CAR SUMMER)","https://dcjqgkl774ppl.cloudfront.net/tyrecat/pzero.png","128.09","225","40","19","Y","93","XL","true","B","B","68","1","C1","15.0","PIRELLI","PREMIUM","P-ZERO"
"2553519ZPI2750800","8019227275087","2750800","255/35R19 PIRELLI P-ZERO 96Y XL RUNFLAT (*) (CAR SUMMER)","https://dcjqgkl774ppl.cloudfront.net/tyrecat/pzero.png","125.76","255","35","19","Y","96","XL","true","B","B","68","1","C1","22.0","PIRELLI","PREMIUM","P-ZERO"
"2055516VNAJC456","4717622042078","JC456","205/55R16 NANKANG ECO-2+ 91V (CAR SUMMER)","http://ordering.vandenban.nl/profielen/nankang_eco-2 xl.jpg","36.88","205","55","16","V","91","","false","D","B","71","2","C1","2.0","NANKANG","BUDGET","ECO-2+"
"1756515HMI195506","3528701955063","195506","175/65R15 MICHELIN PRIMACY 4 84H (CAR SUMMER)","https://dcjqgkl774ppl.cloudfront.net/tyrecat/primacy_4.png","69.14","175","65","15","H","84","","false","C","A","068","2","C1","4.0","MICHELIN","PREMIUM","PRIMACY 4"
"2154517HVRAP2154517HQPRAB2","8714692808302","AP21545017HQPRAB2","215/45R17 VREDESTEIN QUATRAC PRO 91H XL * (CAR ALL SEASON)","https://dcjqgkl774ppl.cloudfront.net/tyrecat/quatrac-pro.png","63.51","215","45","17","H","91","XL","false","B","B","72","2","C1","8.0","VREDESTEIN","MID RANGE 2","QUATRAC PRO"
"2454518ZRADSC0485","8886459523169","DSC0485","245/45R18 RADAR DIMAX R8 100Y XL RUNFLAT (CAR SUMMER)","https://dcjqgkl774ppl.cloudfront.net/70/MODEL/dimaxr8_(45).jpg","72.37","245","45","18","Y","100","XL","true","D","B","71","2","C1","3.0","RADAR","BUDGET","DIMAX R8"
"2255518ZBR4800001","3286348000019","4800001","225/55R18 BRIDGESTONE TURANZA 6 102Y XL MO * (CAR SUMMER)","https://dcjqgkl774ppl.cloudfront.net/tyrecat/bridgestone/turanza6_turanza_6.png","101.14","225","55","18","Y","102","XL","false","A","B","069","1","C1","2.0","BRIDGESTONE","PREMIUM","TURANZA 6"
"8808563550251","8808563550251","1029632","205/65R16 HANKOOK VENTUS PRIME4 K135 99H XL FORD (CAR SUMMER)","https://dcjqgkl774ppl.cloudfront.net/tyrecat/hankook/ventusprime4(2places)k135_k135.png","72.77","205","65","16","H","99","XL","false","A","B","70","2","C1","3.0","HANKOOK","MID RANGE 2","VENTUS PRIME4 K135"
"8808563564708","8808563564708","1030843","215/45R17 HANKOOK VENTUS PRIME4 K135 91Y XL OE * (CAR SUMMER)","https://dcjqgkl774ppl.cloudfront.net/tyrecat/hankook/ventusprime4(2places)k135_k135.png","62.72","215","45","17","Y","91","XL","false","A","A","68","1","C1","12.0","HANKOOK","MID RANGE 2","VENTUS PRIME4 K135"
"2555520ZRADSC0040","8886459506889","DSC0040","255/55R20 RADAR DIMAX R8+ 110Y XL (4X4 / SUV SUMMER)","http://omni-united.com/wp-content/uploads/2016/06/dimax-r8-plus.jpg","73.39","255","55","20","Y","110","XL","false","B","B","73","2","C1","16.0","RADAR","BUDGET","DIMAX R8+"
"2353520ZVRAP23535020YUPRA02","8714692804694","","235/35R20 VREDESTEIN ULTRAC PRO 92Y XL (CAR SUMMER)","https://dcjqgkl774ppl.cloudfront.net/70/model/m_8060_vredesteinultracpro.png","98.65","235","35","20","Y","92","XL","false","D","A","72","2","C1","2.0","VREDESTEIN","MID RANGE 2","ULTRAC PRO"
"4017ZVRAP2054017WQPPA0E","8714692998812","AP20540017WQPPA0E","205/40R17 VREDESTEIN QUATRAC PRO+ 84W XL (CAR ALL SEASON)","https://dcjqgkl774ppl.cloudfront.net/tyrecat/vredestein/quatracpro_plus_quatrac-pro-plus.png","65.26","205","40","17","W","84","XL","false","D","B","72","2","C1","5.0","VREDESTEIN","MID RANGE 2","QUATRAC PRO+"
"2055516ZMI213777","3528702137772","213777","205/55R16 MICHELIN PILOT SPORT 4 91W (CAR SUMMER)","https://dcjqgkl774ppl.cloudfront.net/70/MODEL/michps4.png","71.24","205","55","16","W","91","","false","D","A","70","2","C1","4.0","MICHELIN","PREMIUM","PILOT SPORT 4"
"2654521ZMI579679","3528705796792","579679","265/45R21 MICHELIN LATITUDE TOUR HP 104W JLR (4X4 / SUV SUMMER)","http://www.etyre.net/preview/t3/mi-latitourhp.jpg","184.57","265","45","21","W","104","","false","C","C","71","1","C1","3.0","MICHELIN","PREMIUM","LATITUDE TOUR HP"
"1556514TCO0312306000","4019238065794","03123060000","155/65R14 CONTINENTAL ULTRACONTACT 75T (CAR SUMMER)","https://dcjqgkl774ppl.cloudfront.net/tyrecat/continental/ultracontact_ultracontact.png","53.26","155","65","14","T","75","","false","C","A","69","2","C1","5.0","CONTINENTAL","PREMIUM","ULTRACONTACT"
"2656018VVRAP26560018VQPPA02","8714692810770","","265/60R18 VREDESTEIN QUATRAC PRO+ 114V XL (4X4 / SUV ALL SEASON)","https://dcjqgkl774ppl.cloudfront.net/tyrecat/vredestein/quatracpro_plus_quatrac-pro-plus.png","89.57","265","60","18","V","114","XL","false","B","B","72","2","C1","4.0","VREDESTEIN","MID RANGE 2","QUATRAC PRO+"
"2454018ZYOR7560","4548515027427","R7560","245/40R18 YOKOHAMA ADVAN SPORT V107 97Y XL (CAR SUMMER)","https://dcjqgkl774ppl.cloudfront.net/tyrecat/pa02.jpg","74.41","245","40","18","Y","97","XL","false","D","A","72","2","C1","9.0","YOKOHAMA","MID RANGE 2","ADVAN SPORT V107"
"2453518ZVRAP24535018YQPPA02","8714692810596","AP24535018YQPPA02","245/35R18 VREDESTEIN QUATRAC PRO+ 92Y XL (CAR ALL SEASON)","https://dcjqgkl774ppl.cloudfront.net/tyrecat/vredestein/quatracpro_plus_quatrac-pro-plus.png","82.07","245","35","18","Y","92","XL","false","C","B","72","2","C1","2.0","VREDESTEIN","MID RANGE 2","QUATRAC PRO+"
"2254018ZMI624767","3528706247675","624767","225/40R18 MICHELIN PILOT SPORT PS2 92Y XL N3 (CAR SUMMER)","http://www.etyre.net/preview/t3/mi-sportps2n3.jpg","90.49","225","40","18","Y","92","XL","false","D","A","69","2","C1","1.0","MICHELIN","PREMIUM","PILOT SPORT PS2"
"2454518ZBR18313","3286341831313","18313","245/45R18 BRIDGESTONE TURANZA T005 100Y XL (CAR SUMMER)","http://images.tyresoft.biz/70/MODEL/turanzat005.jpg","102.13","245","45","18","Y","100","XL","false","A","A","72","2","C1","1.0","BRIDGESTONE","PREMIUM","TURANZA T005"
"2454020ZBR11163","3286341116311","11163","245/40R20 BRIDGESTONE POTENZA S001 99Y XL RUNFLAT * (CAR SUMMER)","https://www.etyre.net/preview/t3/br-s001rft.jpg","155.85","245","40","20","Y","99","XL","true","C","B","72","2","C1","3.0","BRIDGESTONE","PREMIUM","POTENZA S001"
"1855515HHA1024906","8808563461786","1024906","185/55R15 HANKOOK KINERGY ECO2 K435 82H (CAR SUMMER)","https://dcjqgkl774ppl.cloudfront.net/tyrecat/k435.png","46.87","185","55","15","H","82","","false","C","B","70","B","C1","5.0","HANKOOK","MID RANGE 2","KINERGY ECO2 K435"
"2757016HTR6958460911135","6958460911135","RF10R1608","275/70R16 TRACMAX X-PRIVILO H/T 114H (4X4 / SUV SUMMER)","https://dcjqgkl774ppl.cloudfront.net/tyrecat/x-priviloh-t.png","57.07","275","70","16","H","114","","false","C","C","72","2","C1","10.0","TRACMAX","BUDGET","X-PRIVILO H/T"
"2254517ZBR9854","3286340985413","9854","225/45R17 BRIDGESTONE TURANZA T005 94Y XL RUNFLAT * (CAR SUMMER)","http://images.tyresoft.biz/70/MODEL/turanzat005.jpg","72.49","225","45","17","Y","94","XL","true","B","B","70","2","C1","1.0","BRIDGESTONE","PREMIUM","TURANZA T005"
"2953521ZYOF3863","4968814785581","F3863","295/35R21 YOKOHAMA V103 107Y XL N1 (4X4 / SUV SUMMER)","https://dcjqgkl774ppl.cloudfront.net/70/images/yo-v103.jpg","123.08","295","35","21","Y","107","XL","false","D","B","74","2","","12.0","YOKOHAMA","MID RANGE 2","V103"
"1856012NNA1856012NANTR100100","4717622057119","EB188","185/60R12 NANKANG TR-10 104/101N (VAN SUMMER)","https://dcjqgkl774ppl.cloudfront.net/70/MODEL/na-tr10.jpg","35.14","185","60","12","N","104/101","","false","E","C","72","2","C2","4.0","NANKANG","BUDGET","TR-10"
"2756020QRARANCCN0003","8886459541613","RANCCN0003","275/60R20 RADAR RENEGADE R/T+ 119/116Q (4X4 / SUV SUMMER)","https://dcjqgkl774ppl.cloudfront.net/70/MODEL/4447_renegade-rt-500x500.jpg","123.37","275","60","20","Q","119/116","","false","NA","NA","NA","NA","C1","1.0","RADAR","BUDGET","RENEGADE R/T+"
"2656518QRARANCCN0004","8886459541620","RANCCN0004","265/65R18 RADAR RENEGADE R/T+ 117/114Q (4X4 / SUV SUMMER)","https://dcjqgkl774ppl.cloudfront.net/70/MODEL/4447_renegade-rt-500x500.jpg","108.07","265","65","18","Q","117/114","","false","NA","NA","NA","NA","C1","30.0","RADAR","BUDGET","RENEGADE R/T+"
"2155017ZMI658683","3528706586835","658683","215/50R17 MICHELIN PILOT SPORT 4 95Y XL (CAR SUMMER)","https://dcjqgkl774ppl.cloudfront.net/70/MODEL/michps4.png","104.72","215","50","17","Y","95","XL","false","C","A","71","2","C1","1.0","MICHELIN","PREMIUM","PILOT SPORT 4"
"14510NNA14510NANTR100100","4717622044652","EB208","145/80R10 NANKANG TR-10 84/82N (VAN SUMMER)","https://dcjqgkl774ppl.cloudfront.net/70/MODEL/na-tr10.jpg","31.6","145","80","10","N","84/82","","false","E","C","72","2","C2","4.0","NANKANG","BUDGET","TR-10"
"2555020HBR10427","3286341042719","10427","255/50R20 BRIDGESTONE ALENZA 001 109H XL AO (CAR SUMMER)","http://images.tyresoft.biz/70/MODEL/alenza001.jpg","123.37","255","50","20","H","109","XL","false","B","A","72","2","C1","15.0","BRIDGESTONE","PREMIUM","ALENZA 001"
"2157516RUN452212000","4024068000334","04522120000","215/75R16 UNIROYAL RAINMAX 3 113/111R (VAN SUMMER)","https://dcjqgkl774ppl.cloudfront.net/tyrecat/no_image.png","88.93","215","75","16","R","113/111","","false","C","B","72","2","C2","1.0","UNIROYAL","MID RANGE PREMIUM","RAINMAX 3"
"2856018QRARANCCN0169","8886459545680","RARANCCN0169","285/60R18 RADAR RENEGADE R/T+ 118/115Q (4X4 / SUV SUMMER)","https://dcjqgkl774ppl.cloudfront.net/70/MODEL/4447_renegade-rt-500x500.jpg","124.39","285","60","18","Q","118/115","","false","NA","NA","NA","NA","C1","14.0","RADAR","BUDGET","RENEGADE R/T+"
"2856518QRARANCCN0008","8886459541668","RANCCN0008","285/65R18 RADAR RENEGADE R/T+ 121/118Q (4X4 / SUV SUMMER)","https://dcjqgkl774ppl.cloudfront.net/70/MODEL/4447_renegade-rt-500x500.jpg","117.25","285","65","18","Q","121/118","","false","C","C","72","2","C1","30.0","RADAR","BUDGET","RENEGADE R/T+"
"2756518QRARANCCN0006","8886459541644","RANCCN0006","275/65R18 RADAR RENEGADE R/T+ 119/116Q (4X4 / SUV SUMMER)","https://dcjqgkl774ppl.cloudfront.net/70/MODEL/4447_renegade-rt-500x500.jpg","114.19","275","65","18","Q","119/116","","false","NA","NA","NA","NA","C1","8.0","RADAR","BUDGET","RENEGADE R/T+"
"2757018QRARANCCN0007","8886459541651","RANCCN0007","275/70R18 RADAR RENEGADE R/T+ 121/118Q (4X4 / SUV SUMMER)","https://dcjqgkl774ppl.cloudfront.net/70/MODEL/4447_renegade-rt-500x500.jpg","117.25","275","70","18","Q","121/118","","false","NA","NA","NA","NA","C1","13.0","RADAR","BUDGET","RENEGADE R/T+"
"1956016VRARSC0099","8886459511906","RSC0099","195/60R16 RADAR RPX-800 93V XL (CAR SUMMER)","https://dcjqgkl774ppl.cloudfront.net/70/MODEL/rpx800.png","39.27","195","60","16","V","93","XL","false","D","B","72","2","C1","5.0","RADAR","BUDGET","RPX-800"
"1855016VRARASYCN0015","8886459540395","RASYCN0015","185/50R16 RADAR RPX-800 85V XL (CAR SUMMER)","https://dcjqgkl774ppl.cloudfront.net/70/MODEL/rpx800.png","33.15","185","50","16","V","85","XL","false","C","C","70","2","C1","29.0","RADAR","BUDGET","RPX-800"
"2254018ZBR13780","3286341378016","13780","225/40R18 BRIDGESTONE POTENZA S001 92Y XL (CAR SUMMER)","https://www.etyre.net/preview/t3/br-s001rft.jpg","63.77","225","40","18","Y","92","XL","false","D","A","71","2","C1","4.0","BRIDGESTONE","PREMIUM","POTENZA S001"
"3153521ZZE03.232.01","6921109064820","03.232.01","315/35R21 ZETA IMPERO 111Y XL (4X4 / SUV SUMMER)","http://images.tyresoft.biz/70/MODEL/zeta-impero.jpg","92.77","315","35","21","Y","111","XL","false","B","B","75","2","","1.0","ZETA","House Brand","IMPERO"
"2356517ZRARASYCN0024","8886459540487","RASYCN0024","235/65R17 RADAR RPX-800+ 108W XL (4X4 / SUV SUMMER)","https://dcjqgkl774ppl.cloudfront.net/tyrecat/rpx800-plus.png","54.01","235","65","17","W","108","XL","false","C","C","72","2","C1","8.0","RADAR","BUDGET","RPX-800+"
"2055517ZRARASYCN0018","8886459540425","RASYCN0018","205/55R17 RADAR RPX-800 95Y XL (CAR SUMMER)","https://dcjqgkl774ppl.cloudfront.net/70/MODEL/rpx800.png","44.83","205","55","17","Y","95","XL","false","C","B","72","2","C1","30.0","RADAR","BUDGET","RPX-800"
"2156515VRARSC0117","8886459511920","RSC0117","215/65R15 RADAR RPX-800 100V XL (CAR SUMMER)","https://dcjqgkl774ppl.cloudfront.net/70/MODEL/rpx800.png","41.31","215","65","15","V","100","XL","false","D","B","72","2","C1","27.0","RADAR","BUDGET","RPX-800"
"2657016HRARSC0124","8886459511951","RSC0124","265/70R16 RADAR RPX-800+ 112H (4X4 / SUV SUMMER)","https://dcjqgkl774ppl.cloudfront.net/tyrecat/rpx800-plus.png","64.21","265","70","16","H","112","","false","C","B","73","2","C1","20.0","RADAR","BUDGET","RPX-800+"
"2154516ZRARASYCN0017","8886459540418","RASYCN0017","215/45R16 RADAR RPX-800 90W XL (CAR SUMMER)","https://dcjqgkl774ppl.cloudfront.net/70/MODEL/rpx800.png","38.71","215","45","16","W","90","XL","false","D","B","72","2","C1","30.0","RADAR","BUDGET","RPX-800"
"2055016ZRARSC0102","8886459511913","RSC0102","205/50R16 RADAR RPX-800 91W XL (CAR SUMMER)","https://dcjqgkl774ppl.cloudfront.net/70/MODEL/rpx800.png","34.63","205","50","16","W","91","XL","false","D","B","72","2","C1","30.0","RADAR","BUDGET","RPX-800"
"2553520XKU2310803","8808956325053","2310803","255/35R20 KUMHO PS72S 97Y XL (CAR SUMMER)","","87.06","255","35","20","Y","97","XL","false","C","A","72","2","C1","1.0","KUMHO","MID RANGE PREMIUM","P72S"
"1957516TRARGD0040","8886459509743","RGD0040","195/75R16 RADAR ARGONITE (RV-4) 110/108T (VAN SUMMER)","https://dcjqgkl774ppl.cloudfront.net/tyrecat/radar/argoniterv-4_argoniterv-4(45).jpg","41.77","195","75","16","T","110/108","","false","C","B","72","2","","23.0","RADAR","BUDGET","ARGONITE RV-4"
"1956516TRARGD0042","8886459509767","RGD0042","195/65R16 RADAR ARGONITE (RV-4) 104/102T (VAN SUMMER)","https://dcjqgkl774ppl.cloudfront.net/tyrecat/radar/argoniterv-4_argoniterv-4(45).jpg","41.77","195","65","16","T","104/102","","false","C","B","72","2","C2","2.0","RADAR","BUDGET","ARGONITE RV-4"
"2156017HGO598407","4038526429278","598407","215/60R17 GOODYEAR EFFICIENTGRIP 2 SUV 96H (4X4 / SUV SUMMER)","https://dcjqgkl774ppl.cloudfront.net/tyrecat/goodyear/efficientgrip2suv_efficientgrip-2-suv.png","72.37","215","60","17","H","96","","false","A","B","69","2","C1","30.0","GOODYEAR","PREMIUM","EFFICIENTGRIP 2 SUV"
"2354019ZSURSONE","6970355431207","","235/40R19 SUNWIDE RS-ONE 96W XL (CAR SUMMER)","","44.83","235","40","19","W","96","XL","false","C","B","69","2","C1","1.0","SUNWIDE","BUDGET WHOLESALE","RS-ONE"
"2256016TRARGD0068","8886459513108","RGD0068","225/60R16 RADAR ARGONITE (RV-4) 111/109T (VAN SUMMER)","https://dcjqgkl774ppl.cloudfront.net/tyrecat/radar/argoniterv-4_argoniterv-4(45).jpg","55.03","225","60","16","T","111/109","","false","C","A","72","2","C2","11.0","RADAR","BUDGET","ARGONITE RV-4"
"1856012RLIR701","6959956721924","","185/60R12 LINGLONG TRAILER R701 104/101N (VAN SUMMER)","","28.67","185","60","12","N","104/101","","false","D","D","71","2","C2","1.0","LINGLONG","BUDGET","R701"
"2256018ZRARASYCN0026","8886459540500","RASYCN0026","225/60R18 RADAR RPX-800+ 104W XL RUNFLAT (4X4 / SUV SUMMER)","https://dcjqgkl774ppl.cloudfront.net/tyrecat/rpx800-plus.png","81.55","225","60","18","W","104","XL","true","D","C","72","2","C1","22.0","RADAR","BUDGET","RPX-800+"
"2455018ZRARASYCN0002","8886459540265","RASYCN0002","245/50R18 RADAR DIMAX R8+ 104Y XL RUNFLAT (CAR SUMMER)","http://omni-united.com/wp-content/uploads/2016/06/dimax-r8-plus.jpg","81.55","245","50","18","Y","104","XL","true","D","B","72","2","C1","6.0","RADAR","BUDGET","DIMAX R8+"
"2754018ZRARASYCN0003","8886459540272","RASYCN0003","275/40R18 RADAR DIMAX R8+ 103Y XL RUNFLAT (CAR SUMMER)","http://omni-united.com/wp-content/uploads/2016/06/dimax-r8-plus.jpg","106.03","275","40","18","Y","103","XL","true","D","B","73","2","C1","1.0","RADAR","BUDGET","DIMAX R8+"
"2254517ZRADSC0742","8886459533588","DSC0742","225/45R17 RADAR DIMAX R8+ 94Y XL RUNFLAT (CAR SUMMER)","https://dcjqgkl774ppl.cloudfront.net/70/MODEL/rpx800.png","55.03","225","45","17","Y","94","XL","true","D","A","72","2","C1","11.0","RADAR","BUDGET","DIMAX R8+"
"2554020XKU2310813","8808956325060","2310813","255/40R20 KUMHO PS72S 101Y XL (CAR SUMMER)","","102.73","255","40","20","Y","101","XL","false","C","A","72","2","C1","1.0","KUMHO","MID RANGE PREMIUM","P72S"
"1955516ZRARASYCN0016","8886459540401","RASYCN0016","195/55R16 RADAR RPX-800 91W XL RUNFLAT (CAR SUMMER)","https://dcjqgkl774ppl.cloudfront.net/70/MODEL/rpx800.png","46.87","195","55","16","W","91","XL","true","D","B","72","2","C1","30.0","RADAR","BUDGET","RPX-800"
"2056016ZRARSC0090","8886459506995","RSC0090","205/60R16 RADAR RPX-800 96W XL RUNFLAT (CAR SUMMER)","https://dcjqgkl774ppl.cloudfront.net/70/MODEL/rpx800.png","68.29","205","60","16","W","96","XL","true","D","B","71","2","C1","9.0","RADAR","BUDGET","RPX-800"
"1857516STO4030700","4981910515227","4030700","185/75R16 TOYO NANOENERGY VAN 104/102S (VAN SUMMER)","https://dcjqgkl774ppl.cloudfront.net/tyrecat/no_image.png","46.87","185","75","16","S","104","","false","E","D","71","2","C2","30.0","TOYO","MID RANGE PREMIUM","NEVA"
"2753522ZRARASYCN0136","8886459543778","RASYCN0136","275/35R22 RADAR DIMAX R8+ 104Y XL (4X4 / SUV SUMMER)","http://omni-united.com/wp-content/uploads/2016/06/dimax-r8-plus.jpg","82.57","275","35","22","Y","104","XL","false","C","B","73","2","C1","30.0","RADAR","BUDGET","DIMAX R8+"
"1957516TTO4030800","4981910512066","4030800","195/75R16 TOYO NANOENERGY VAN 107/105T (VAN SUMMER)","https://dcjqgkl774ppl.cloudfront.net/tyrecat/no_image.png","64.81","195","75","16","S","107","","false","E","D","72","2","C2","5.0","TOYO","MID RANGE PREMIUM","NEVA"
"1957015STO4030000","4981910515203","4030000","195/70R15 TOYO NANOENERGY VAN 104/102S (VAN SUMMER)","https://dcjqgkl774ppl.cloudfront.net/tyrecat/no_image.png","41.77","195","70","15","S","104","","false","E","D","72","2","C2","30.0","TOYO","MID RANGE PREMIUM","NEVA"
"2753021ZRADSC0148","8886459511609","DSC0148","275/30R21 RADAR DIMAX R8+ 98Y XL (4X4 / SUV SUMMER)","http://omni-united.com/wp-content/uploads/2016/06/dimax-r8-plus.jpg","72.37","275","30","21","Y","98","XL","false","C","B","73","2","C1","24.0","RADAR","BUDGET","DIMAX R8+"
"1956516TTO4031400","4981910516552","4031400","195/65R16 TOYO NANOENERGY VAN 104/102T (VAN SUMMER)","https://dcjqgkl774ppl.cloudfront.net/tyrecat/neva.png","46.87","195","65","16","T","100","","false","E","D","72","2","C2","30.0","TOYO","MID RANGE PREMIUM","NANOENERGY VAN"
"2853020ZRADSC0177","8886459511869","DSC0177","285/30R20 RADAR DIMAX R8+ 99Y XL (CAR SUMMER)","http://omni-united.com/wp-content/uploads/2016/06/dimax-r8-plus.jpg","73.39","285","30","20","Y","99","XL","false","C","B","75","2","C1","7.0","RADAR","BUDGET","DIMAX R8+"
"2155018ZRARASYCN0020","8886459540449","RASYCN0020","215/50R18 RADAR RPX-800 92W (CAR SUMMER)","https://dcjqgkl774ppl.cloudfront.net/70/MODEL/rpx800.png","46.87","215","50","18","W","92","","false","C","B","71","2","C1","24.0","RADAR","BUDGET","RPX-800"
"2057015STO4030100","4981910516583","4030100","205/70R15 TOYO NANOENERGY VAN 106/104S (VAN SUMMER)","https://dcjqgkl774ppl.cloudfront.net/tyrecat/no_image.png","51.97","205","70","15","S","106/104","","false","E","D","72","2","C2","5.0","TOYO","MID RANGE PREMIUM","NEVA"
"2255518ZRARASYCN0022","8886459540463","RASYCN0022","225/55R18 RADAR RPX-800 102Y XL (4X4 / SUV SUMMER)","https://dcjqgkl774ppl.cloudfront.net/70/MODEL/rpx800.png","50.95","225","55","18","Y","102","XL","false","C","B","72","2","C1","30.0","RADAR","BUDGET","RPX-800"
"2056515TTO4030400","4981910516576","4030400","205/65R15 TOYO NANOENERGY VAN 102/100T (VAN SUMMER)","https://dcjqgkl774ppl.cloudfront.net/tyrecat/no_image.png","72.34","205","65","15","T","102/100","","false","E","D","74","3","C2","1.0","TOYO","MID RANGE PREMIUM","NEVA"
"2356517VTRXPRIV","6958460913160","RF10R1716","235/65R17 TRACMAX XPRIVILO H/T 108V XL (4X4 / SUV SUMMER)","https://dcjqgkl774ppl.cloudfront.net/70/MODEL/tracmaxx-priviloht.png","45.85","235","65","17","V","108","XL","false","C","C","71","2","C1","3.0","TRACMAX","BUDGET","X-PRIVILO H/T"
"2453518ZVRAP24535018YUPRA02","8714692804632","","245/35R18 VREDESTEIN ULTRAC PRO 92Y XL (CAR SUMMER)","https://dcjqgkl774ppl.cloudfront.net/70/model/m_8060_vredesteinultracpro.png","74.54","245","35","18","Y","92","XL","false","D","A","72","2","C1","4.0","VREDESTEIN","MID RANGE 2","ULTRAC PRO"
"2455018ZRADSC0075","8886459506902","DSC0075","245/50R18 RADAR DIMAX R8+ 104Y XL (CAR SUMMER)","http://omni-united.com/wp-content/uploads/2016/06/dimax-r8-plus.jpg","62.17","245","50","18","Y","104","XL","false","C","B","72","2","C1","28.0","RADAR","BUDGET","DIMAX R8+"
"2156016TTO4032100","4981910515739","4032100","215/60R16 TOYO NANOENERGY VAN 103/101T (VAN SUMMER)","https://dcjqgkl774ppl.cloudfront.net/tyrecat/no_image.png","68.74","215","60","16","T","103/101","","false","E","D","72","2","C2","1.0","TOYO","MID RANGE PREMIUM","NEVA"
"2553519ZKU2350083","8808956374372","2350083","255/35R19 KUMHO HA32 96Y XL (CAR ALL SEASON)","https://dcjqgkl774ppl.cloudfront.net/tyrecat/kumho/ha32_ha32.png","95.04","255","35","19","Y","96","XL","false","C","A","72","2","C1","10.0","KUMHO","MID RANGE PREMIUM","HA32"
"2257015STO4030300","4981910515210","4030300","225/70R15 TOYO NANOENERGY VAN 112/110S (VAN SUMMER)","https://dcjqgkl774ppl.cloudfront.net/tyrecat/no_image.png","67.48","225","70","15","S","112/110","","false","E","C","72","2","C2","21.0","TOYO","MID RANGE PREMIUM","NEVA"
"2254018ZNA2254018NANAS2+0100","4717622047264","JC758","225/40R18 NANKANG AS-2+ 92Y XL (CAR SUMMER)","https://dcjqgkl774ppl.cloudfront.net/tyrecat/as-2plus.png","49.88","225","40","18","Y","92","XL","false","D","A","71","2","C1","4.0","NANKANG","BUDGET","AS-2+"
"1955015VTO4053900","4981910516231","4053900","195/50R15 TOYO PXTR1 82V (CAR SUMMER)","https://dcjqgkl774ppl.cloudfront.net/tyrecat/pxtr1.png","35.5","195","50","15","V","82","","false","D","B","70","2","C1","30.0","TOYO","MID RANGE PREMIUM","PXTR1"
"2256516RTO4031700","4981910516613","4031700","225/65R16 TOYO NANOENERGY VAN 112/110T (VAN SUMMER)","https://dcjqgkl774ppl.cloudfront.net/tyrecat/no_image.png","77.79","225","65","16","T","112/110","","false","D","C","71","2","C2","5.0","TOYO","MID RANGE PREMIUM","NEVA"
"2454518ZVRAP24545018YUPRA02","8714692804342","AP24545018YUPRA02","245/45R18 VREDESTEIN ULTRAC PRO 100Y XL (CAR SUMMER)","https://dcjqgkl774ppl.cloudfront.net/70/model/m_8060_vredesteinultracpro.png","74.4","245","45","18","Y","100","XL","false","C","A","72","2","C1","3.0","VREDESTEIN","MID RANGE 2","ULTRAC PRO"
"2254517ZTO4054000","4981910515913","4054000","225/45R17 TOYO PXTR1 94Y XL (CAR SUMMER)","https://dcjqgkl774ppl.cloudfront.net/tyrecat/pxtr1.png","41.77","225","45","17","Y","94","XL","false","D","B","70","2","C1","1.0","TOYO","MID RANGE PREMIUM","PXTR1"
"2553518ZVRAP2553518YUPRA02","8714692804557","","255/35R18 VREDESTEIN ULTRAC PRO 94Y XL (CAR SUMMER)","https://dcjqgkl774ppl.cloudfront.net/70/model/m_8060_vredesteinultracpro.png","75.94","255","35","18","Y","94","XL","false","C","A","72","2","C1","2.0","VREDESTEIN","MID RANGE 2","ULTRAC PRO"
"2853521ZRADSC0043","8886459505578","DSC0043","285/35R21 RADAR DIMAX R8+ 105Y XL RUNFLAT (4X4 / SUV SUMMER)","http://omni-united.com/wp-content/uploads/2016/06/dimax-r8-plus.jpg","131.53","285","35","21","Y","105","","true","D","B","75","2","C1","7.0","RADAR","BUDGET","DIMAX R8+"
"2754020ZRARASYCN0005","8886459540296","RASYCN0005","275/40R20 RADAR DIMAX R8+ 106Y XL RUNFLAT (4X4 / SUV SUMMER)","http://omni-united.com/wp-content/uploads/2016/06/dimax-r8-plus.jpg","96.85","275","40","20","Y","106","XL","true","D","B","73","2","C1","30.0","RADAR","BUDGET","DIMAX R8+"
"2257016HTRXPRIVHT","6958460911036","RF10R1602","225/70R16 TRACMAX XPRIVILO H/T 107H XL (4X4 / SUV SUMMER)","https://dcjqgkl774ppl.cloudfront.net/70/MODEL/tracmaxx-priviloht.png","40.75","225","70","16","H","107","XL","false","C","C","71","2","C1","15.0","TRACMAX","BUDGET","X-PRIVILO H/T"
"2853020ZRADSC0178","8886459511876","DSC0178","285/30R20 RADAR DIMAX R8+ 99Y XL RUNFLAT (CAR SUMMER)","http://omni-united.com/wp-content/uploads/2016/06/dimax-r8-plus.jpg","122.35","285","30","20","Y","99","XL","true","D","B","75","2","C1","1.0","RADAR","BUDGET","DIMAX R8+"
"2754520ZRARASYCN0133","8886459543747","RASYCN0133","275/45R20 RADAR DIMAX R8+ 110Y XL RUNFLAT (4X4 / SUV SUMMER)","http://omni-united.com/wp-content/uploads/2016/06/dimax-r8-plus.jpg","102.97","275","45","20","Y","110","","true","D","B","73","2","C1","22.0","RADAR","BUDGET","DIMAX R8+"
"2953019ZTO3950900","4981910782827","3950900","295/30R19 TOYO PXR888R 100Y (CAR SUMER)","","102.97","295","30","19","Y","100","","false","D","D","75","2","C1","6.0","TOYO","MID RANGE PREMIUM","R888R"
"2354018ZVRAP23540018YUPRA02","8714692804366","","235/40R18 VREDESTEIN ULTRAC PRO 95Y XL (CAR SUMMER)","https://dcjqgkl774ppl.cloudfront.net/70/model/m_8060_vredesteinultracpro.png","64.01","235","40","18","Y","95","XL","false","C","A","72","2","C1","13.0","VREDESTEIN","MID RANGE 2","ULTRAC PRO"
"1957014NNA1957014NANTR100100","4717622057157","EB203","195/70R14 NANKANG TR-10 104/102N (VAN SUMMER)","https://dcjqgkl774ppl.cloudfront.net/70/MODEL/na-tr10.jpg","47.46","195","70","14","N","104/102","","false","E","C","72","2","C2","4.0","NANKANG","BUDGET","TR-10"
"3053019ZTO3951000","4981910782872","3951000","305/30R19 TOYO PXR888R 102Y (CAR SUMER)","","82.57","305","30","19","Y","102","","false","D","D","75","2","C1","1.0","TOYO","MID RANGE PREMIUM","PXR8R"
"2355519ZRARASYCN0416","8886459588434","RASYCN0416","235/55R19 RADAR DIMAX R8+ 105Y XL (4X4 / SUV SUMMER)","http://omni-united.com/wp-content/uploads/2016/06/dimax-r8-plus.jpg","62.17","235","55","19","Y","105","XL","false","C","B","72","2","C1","13.0","RADAR","BUDGET","DIMAX R8+"
"2655019ZRARASYCN0134","8886459543754","RASYCN0134","265/50R19 RADAR DIMAX R8+ 110W XL RUNFLAT (4X4 / SUV SUMMER)","http://omni-united.com/wp-content/uploads/2016/06/dimax-r8-plus.jpg","91.75","265","50","19","W","110","XL","true","D","B","73","2","C1","7.0","RADAR","BUDGET","DIMAX R8+"
"2254518ZAC8997020611168","8997020611168","1200000097","225/45R18 ACCELERA PHI 95Y XL (CAR SUMMER)","https://dcjqgkl774ppl.cloudfront.net/70/MODEL/accphi.jpg","38.71","225","45","18","Y","95","XL","false","D","C","72","2","C1","30.0","ACCELERA","BUDGET","PHI"
"1955510PNA1955510NANTR100100","4717622044645","EB207","195/55R10 NANKANG TR-10 98/96P (VAN SUMMER)","https://dcjqgkl774ppl.cloudfront.net/70/MODEL/na-tr10.jpg","38.68","195","55","10","P","98/96","","false","E","C","72","2","","4.0","NANKANG","BUDGET","TR-10"
"1955516VNA1955516NANNA10100","4717622044768","JC268","195/55R16 NANKANG NA-1 87V (CAR SUMMER)","https://dcjqgkl774ppl.cloudfront.net/tyrecat/na-1.jpg","40.31","195","55","16","V","87","","false","D","B","70","2","C1","2.0","NANKANG","BUDGET","NA-1"
"2853519ZAC8997020613407","8997020613407","8997020613407","285/35R19 ACCELERA PHI-2 103Y (CAR SUMMER)","https://dcjqgkl774ppl.cloudfront.net/70/MODEL/accelera_phi_2.jpg","56.05","285","35","19","Y","103","XL","false","D","C","72","2","C1","22.0","ACCELERA","BUDGET","PHI-2"
"2952521ZAC8997020613483","8997020614107","1200053238","295/25R21 ACCELERA PHI-2 96Y XL (CAR SUMMER)","https://dcjqgkl774ppl.cloudfront.net/70/MODEL/accelera_phi_2.jpg","64.01","295","25","21","Y","96","XL","false","D","C","72","1","C1","20.0","ACCELERA","BUDGET","PHI-2"
"14510NHISUPERTRAIL","6953913106427","","145/80R10 HIFLY SUPER TRAIL 84/82N (VAN SUMMER)","","22.95","145","80","10","N","84/82","","false","C","C","72","B","C2","4.0","HIFLY","BUDGET WHOLESALE","SUPER TRAIL"
"1856015HNA1856015NANNA10100","4717622045970","JC599","185/60R15 NANKANG NA-1 88H XL (CAR SUMMER)","https://dcjqgkl774ppl.cloudfront.net/tyrecat/na-1.jpg","35.78","185","60","15","H","88","XL","false","C","B","70","2","C1","3.0","NANKANG","BUDGET","NA-1"
"2355518HHA1024113","8808563451763","1024113","235/55R18 HANKOOK VENTUS PRIME3 K125 100H OE (CAR SUMMER)","https://dcjqgkl774ppl.cloudfront.net/tyrecat/k125.png","75.48","235","55","18","H","100","","false","C","B","70","2","C1","6.0","HANKOOK","MID RANGE 2","VENTUS PRIME3 K125"
"2254517ZHA1024371","8808563455471","1024371","225/45R17 HANKOOK VENTUS S1 EVO3 K127 94Y XL REP (CAR SUMMER)","https://dcjqgkl774ppl.cloudfront.net/tyrecat/k127.png","65.13","225","45","17","Y","94","XL","false","C","A","72","2","C1","1.0","HANKOOK","MID RANGE 2","VENTUS S1 EVO3 K127"
"2354018ZHA1024315","8808563454078","1024315","235/40R18 HANKOOK VENTUS S1 EVO3 K127 95Y XL REP (CAR SUMMER)","https://dcjqgkl774ppl.cloudfront.net/tyrecat/k127.png","77.03","235","40","18","Y","95","XL","false","C","A","72","2","C1","4.0","HANKOOK","MID RANGE 2","VENTUS S1 EVO3 K127"
"2355020HCO0313248000","4019238080407","03132480000","235/50R20 CONTINENTAL ECOCONTACT 6 Q 104H XL EVC (CAR SUMMER)","https://dcjqgkl774ppl.cloudfront.net/tyrecat/continental/ecocontact6q_ecocontact-6q.png","121.4","235","50","20","H","104","XL","false","A","A","72","2","C1","1.0","CONTINENTAL","PREMIUM","ECOCONTACT 6 Q"
"2157016HUN0361188000","4024068004943","03611880000","215/70R16 UNIROYAL RAINEXPERT 5 100H (CAR SUMMER)","https://dcjqgkl774ppl.cloudfront.net/70/model/m_6657_uniroyal__rainexpert-5__productpicture__30.png","71.28","215","70","16","H","100","","false","C","A","71","2","C1","5.0","UNIROYAL","MID RANGE PREMIUM","RAINEXPERT 5"
"2354517ZBLBA2314","6973307193413","BA2314","235/45R17 BLACKARROW P16 97W (CAR SUMMER)","","35.19","235","45","17","W","97","","false","C","C","72","B","C1","30.0","BLACKARROW","BUDGET WHOLESALE","P16"
"2654520ZMI533432","3528705334321","533432","265/45R20 MICHELIN PILOT SPORT EV 108Y XL T0 (CAR SUMMER)","","228.53","265","45","20","Y","108","XL","false","B","B","073","2","C1","6.0","MICHELIN","PREMIUM","PILOT SPORT EV"
"1956515VUN0361172000","4024068004431","03611720000","195/65R15 UNIROYAL RAINEXPERT 5 91V (CAR SUMMER)","https://dcjqgkl774ppl.cloudfront.net/70/model/m_6657_uniroyal__rainexpert-5__productpicture__30.png","44.36","195","65","15","V","91","","false","D","A","71","2","C1","5.0","UNIROYAL","MID RANGE PREMIUM","RAINEXPERT 5"
"2256017ZBR9371","3286340937115","9371","225/60R17 BRIDGESTONE TURANZA T005 99Y AO (CAR SUMMER)","https://dcjqgkl774ppl.cloudfront.net/tyrecat/t005-.png","86.65","225","60","17","Y","99","","false","B","A","71","2","C1","30.0","BRIDGESTONE","PREMIUM","TURANZA T005"
"2355518TMI146876","3528701468761","146876","235/55R18 MICHELIN E PRIMACY 104T XL MO (CAR SUMMER)","https://dcjqgkl774ppl.cloudfront.net/tyrecat/michelin/eprimacy_e-primacy.png","104.41","235","55","18","T","104","XL","false","A","B","070","2","C1","2.0","MICHELIN","PREMIUM","E PRIMACY"
"2354019ZYOR8846","4548515300469","R8846","235/40R19 YOKOHAMA V108 EV SILENT FOAM 96W XL (CAR SUMMER)","https://dcjqgkl774ppl.cloudfront.net/70/model/m_8038_advan_sport_ev_v108_angled.jpg","106.03","235","40","19","W","96","XL","false","C","A","71","2","C1","4.0","YOKOHAMA","MID RANGE 2","V108"
"1756515HHA1022628","8808563431567","1022628","175/65R15 HANKOOK K435 88H XL * (CAR SUMMER)","https://dcjqgkl774ppl.cloudfront.net/tyrecat/hankook/kinergyeco²k435_k435.png","48.97","175","65","15","H","88","XL","false","B","B","67","1","C1","6.0","HANKOOK","MID RANGE 2","KINERGY ECO² K435"
"2554018ZBR9827","3286340982719","9827","255/40R18 BRIDGESTONE TURANZA T005 99Y XL RUNFLAT * (CAR SUMMER)","https://dcjqgkl774ppl.cloudfront.net/tyrecat/t005-.png","147.75","255","40","18","Y","99","XL","true","B","B","71","2","C1","3.0","BRIDGESTONE","PREMIUM","TURANZA T005"
"2656517HTRXPRIV","6958460911098","RF10R1711","265/65R17 TRACMAX XPRIVILO H/T 112H (4X4 / SUV SUMMER)","https://dcjqgkl774ppl.cloudfront.net/70/MODEL/tracmaxx-priviloht.png","51.97","265","65","17","H","112","","false","C","C","72","2","C1","14.0","TRACMAX","BUDGET","X-PRIVILO H/T"
"2254518ZBR9825","3286340982511","9825","225/45R18 BRIDGESTONE TURANZA T005 95Y XL RUNFLAT * (CAR SUMMER)","https://dcjqgkl774ppl.cloudfront.net/tyrecat/t005-.png","108.85","225","45","18","Y","95","XL","true","B","B","70","2","C1","4.0","BRIDGESTONE","PREMIUM","TURANZA T005"
"2454520ZPI2816900","8019227281699","2816900","245/45R20 PIRELLI P-ZERO 103Y XL (J)(LR) (4X4 / SUV SUMMER)","https://dcjqgkl774ppl.cloudfront.net/tyrecat/pzero.png","136.28","245","45","20","Y","103","XL","false","B","B","71","2","C1","15.0","PIRELLI","PREMIUM","P-ZERO"
"2454520VPI2777900","8019227277791","2777900","245/45R20 PIRELLI P-ZERO 103V XL (VOL) (4X4 / SUV SUMMER)","https://dcjqgkl774ppl.cloudfront.net/tyrecat/pzero.png","140.01","245","45","20","V","103","XL","false","B","B","70","2","C1","13.0","PIRELLI","PREMIUM","P-ZERO"
"2857518QRARANCCN0009","8886459541675","RANCCN0009","285/75R18 RADAR RENEGADE R/T+ 121/118Q (4X4 / SUV SUMMER)","https://dcjqgkl774ppl.cloudfront.net/70/MODEL/4447_renegade-rt-500x500.jpg","123.37","285","75","18","Q","121/118","","false","NA","NA","NA","NA","C1","30.0","RADAR","BUDGET","RENEGADE R/T+"
"2254519ZHA1024644","8808563458656","1024644","225/45R19 HANKOOK VENTUS S1 EVO3 K127 96W XL OE (CAR SUMMER)","https://dcjqgkl774ppl.cloudfront.net/tyrecat/k127.png","99.94","225","45","19","W","96","XL","false","B","B","71","2","C1","6.0","HANKOOK","MID RANGE 2","VENTUS S1 EVO3 K127"
"2255518VYOR5708","4968814988654","R5708","225/55R18 YOKOHAMA G058 98V (4X4 / SUV SUMMER)","https://dcjqgkl774ppl.cloudfront.net/tyrecat/yokohama/g058_g058.png","71.35","225","55","18","V","98","","false","D","B","70","3","","22.0","YOKOHAMA","MID RANGE 2","G058"
"2355519VMI655840","3528706558405","655840","235/55R19 MICHELIN E PRIMACY 105V XL (CAR SUMMER)","https://dcjqgkl774ppl.cloudfront.net/tyrecat/michelin/eprimacy_e-primacy.png","111.77","235","55","19","V","105","XL","false","A","B","070","2","C1","4.0","MICHELIN","PREMIUM","E PRIMACY"
"2355519ZPI2759900","8019227275995","2759900","235/55R19 PIRELLI SCORPION ZERO ALL SE 105W XL (J)(LR) (4X4 / SUV SUMMER)","https://dcjqgkl774ppl.cloudfront.net/tyrecat/scorpion_zero_all_season.png","101.49","235","55","19","W","105","XL","false","B","C","72","2","C1","30.0","PIRELLI","PREMIUM","SCORPION ZERO ALL SE"
"2454021ZBR10060","3286341006018","10060","245/40R21 BRIDGESTONE ALENZA 001 100Y XL RUNFLAT * (CAR SUMMER)","https://dcjqgkl774ppl.cloudfront.net/tyrecat/alenza_001.png","198.85","245","40","21","Y","100","XL","true","B","B","72","2","C1","30.0","BRIDGESTONE","PREMIUM","ALENZA 001"
"2255017ZHA1024324","8808563454160","1024324","225/50R17 HANKOOK VENTUS S1 EVO3 K127 98Y XL REP (CAR SUMMER)","https://dcjqgkl774ppl.cloudfront.net/tyrecat/k127.png","70.71","225","50","17","Y","98","XL","false","C","A","72","2","C1","12.0","HANKOOK","MID RANGE 2","VENTUS S1 EVO3 K127"
"2556018ZGO533469","5452000543356","533469","255/60R18 GOODYEAR EAGLE F1 (ASYMMETRIC) SUV AT 112W XL J LR (4X4 / SUV SUMMER)","http://ordering.vandenban.nl/profielen/goodyear_f1 asym suv xl.jpg","91.75","255","60","18","W","112","XL","false","B","C","73","2","C1","2.0","GOODYEAR","PREMIUM","EAGLE F1 (ASYMMETRIC) SUV AT"
"2155517ZACPHIR","8997020614428","1200035480","215/55R17 ACCELERA PHI R 98W XL (CAR SUMMER)","https://dcjqgkl774ppl.cloudfront.net/70/images/acc phir.jpg","40.75","215","55","17","W","98","XL","false","C","C","72","2","C1","30.0","ACCELERA","BUDGET","PHI R"
"2254517ZKUHS52","8808956352400","2329203","225/45R17 KUMHO HS52 94W XL (CAR SUMMER)","https://dcjqgkl774ppl.cloudfront.net/70/model/m_6801_kumho-ecsta-hs52.png","58.06","225","45","17","W","94","XL","false","C","A","72","2","C1","2.0","KUMHO","MID RANGE PREMIUM","HS52"
"1955016VACPHIR","8997020614688","1200035735","195/50R16 ACCELERA PHI R 84V (CAR SUMMER)","https://dcjqgkl774ppl.cloudfront.net/70/images/acc phir.jpg","30.09","195","50","16","V","84","","false","D","C","72","2","C1","1.0","ACCELERA","BUDGET","PHI R"
"2553519ZBR13710","3286341371017","13710","255/35R19 BRIDGESTONE TURANZA T005 96Y XL RUNFLAT * (CAR SUMMER)","https://dcjqgkl774ppl.cloudfront.net/tyrecat/t005-.png","131.78","255","35","19","Y","96","XL","true","B","B","71","2","C1","30.0","BRIDGESTONE","PREMIUM","TURANZA T005"
"2554520ZBR2736","3286340273619","2736","255/45R20 BRIDGESTONE DUELER H/P SPORT 101W AO (4X4 / SUV SUMMER)","http://www.etyre.net/preview/t3/br-dsport.jpg","152.95","255","45","20","W","101","","false","D","A","71","2","C1","3.0","BRIDGESTONE","PREMIUM","DUELER H/P SPORT"
"2554519ZPI3245300","8019227324532","3245300","255/45R19 PIRELLI CINTURATO P7 (P7C2) 104Y XL RUNFLAT (MOE) (CAR SUMMER)","https://dcjqgkl774ppl.cloudfront.net/tyrecat/pirelli/cinturatop7(p7c2)_cinturato-p7c2.png","161.95","255","45","19","Y","104","XL","true","B","B","69","1","C1","1.0","PIRELLI","PREMIUM","CINTURATO P7 (P7C2)"
"2554520ZYOR7080","4548515020145","R7080","255/45R20 YOKOHAMA BLUEARTH-XT AE61 105W XL (CAR SUMMER)","https://dcjqgkl774ppl.cloudfront.net/tyrecat/yokohama/ae61_ae61.png","113.17","255","45","20","W","105","XL","false","C","A","68","1","C1","1.0","YOKOHAMA","MID RANGE 2","BLUEARTH-XT AE61"
"2556017VAC1200044318","8997020616804","1200044318","255/60R17 ACCELERA IOTA ST-68 110V XL (4X4 / SUV SUMMER)","https://dcjqgkl774ppl.cloudfront.net/70/MODEL/iotast-68.jpg","55.03","255","60","17","V","110","XL","false","C","C","68","1","","8.0","ACCELERA","BUDGET","IOTA ST68"
"2355018ZKU2230803","8808956234102","","235/50R18 KUMHO PS71 101Y XL (CAR SUMMER)","http://images.tyresoft.biz/tyrecat/ps71.png","72.35","235","50","18","Y","101","XL","false","C","A","72","2","C1","30.0","KUMHO","MID RANGE PREMIUM","PS71"
"1955515VCO0312338000","4019238066531","03123380000","195/55R15 CONTINENTAL ULTRACONTACT 85V (CAR SUMMER)","https://dcjqgkl774ppl.cloudfront.net/tyrecat/continental/ultracontact_ultracontact.png","67.27","195","55","15","V","85","","false","B","A","69","2","C1","9.0","CONTINENTAL","PREMIUM","ULTRACONTACT"
"2254517ZCO0312385000","4019238065916","0312385","225/45R17 CONTINENTAL ULTRACONTACT 91Y (CAR SUMMER)","https://dcjqgkl774ppl.cloudfront.net/tyrecat/continental/ultracontact_ultracontact.png","60.13","225","45","17","Y","91","","false","C","A","69","2","C1","8.0","CONTINENTAL","PREMIUM","ULTRACONTACT"
"1756016HNAJD288","4718022001689","JD288","175/60R16 NANKANG NA-1 82H (CAR SUMMER)","https://dcjqgkl774ppl.cloudfront.net/tyrecat/na-1.jpg","38.68","175","60","16","H","82","","false","D","B","70","2","C1","4.0","NANKANG","BUDGET","NA-1"
"2256018HYOR5706","4968814988630","R5706","225/60R18 YOKOHAMA G058 100H (4X4 / SUV SUMMER)","https://dcjqgkl774ppl.cloudfront.net/tyrecat/yokohama/g058_g058.png","68.21","225","60","18","H","100","","false","C","A","68","1","","10.0","YOKOHAMA","MID RANGE 2","G058"
"2454520ZPI2858500","8019227285857","2858500","245/45R20 PIRELLI CINTURATO P7 BLUE 103Y XL (NF0) ELT (CAR SUMMER)","https://www.etyre.net/preview/t3/pi-p7bluexl.jpg","169.27","245","45","20","Y","103","XL","false","B","A","70","2","C1","3.0","PIRELLI","PREMIUM","CINTURATO P7 BLUE"
"2554020ZMI513525","3528705135256","513525","255/40R20 MICHELIN PILOT SPORT EV 101W XL T2 (CAR SUMMER)","","180.23","255","40","20","W","101","XL","false","A","B","071","2","C1","4.0","MICHELIN","PREMIUM","PILOT SPORT EV"
"2754020ZBR3313","3286340331319","3313","275/40R20 BRIDGESTONE DUELER H/P SPORT 106Y XL RUNFLAT * (4X4 / SUV SUMMER)","http://www.etyre.net/preview/t3/br-dsport.jpg","155.18","275","40","20","Y","106","XL","true","D","C","72","2","C1","5.0","BRIDGESTONE","PREMIUM","DUELER H/P SPORT"
"2354517ZAC8997020614411","8997020614411","1200035478","235/45R17 ACCELERA PHI R 97W XL (CAR SUMMER)","https://dcjqgkl774ppl.cloudfront.net/70/images/acc phir.jpg","38.25","235","45","17","W","97","XL","false","C","C","72","2","C1","16.0","ACCELERA","BUDGET","PHI R"
"2854020ZPI2858600","8019227285864","2858600","285/40R20 PIRELLI CINTURATO P7 BLUE 108Y XL (NF0) ELT (CAR SUMMER)","https://www.etyre.net/preview/t3/pi-p7bluexl.jpg","258.94","285","40","20","Y","108","XL","false","B","A","70","1","C1","1.0","PIRELLI","PREMIUM","CINTURATO P7 BLUE"
"17515SNAJD286","4718022002914","JD286","175/80R15 NANKANG NA-1 90S (CAR SUMMER)","https://dcjqgkl774ppl.cloudfront.net/tyrecat/na-1.jpg","35.89","175","80","15","S","90","","false","D","B","70","2","C1","1.0","NANKANG","BUDGET","NA-1"
"2055516VCO03149910000","4019238291902","03149910000","205/55R16 CONTINENTAL ECOCONTACT 6 91V EVC (CAR SUMMER)","https://dcjqgkl774ppl.cloudfront.net/tyrecat/ecocontact_6.png","63.69","205","55","16","V","91","","false","A","B","71","2","C1","5.0","CONTINENTAL","PREMIUM","ECOCONTACT 6"
"2256017HAV9040202","0029142962809","589538","225/60R17 AVON AX7 ALL TERRAIN 103H XL (4X4 / SUV SUMMER)","https://dcjqgkl774ppl.cloudfront.net/tyrecat/ax7.png","90.08","225","60","17","H","103","XL","false","C","C","72","2","C1","2.0","AVON","MID RANGE 2","AX7 ALL TERRAIN"
"2055516VMI048419","3528700484199","048419","205/55R16 MICHELIN E PRIMACY 91V (CAR SUMMER)","https://dcjqgkl774ppl.cloudfront.net/tyrecat/michelin/eprimacy_e-primacy.png","69.0","205","55","16","V","91","","false","A","B","69","2","C1","3.0","MICHELIN","PREMIUM","E PRIMACY"
"2553519ZBR4960","3286340496018","4960","255/35R19 BRIDGESTONE POTENZA S001 92Y RUNFLAT * (CAR SUMMER)","http://www.etyre.net/preview/t3/br-s001rft.jpg","133.57","255","35","19","Y","92","","true","D","B","72","2","C1","30.0","BRIDGESTONE","PREMIUM","POTENZA S001"
"2155018VZE03.203.01","6921109048370","03.203.01","215/50R18 ZETA IMPERO 96V XL (4X4 / SUV SUMMER)","http://images.tyresoft.biz/70/MODEL/zeta-impero.jpg","50.95","215","50","18","V","96","XL","false","B","B","72","2","C1","7.0","ZETA","House Brand","IMPERO"
"2854021ZZE03.213.01","6921109048301","03.213.01","285/40R21 ZETA IMPERO 109Y XL (4X4 / SUV SUMMER)","http://images.tyresoft.biz/70/MODEL/zeta-impero.jpg","95.83","285","40","21","Y","109","XL","false","B","B","75","2","","6.0","ZETA","House Brand","IMPERO"
"2254518ZHA1019630","8808563393766","1019630","225/45R18 HANKOOK K127B VENTUS S1 EVO3 95Y XL RUNFLAT * (CAR SUMMER)","https://dcjqgkl774ppl.cloudfront.net/tyrecat/k127b.png","97.87","225","45","18","Y","95","XL","true","B","B","68","1","C1","7.0","HANKOOK","MID RANGE 2","K127B VENTUS S1 EVO3"
"2356516RBR30045","3286343004517","30045","235/65R16 BRIDGESTONE DURAVIS R660 ECO 115/113R (VAN SUMMER)","https://dcjqgkl774ppl.cloudfront.net/tyrecat/r660.png","95.83","235","65","16","R","115/113","","false","A","A","070","2","C2","4.0","BRIDGESTONE","PREMIUM","DURAVIS R660 ECO"
"2156517VZE03.204.01","6921109048363","03.204.01","215/65R17 ZETA IMPERO 99V (4X4 / SUV SUMMER)","http://images.tyresoft.biz/70/MODEL/zeta-impero.jpg","58.09","215","65","17","V","99","","false","B","B","71","2","C1","12.0","ZETA","House Brand","IMPERO"
"2854022ZACIOTAST68","8994234020021","","285/40R22 ACCELERA IOTA ST-68 110Y XL (4X4 / SUV SUMMER)","https://dcjqgkl774ppl.cloudfront.net/70/MODEL/iotast-68.jpg","78.49","285","40","22","Y","110","XL","false","C","C","72","1","C1","10.0","ACCELERA","BUDGET","IOTA ST-68"
"1756515HRARAHSCN0037","8886459519742","RAHSCN0037","175/65R15 RADAR DIMAX SPRINT 88H XL EVC PREMIUM COLLECTION  (CAR SUMMER)","https://dcjqgkl774ppl.cloudfront.net/70/model/m_8178_dimaxsprint_(45).jpg","30.09","175","65","15","H","88","XL","false","C","B","71","2","C1","11.0","RADAR","BUDGET","DIMAX SPRINT"
"15512RRARASNCN0005","8886459521479","RASNCN0005","155/80R12 RADAR ARGONITE RV-4 88/86R (VAN SUMMER)","https://dcjqgkl774ppl.cloudfront.net/tyrecat/radar/argoniterv-4_argoniterv-4(45).jpg","23.97","155","80","12","R","88/86","","false","D","C","72","NA","C2","20.0","RADAR","BUDGET","ARGONITE RV-4"
"1856514HMI592463","3528705924638","592463","185/65R14 MICHELIN CROSSCLIMATE+ 90H XL (CAR ALL SEASON)","https://dcjqgkl774ppl.cloudfront.net/70/MODEL/michelin-cross-climate.jpg","70.85","185","65","14","H","90","XL","false","C","C","68","1","C1","1.0","MICHELIN","PREMIUM","CROSSCLIMATE+"
"2356516RMI900911","3528709009119","900911","235/65R16 MICHELIN AGILIS 3 115/113R (VAN SUMMER)","https://dcjqgkl774ppl.cloudfront.net/tyrecat/michelin/agilis3_agilis3.png","123.64","235","65","16","R","115/113","","false","B","A","72","2","C2","27.0","MICHELIN","PREMIUM","AGILIS 3"
"12512SRARASNCN0002","8886459521288","RASNCN0002","125/80R12 RADAR DIMAX CLASSIC 62S (CAR SUMMER)","https://dcjqgkl774ppl.cloudfront.net/70/model/m_3838_dimaxclassicbsw(45).jpg","36.67","125","80","12","S","62","","false","NA","NA","NA","NA","C1","23.0","RADAR","BUDGET","DIMAX CLASSIC"
"2256516RMI230527","3528702305270","230527","225/65R16 MICHELIN AGILIS 3 112/110R DT (VAN SUMMER)","https://dcjqgkl774ppl.cloudfront.net/tyrecat/michelin/agilis3_agilis3.png","126.59","225","65","16","R","112/110","","false","B","A","72","2","C2","4.0","MICHELIN","PREMIUM","AGILIS 3"
"1955515VRARAHSCN0029","8886459518318","RAHSCN0029","195/55R15 RADAR DIMAX SPRINT 89V XL  EVC PREMIUM COLLECTION (CAR SUMMER)","https://dcjqgkl774ppl.cloudfront.net/70/model/m_8178_dimaxsprint_(45).jpg","31.96","195","55","15","V","89","XL","false","C","B","71","2","C1","29.0","RADAR","BUDGET","DIMAX SPRINT"
"14512RRARASNCN0004","8886459521400","RASNCN0004","145/80R12 RADAR ARGONITE RV-4 86/84R (VAN SUMMER)","https://dcjqgkl774ppl.cloudfront.net/tyrecat/radar/argoniterv-4_argoniterv-4(45).jpg","21.93","145","80","12","R","86/84","","false","D","C","72","B","C2","23.0","RADAR","BUDGET","ARGONITE RV-4"
"2254018ZBR25700","3286342570013","25700","225/40R18 BRIDGESTONE TURANZA T005 92Y XL * (CAR SUMMER)","http://images.tyresoft.biz/70/MODEL/turanzat005.jpg","69.97","225","40","18","Y","92","XL","false","A","B","70","2","C1","4.0","BRIDGESTONE","PREMIUM","TURANZA T005"
"2056016HHA1025176","8808563465081","1025176","205/60R16 HANKOOK VENTUS PRIME3 K125 96H XL VOLKSWAGEN (CAR SUMMER)","https://dcjqgkl774ppl.cloudfront.net/tyrecat/k125.png","71.77","205","60","16","H","96","XL","false","A","A","67","1","C1","4.0","HANKOOK","MID RANGE 2","VENTUS PRIME3 K125"
"2156016VRARAHSCN0032","8886459519599","RAHSCN0032","215/60R16 RADAR DIMAX SPRINT 99V XL EVC PREMIUM COLLECTION  (CAR SUMMER)","https://dcjqgkl774ppl.cloudfront.net/70/model/m_8178_dimaxsprint_(45).jpg","43.35","215","60","16","V","99","XL","false","C","B","72","2","C1","22.0","RADAR","BUDGET","DIMAX SPRINT"
"2155516ZRARAHSCN0025","8886459518172","RAHSCN0025","215/55R16 RADAR DIMAX SPRINT 97W XL (CAR SUMMER)","https://dcjqgkl774ppl.cloudfront.net/tyrecat/radar/dimaxr8_plus_dimaxr8plus_(45).jpg","40.75","215","55","16","W","97","XL","false","C","B","72","2","C1","30.0","RADAR","BUDGET","DIMAX SPRINT"
"2356018VPI3643200","8019227364323","3643200","235/60R18 PIRELLI SCORPION VERDE 103V (MO) (4X4 / SUV SUMMER)","https://www.etyre.net/preview/t3/pi-scorpverde.jpg","89.74","235","60","18","V","103","","false","A","B","70","2","C1","11.0","PIRELLI","PREMIUM","SCORPION VERDE"
"2156516VRARAHSCN0034","8886459519612","RAHSCN0034","215/65R16 RADAR DIMAX SPRINT 102V XL EVC PREMIUM COLLECTION (CAR SUMMER)","https://dcjqgkl774ppl.cloudfront.net/tyrecat/radar/dimaxr8_plus_dimaxr8plus_(45).jpg","41.31","215","65","16","V","102","XL","false","C","B","72","2","C1","30.0","RADAR","BUDGET","DIMAX SPRINT"
"1956515HHA1017555","8808563377940","1017555","195/65R15 HANKOOK KINERGY ECO 2 K435 91H OE (CAR SUMMER)","https://dcjqgkl774ppl.cloudfront.net/tyrecat/k435.png","39.57","195","65","15","H","91","","false","B","B","70","2","C1","10.0","HANKOOK","MID RANGE 2","KINERGY ECO 2 K435"
"2656517HACST68","8997020614091","1200034376","265/65R17 ACCELERA IOTA ST-68 116H XL (4X4 / SUV SUMMER)","https://dcjqgkl774ppl.cloudfront.net/70/MODEL/iotast-68.jpg","57.07","265","65","17","H","116","XL","false","C","C","68","1","C1","8.0","ACCELERA","BUDGET","IOTA ST-68"
"2055517ZRARAHSCN0053","8886459520700","RAHSCN0053","205/55R17 RADAR DIMAX SPORT 95Y XL  EVC PREMIUM COLLECTION (CAR SUMMER)","https://dcjqgkl774ppl.cloudfront.net/70/model/m_8184_dimax_sport_(45).jpg","47.89","205","55","17","Y","95","XL","false","C","B","72","2","C1","30.0","RADAR","BUDGET","DIMAX SPORT"
"2056016HHA1027041","8808563508955","1027041","205/60R16 HANKOOK KINERGY ECO 2 K435 92H HMC (CAR SUMMER)","https://dcjqgkl774ppl.cloudfront.net/tyrecat/k435.png","59.25","205","60","16","H","92","","false","A","B","71","2","C1","3.0","HANKOOK","MID RANGE 2","KINERGY ECO 2 K435"
"2055017ZRARAHSCN0049","8886459520212","RAHSCN0049","205/50R17 RADAR DIMAX SPORT 93Y XL EVC PREMIUM COLLECTION (CAR SUMMER)","https://dcjqgkl774ppl.cloudfront.net/70/model/m_8184_dimax_sport_(45).jpg","43.35","205","50","17","Y","93","XL","false","C","B","72","2","C1","30.0","RADAR","BUDGET","DIMAX SPORT"
"2256017VRARAHSCN0035","8886459519698","RAHSCN0035","225/60R17 RADAR DIMAX SPRINT 103V XL  EVC PREMIUM COLLECTION (CAR SUMMER)","https://dcjqgkl774ppl.cloudfront.net/70/model/m_8178_dimaxsprint_(45).jpg","55.03","225","60","17","V","103","XL","false","C","B","72","2","C1","30.0","RADAR","BUDGET","DIMAX SPRINT"
"1756015TMRZVTV","","","175/60R15 MRF ZVTV A4 81T (CAR SUMER)","","20.91","175","60","15","T","81","","false","NA","NA","NA","NA","C1","12.0","MRF","BUDGET WHOLESALE","ZVTV A4"
"2254517ZRARAHSCN0044","8886459520151","RAHSCN0044","225/45R17 RADAR DIMAX SPORT 94Y XL  EVC PREMIUM COLLECTION (CAR SUMMER)","https://dcjqgkl774ppl.cloudfront.net/70/model/m_8184_dimax_sport_(45).jpg","46.87","225","45","17","Y","94","XL","false","C","B","72","2","C1","30.0","RADAR","BUDGET","DIMAX SPORT"
"2454019ZRARASYCN0837","8886459599164","RASYCN0837","245/40R19 RADAR DIMAX R8 + 98Y XL (CAR SUMMER)","https://dcjqgkl774ppl.cloudfront.net/70/model/m_3666_dimaxr8+_0.jpg","51.97","245","40","19","Y","98","XL","false","C","B","72","2","C1","30.0","RADAR","BUDGET","DIMAX R8+"
"2854021ZGRSUREGRIPAS","6969999080445","221027501","285/40R21 GRIPMAX SUREGRIP AS 109W XL (CAR ALL SEASON)","https://dcjqgkl774ppl.cloudfront.net/tyrecat/status-allclimate.png","132.76","285","40","21","W","109","XL","false","B","B","75","B","C1","2.0","GRIPMAX","BUDGET","SUREGRIP A/S"
"1654515VNAJC278","4717622037883","JC278","165/45R15 NANKANG AS-1 72V XL (CAR SUMMER)","https://dcjqgkl774ppl.cloudfront.net/70/MODEL/na-as1.jpg","34.65","165","45","15","V","72","XL","false","D","C","71","2","C1","5.0","NANKANG","BUDGET","AS-1"
"2255017ZRARAHSCN0046","8886459520175","RAHSCN0046","225/50R17 RADAR DIMAX SPORT 98Y XL EVC PREMIUM COLLECTION (CAR SUMMER)","https://dcjqgkl774ppl.cloudfront.net/70/model/m_8184_dimax_sport_(45).jpg","47.43","225","50","17","Y","98","XL","false","C","B","B","72","C1","30.0","RADAR","BUDGET","DIMAX SPORT"
"2155017ZRARAHSCN0052","8886459520649","RAHSCN0052","215/50R17 RADAR DIMAX SPORT EVC PREMIUM COLLECTION 95Y XL (CAR SUMMER)","https://dcjqgkl774ppl.cloudfront.net/70/model/m_8184_dimax_sport_(45).jpg","43.81","215","50","17","Y","95","XL","false","C","B","72","72","C1","30.0","RADAR","BUDGET","DIMAX SPORT"
"2055516VBR22283","3286342228310","22283","205/55R16 BRIDGESTONE TURANZA 6 ENLITEN 91V (CAR SUMMER)","https://dcjqgkl774ppl.cloudfront.net/tyrecat/bridgestone/turanza6_turanza_6.png","56.98","205","55","16","V","91","","false","B","A","069","2","C1","30.0","BRIDGESTONE","PREMIUM","TURANZA 6"
"2256017HHA1024935","","1024935","225/60R17 HANKOOK KINERGY ECO 2 K435 99H (4X4 / SUV SUMER)","","79.51","225","60","17","H","99","","false","NA","NA","NA","NA","C1","10.0","HANKOOK","MID RANGE 2","KINERGY ECO 2 K435"
"2255017ZDE6924590246812","6924590246812","6924590246812","225/50R17 DELMAX ULTIMEPRO UP1 98W XL (CAR SUMMER)","","34.17","225","50","17","W","98","XL","false","C","C","72","2","C1","30.0","DELMAX","BUDGET WHOLESALE","ULTIMEPRO UP1"
"2254018ZRARAHSCN0045","8886459520168","RAHSCN0045","225/40R18 RADAR DIMAX SPORT 92Y XL  EVC PREMIUM COLLECTION (CAR SUMMER)","https://dcjqgkl774ppl.cloudfront.net/70/model/m_8184_dimax_sport_(45).jpg","47.89","225","40","18","Y","92","XL","false","C","B","72","2","C1","30.0","RADAR","BUDGET","DIMAX SPORT"
"2254518ZRARAHSCN0047","8886459520182","RAHSCN0047","225/45R18 RADAR DIMAX SPORT 95Y XL EVC PREMIUM COLLECTION (CAR SUMMER)","https://dcjqgkl774ppl.cloudfront.net/70/model/m_8184_dimax_sport_(45).jpg","42.39","225","45","18","Y","95","XL","false","C","B","71","2","C1","30.0","RADAR","BUDGET","DIMAX SPORT"
"2553518ZZE03.082.01-1","6921109031594","03.082.01","255/35R18 ZETA ALVENTI 94Y XL (CAR SUMMER)","https://dcjqgkl774ppl.cloudfront.net/70/images/ze-alveti.jpg","50.95","255","35","18","Y","94","XL","false","C","C","73","2","C1","20.0","ZETA","House Brand","ALVENTI"
"2454018ZRARAHSCN0051","8886459520601","RAHSCN0051","245/40R18 RADAR DIMAX SPORT 97Y XL EVC PREMIUM COLLECTION  (CAR SUMMER)","https://dcjqgkl774ppl.cloudfront.net/70/model/m_8184_dimax_sport_(45).jpg","48.91","245","40","18","Y","97","XL","false","C","B","72","2","C1","21.0","RADAR","BUDGET","DIMAX SPORT"
"2354517ZRARAHSCN0058","8886459520861","RAHSCN0058","235/45R17 RADAR DIMAX SPORT 97Y XL (CAR SUMMER)","https://dcjqgkl774ppl.cloudfront.net/70/model/m_8184_dimax_sport_(45).jpg","43.81","235","45","17","Y","97","XL","false","B","C","72","2","C1","30.0","RADAR","BUDGET","DIMAX SPORT"
"2753019ZKU2247673","8808956254025","2247673","275/30R19 KUMHO PS71 96Y XL (CAR SUMMER)","https://dcjqgkl774ppl.cloudfront.net/tyrecat/ps71.png","100.45","275","30","19","Y","96","XL","false","D","A","72","2","C1","1.0","KUMHO","MID RANGE PREMIUM","PS71"
"2454518ZRARAHSCN0055","8886459520762","RAHSCN0055","245/45R18 RADAR DIMAX SPORT 100Y XL EVC PREMIUM COLLECTION  (CAR SUMMER)","https://dcjqgkl774ppl.cloudfront.net/70/model/m_8184_dimax_sport_(45).jpg","51.97","245","45","18","Y","100","XL","false","C","B","72","2","C1","30.0","RADAR","BUDGET","DIMAX SPORT"
"2553519ZRARAHSCN0057","8886459520854","RAHSCN0057","255/35R19 RADAR DIMAX SPORT 96Y XL EVC PREMIUM COLLECTION (CAR SUMMER)","https://dcjqgkl774ppl.cloudfront.net/70/product/pr_257598_dimax_sport_(45).jpg","60.13","255","35","19","Y","96","XL","false","C","A","70","2","C1","19.0","RADAR","BUDGET","DIMAX SPORT"
"2753519ZKU2247683","8808956254049","2247683","275/35R19 KUMHO PS71 100Y XL (CAR SUMMER)","https://dcjqgkl774ppl.cloudfront.net/tyrecat/ps71.png","102.71","275","35","19","Y","100","XL","false","D","A","72","2","C1","5.0","KUMHO","MID RANGE PREMIUM","PS71"
"2254519ZRARAHSCN0059","8886459520878","RAHSCN0059","225/45R19 RADAR DIMAX SPORT 96Y XL EVC PREMIUM COLLECTION  (CAR SUMMER)","https://dcjqgkl774ppl.cloudfront.net/70/model/m_8184_dimax_sport_(45).jpg","58.09","225","45","19","Y","96","XL","false","C","B","72","2","C1","24.0","RADAR","BUDGET","DIMAX SPORT"
"2156016VKU2249923","8808956258535","2249923","215/60R16 KUMHO ES31 99V XL (CAR SUMMER)","https://dcjqgkl774ppl.cloudfront.net/tyrecat/es31.png","60.28","215","60","16","V","99","XL","false","B","B","70","2","C1","3.0","KUMHO","MID RANGE PREMIUM","ES31"
"2554019ZKU2247643","8808956253967","2247643","255/40R19 KUMHO PS71 100Y XL (CAR SUMMER)","https://dcjqgkl774ppl.cloudfront.net/tyrecat/ps71.png","87.26","255","40","19","Y","100","XL","false","D","A","72","2","C1","23.0","KUMHO","MID RANGE PREMIUM","PS71"
"311015QRARANCCN0356","8886459539764","RANCCN0356","31/10.55R15 RADAR RENEGADE X 109Q (4X4 / SUV ALL SEASON)","https://dcjqgkl774ppl.cloudfront.net/70/model/m_7885_renegade-x.png","92.77","3110","50","15","Q","109","C","false","NA","NA","NA","NA","C2","7.0","RADAR","BUDGET","RENEGADE-X"
"2155018ZPI3926700","8019227392678","3926700","215/50R18 PIRELLI POWERGY 92W (4X4 / SUV SUMMER)","https://dcjqgkl774ppl.cloudfront.net/tyrecat/pirelli/powergy_powergy.jpg","86.69","215","50","18","W","92","","false","B","A","68","2","C1","4.0","PIRELLI","PREMIUM",""
"2055519VPI3883500","8019227388350","3883500","205/55R19 PIRELLI POWERGY 97V XL (CAR SUMMER)","https://dcjqgkl774ppl.cloudfront.net/tyrecat/pirelli/powergy_powergy.jpg","82.71","205","55","19","V","97","XL","false","B","A","68","2","C1","4.0","PIRELLI","PREMIUM",""
"331215QRARANCCN0357","8886459539771","RANCCN0357","33/125R15 RADAR RENEGADE X 108Q (4X4 / SUV ALL SEASON)","https://dcjqgkl774ppl.cloudfront.net/70/model/m_7885_renegade-x.png","119.29","3312","50","15","Q","108","C","false","NA","NA","NA","NA","C2","4.0","RADAR","BUDGET","RENEGADE-X"
"2355519VHA1027452","8808563521534","1027452","235/55R19 HANKOOK VENTUS S1 EVO3 SUV K127A 101V NISSAN (CAR SUMMER)","https://dcjqgkl774ppl.cloudfront.net/tyrecat/ventuss1evo3.png","87.67","235","55","19","V","101","","false","A","B","69","2","C1","30.0","HANKOOK","MID RANGE 2","VENTUS S1 EVO3 SUV K127A"
"2454519ZPI3883300","8019227388336","3883300","245/45R19 PIRELLI POWERGY 102Y XL (CAR SUMMER)","https://dcjqgkl774ppl.cloudfront.net/tyrecat/pirelli/powergy_powergy.jpg","107.83","245","45","19","Y","102","XL","false","B","A","70","2","C1","1.0","PIRELLI","PREMIUM","POWERGY"
"2355518VHA1025880","8808563473253","1025880","235/55R18 HANKOOK VENTUS S1 EVO3 EV K127E 100V AUDI (CAR SUMMER)","https://dcjqgkl774ppl.cloudfront.net/tyrecat/hankook/ventuss1evo3evk127e_ventuss1evo3.png","82.57","235","55","18","V","100","","false","A","B","71","2","C1","13.0","HANKOOK","MID RANGE 2","VENTUS S1 EVO3 EV K127E"
"2553520HPI3567000","8019227356700","","255/35R20 PIRELLI CINTURATO P7 ALL SEA 97H XL (J)NCS (CAR ALL SEASON)","http://images.tyresoft.co.uk/70/MODEL/pi-p7as.jpg","118.27","255","35","20","H","97","XL","false","C","B","71","2","C1","2.0","PIRELLI","PREMIUM","CINTURATO P7 ALL SEA"
"1956515HYOR2446","4968814925413","R2446","195/65R15 YOKOHAMA ES32 91H (CAR SUMMER)","http://images.tyresoft.biz/tyrecat/es32.png","38.25","195","65","15","H","91","","false","C","B","68","1","C1","23.0","YOKOHAMA","MID RANGE 2","ES32"
"1956015HYOR2442","4968814925376","R2442","195/60R15 YOKOHAMA ES32 88H (CAR SUMMER)","http://images.tyresoft.biz/tyrecat/es32.png","42.79","195","60","15","H","88","","false","C","B","68","1","C1","30.0","YOKOHAMA","MID RANGE 2","ES32"
"2255017VMI193890","3528701938905","193890","225/50R17 MICHELIN PRIMACY 3 ST DT2 94V (CAR SUMMER)","https://dcjqgkl774ppl.cloudfront.net/70/images/mi-prim3.jpg","81.55","225","50","17","V","94","","false","C","A","69","2","C1","13.0","MICHELIN","PREMIUM","PRIMACY 3"
"2055516HHA1017557","8808563377964","1017557","205/55R16 HANKOOK KINERGY ECO 2 K435 91H OE (CAR SUMMER)","https://dcjqgkl774ppl.cloudfront.net/tyrecat/k435.png","48.81","205","55","16","H","91","","false","C","B","71","2","C1","1.0","HANKOOK","MID RANGE 2","KINERGY ECO 2 K435"
"2952521ZACPHI2","","","295/25R21 ACCELERA PHI-2 97W XL DOT 18 (CAR SUMMER)","https://dcjqgkl774ppl.cloudfront.net/70/MODEL/accelera_phi_2.jpg","22.98","295","25","21","W","97","XL","false","D","C","72","1","C1","1.0","ACCELERA","BUDGET","PHI-2"
"2454018ZPI3882000","8019227388206","","245/40R18 PIRELLI POWERGY 97Y XL (CAR SUMMER)","https://dcjqgkl774ppl.cloudfront.net/tyrecat/pirelli/powergy_powergy.jpg","80.51","245","40","18","Y","97","XL","false","B","A","71","2","C1","3.0","PIRELLI","PREMIUM","POWERGY"
"2353520ZAC8997020612455","8997020612455","1200014488","235/35R20 ACCELERA PHI 92Y XL (CAR SUMMER)","https://dcjqgkl774ppl.cloudfront.net/70/MODEL/accphi.jpg","46.87","235","35","20","Y","92","XL","false","D","C","72","2","C1","10.0","ACCELERA","BUDGET","PHI"
"2253020ZAC8997020612028","8997020612028","1200000087","225/30R20 ACCELERA PHI 85Y XL (CAR SUMMER)","https://dcjqgkl774ppl.cloudfront.net/70/MODEL/accphi.jpg","50.95","225","30","20","Y","85","XL","false","D","C","72","2","C1","2.0","ACCELERA","BUDGET","PHI"
"2454518ZPI3882100","8019227388213","3882100","245/45R18 PIRELLI POWERGY 100Y XL (CAR SUMMER)","https://dcjqgkl774ppl.cloudfront.net/tyrecat/pirelli/powergy_powergy.jpg","82.35","245","45","18","Y","100","XL","false","B","A","71","2","C1","11.0","PIRELLI","PREMIUM","POWERGY"
"2356517VHA1026383","8808563479569","1026383","235/65R17 HANKOOK WINTER I*CEPT EVO3 X W330A 108V XL (CAR WINTER)","https://dcjqgkl774ppl.cloudfront.net/tyrecat/hankook/winteri_ceptevo3xw330a_w330a.png","89.29","235","65","17","V","108","XL","false","C","B","72","2","C1","1.0","HANKOOK","MID RANGE 2","WINTER I*CEPT EVO3 X W330A"
"2356517VHA1025761","8808563471792","1025761","235/65R17 HANKOOK VENTUS PRIME 3X K125A 108V XL HMC (CAR SUMMER)","https://dcjqgkl774ppl.cloudfront.net/tyrecat/k125.png","70.66","235","65","17","V","108","XL","false","A","B","72","2","C1","7.0","HANKOOK","MID RANGE 2","VENTUS PRIME 3X K125A"
"1954516ZYOR0388","4968814899868","R0388","195/45R16 YOKOHAMA V701 84W XL (CAR SUMMER)","http://images.tyresoft.biz/tyrecat/v701.jpg","48.91","195","45","16","W","84","XL","false","C","A","67","1","C1","30.0","YOKOHAMA","MID RANGE 2","V701"
"2155017ZAC8997020612998","8997020612998","1200023143","215/50R17 ACCELERA PHI 95W XL (CAR SUMMER)","https://dcjqgkl774ppl.cloudfront.net/70/MODEL/accphi.jpg","35.19","215","50","17","W","95","XL","false","D","C","72","2","C1","25.0","ACCELERA","BUDGET","PHI"
"2255518VACIOTAST68","8997020616576","1200043321","225/55R18 ACCELERA IOTA ST-68 98V (4X4 / SUV SUMMER)","https://dcjqgkl774ppl.cloudfront.net/70/MODEL/iotast-68.jpg","47.89","225","55","18","V","98","","false","C","C","68","1","","14.0","ACCELERA","BUDGET","IOTA ST68"
"2256018VMI953772","3528709537728","953772","225/60R18 MICHELIN PILOT SPORT 4 SUV 100V (4X4 / SUV SUMMER)","https://dcjqgkl774ppl.cloudfront.net/tyrecat/pilot-sport-4-suv.png","119.91","225","60","18","V","100","","false","D","A","70","2","C1","3.0","MICHELIN","PREMIUM","PILOT SPORT 4 SUV"
"2155018ZTRTSR1815","6958460922797","YSTSR1815","215/50R18 TRACMAX TRAC SAVER 92W (CAR ALL SEASON)","https://dcjqgkl774ppl.cloudfront.net/70/model/m_5059_tracmaxtracsaver.jpg","47.89","215","50","18","W","92","","false","C","B","72","2","C1","1.0","TRACMAX","BUDGET","ALL SEASON TRAC SAVER X-PRIVILO"
"2553520ZPI3993600","8019227399363","3993600","255/35R20 PIRELLI P-ZERO (PZ4) 97Y XL (*) ELT (CAR SUMMER)","https://dcjqgkl774ppl.cloudfront.net/tyrecat/pzero.png","139.65","255","35","20","Y","97","XL","false","D","B","70","1","C1","3.0","PIRELLI","PREMIUM","P-ZERO (PZ4)"
"2553021ZAC8997020613490","8997020613490","1200031846","255/30R21 ACCELERA PHI 95W XL (CAR SUMMER)","https://dcjqgkl774ppl.cloudfront.net/70/MODEL/accphi.jpg","60.13","255","30","21","W","95","XL","false","D","C","72","2","C1","20.0","ACCELERA","BUDGET","PHI"
"2256517HCO03544690000","4019238810240","03544690000","225/65R17 CONTINENTAL CROSSCONTACT LX SPORT 102H (4X4 / SUV SUMMER)","https://dcjqgkl774ppl.cloudfront.net/70/MODEL/cn-crosslx.jpg","90.83","225","65","17","H","102","","false","B","C","71","2","C1","2.0","CONTINENTAL","PREMIUM","CROSSCONTACT LX SPORT"
"2254517ZPI3881100","8019227388114","3881100","225/45R17 PIRELLI POWERGY 94Y XL (CAR SUMMER)","https://dcjqgkl774ppl.cloudfront.net/tyrecat/pirelli/powergy_powergy.jpg","55.24","225","45","17","Y","94","XL","false","B","A","68","1","C1","30.0","PIRELLI","PREMIUM","POWERGY"
"2453020ZAC8997020612035","8997020612035","1200000116","245/30R20 ACCELERA PHI 93Y XL (CAR SUMMER)","https://dcjqgkl774ppl.cloudfront.net/70/MODEL/accphi.jpg","48.91","245","30","20","Y","93","XL","false","D","C","72","2","C1","4.0","ACCELERA","BUDGET","PHI"
"2255017ZPI3881300","8019227388138","3881300","225/50R17 PIRELLI POWERGY 98Y XL (CAR SUMMER)","https://dcjqgkl774ppl.cloudfront.net/tyrecat/pirelli/powergy_powergy.jpg","76.8","225","50","17","Y","98","XL","false","B","A","68","2","C1","8.0","PIRELLI","PREMIUM",""
"1957015RMI706719","3528707067197","706719","195/70R15 MICHELIN AGILIS 3 104/102R (VAN SUMMER)","https://dcjqgkl774ppl.cloudfront.net/tyrecat/michelin/agilis3_agilis3.png","55.73","195","70","15","R","104/102","","false","B","A","72","2","C2","1.0","MICHELIN","PREMIUM","AGILIS 3"
"2355020THA1024772","8808563460031","1024772","235/50R20 HANKOOK VENTUS S1 EVO3 EV K127E 100T VOLKSWAGEN (CAR SUMMER)","https://dcjqgkl774ppl.cloudfront.net/tyrecat/hankook/ventuss1evo3evk127e_ventuss1evo3.png","81.55","235","50","20","T","100","","false","A","B","69","2","C1","28.0","HANKOOK","MID RANGE 2","VENTUS S1 EVO3 EV K127E"
"2354018ZPI3882300","8019227388237","3882300","235/40R18 PIRELLI POWERGY 95Y XL (CAR SUMMER)","https://dcjqgkl774ppl.cloudfront.net/tyrecat/pirelli/powergy_powergy.jpg","81.39","235","40","18","Y","95","XL","false","B","A","70","2","C1","10.0","PIRELLI","PREMIUM","POWERGY"
"2553519ZPI3882700","8019227388275","3882700","255/35R19 PIRELLI POWERGY 96Y XL (CAR SUMMER)","https://dcjqgkl774ppl.cloudfront.net/tyrecat/pirelli/powergy_powergy.jpg","100.71","255","35","19","Y","96","XL","false","B","A","71","2","C1","7.0","PIRELLI","PREMIUM","POWERGY"
"2554519TCO0311703000","4019238044218","03117030000","255/45R19 CONTINENTAL ECOCONTACT 6 Q 100T (+) CONTISEAL (CAR SUMMER)","https://dcjqgkl774ppl.cloudfront.net/tyrecat/continental/ecocontact6q_ecocontact-6q.png","136.75","255","45","19","T","100","","false","A","A","72","2","C1","4.0","CONTINENTAL","PREMIUM","ECOCONTACT 6 Q"
"2154516ZACPHIR","8997020616989","1200043158","215/45R16 ACCELERA PHI R 90W XL (CAR SUMMER)","https://dcjqgkl774ppl.cloudfront.net/70/images/acc phir.jpg","33.15","215","45","16","W","90","XL","false","D","C","70","2","C1","30.0","ACCELERA","BUDGET","PHI R"
"2356516RHA2020281","8808563382906","2020281","235/65R16 HANKOOK VANTRA LT RA18 115/113R REP (VAN SUMMER)","https://dcjqgkl774ppl.cloudfront.net/70/images/ha-ra18.jpg","84.61","235","65","16","R","115/113","","false","C","C","70","2","C2","30.0","HANKOOK","MID RANGE 2","VANTRA LT RA18"
"2055517VCO0311591000","4019238090833","0311591","205/55R17 CONTINENTAL CONTIPREMIUMCONTACT 5 91V (CAR SUMMER)","https://www.etyre.net/preview/t3/co-precon5.jpg","72.37","205","55","17","V","91","","false","D","B","71","2","C1","14.0","CONTINENTAL","PREMIUM","CONTIPREMIUMCONTACT 5"
"2355517ZVRAP23555017YQPPA02","8714692810954","AP23555017YQPPA02","235/55R17 VREDESTEIN QUATRAC PRO+ 103Y XL (CAR ALL SEASON)","https://dcjqgkl774ppl.cloudfront.net/tyrecat/vredestein/quatracpro_plus_quatrac-pro-plus.png","78.7","235","55","17","Y","103","XL","false","B","B","72","2","C1","4.0","VREDESTEIN","MID RANGE 2","QUATRAC PRO+"
"2356516RCO0451670000","4019238034172","04516700000","235/65R16 CONTINENTAL VANCONTACT ECO 115/113R (VAN SUMMER)","https://dcjqgkl774ppl.cloudfront.net/tyrecat/vanco-eco-tire-image.png","106.03","235","65","16","R","115/113","","false","A","A","72","2","C2","2.0","CONTINENTAL","PREMIUM","VANCONTACT ECO"
"2754022ZVRAP27540022YQPPA02","8714692810046","","275/40R22 VREDESTEIN QUATRAC PRO+ 108Y XL (4X4 / SUV ALL SEASON)","https://dcjqgkl774ppl.cloudfront.net/tyrecat/vredestein/quatracpro_plus_quatrac-pro-plus.png","175.73","275","40","22","Y","108","XL","false","C","B","73","2","C1","4.0","VREDESTEIN","MID RANGE 2","QUATRAC PRO+"
"2355019TCO0311705000","4019238044171","03117050000","235/50R19 CONTINENTAL ECOCONTACT 6 Q 99T (+) CONTISEAL (CAR SUMMER)","https://dcjqgkl774ppl.cloudfront.net/tyrecat/continental/ecocontact6q_ecocontact-6q.png","114.14","235","50","19","T","99","","false","A","B","71","2","C1","5.0","CONTINENTAL","PREMIUM","ECOCONTACT 6 Q"
"2556018VACST68","8997020616859","1200044315","255/60R18 ACCELERA IOTA ST-68 112V XL (4X4 / SUV SUMMER)","https://dcjqgkl774ppl.cloudfront.net/70/MODEL/iotast-68.jpg","57.07","255","60","18","V","112","XL","false","C","C","68","1","C1","20.0","ACCELERA","BUDGET","IOTA ST-68"
"2454518ZHA1016628","8808563367286","1016628","245/45R18 HANKOOK VENTUS PRIME3 K125 96W OE (CAR SUMMER)","https://dcjqgkl774ppl.cloudfront.net/70/MODEL/hankookk125.png","84.03","245","45","18","W","96","","false","C","B","71","2","C1","5.0","HANKOOK","MID RANGE 2","VENTUS PRIME3 K125"
"3153520ZACST68","8997020616835","1200043168","315/35R20 ACCELERA IOTA ST-68 110W XL (4X4 / SUV SUMMER)","https://dcjqgkl774ppl.cloudfront.net/70/MODEL/iotast-68.jpg","70.33","315","35","20","W","110","XL","false","C","C","72","1","C1","5.0","ACCELERA","BUDGET","IOTA ST-68"
"2453518ZBR4881","3286340488112","4881","245/35R18 BRIDGESTONE POTENZA S001 88Y RUNFLAT * (CAR SUMMER)","http://www.etyre.net/preview/t3/br-s001rft.jpg","111.13","245","35","18","Y","88","","true","D","B","71","2","C1","22.0","BRIDGESTONE","PREMIUM","POTENZA S001"
"2255018ZYOR6447","4548515003087","R6447","225/50R18 YOKOHAMA ADVAN SPORT V107 99Y XL (*) (CAR SUMMER)","https://dcjqgkl774ppl.cloudfront.net/tyrecat/pa02.jpg","81.55","225","50","18","Y","99","XL","false","A","B","69","1","C1","3.0","YOKOHAMA","MID RANGE 2","ADVAN SPORT V107"
"2454019ZHA1016629","8808563367293","1016629","245/40R19 HANKOOK VENTUS PRIME3 K125 94W OE (CAR SUMMER)","https://dcjqgkl774ppl.cloudfront.net/70/MODEL/hankookk125.png","95.46","245","40","19","W","94","","false","D","B","71","2","C1","4.0","HANKOOK","MID RANGE 2","VENTUS PRIME3 K125"
"2454018ZHA1020002","8808563399706","1020002","245/40R18 HANKOOK VENTUS S1 EVO 2 K117 97Y XL AO (CAR SUMMER)","http://www.etyre.net/preview/t3/ha-k117xl.jpg","79.65","245","40","18","Y","97","XL","false","D","B","71","2","C1","2.0","HANKOOK","MID RANGE 2","VENTUS S1 EVO 2 K117"
"2353520ZCO0312960000","4019238075878","03129600000","235/35R20 CONTINENTAL SPORTCONTACT 7 92Y XL (CAR SUMMER)","https://dcjqgkl774ppl.cloudfront.net/tyrecat/continental/sportcontact7_sportcontact7.jpg","150.93","235","35","20","Y","92","XL","false","D","A","72","2","C1","9.0","CONTINENTAL","PREMIUM","SPORTCONTACT 7"
"2354018ZVRAP23540018YQPPA02","8714692810619","","235/40R18 VREDESTEIN QUATRAC PRO+ 95Y XL (CAR ALL SEASON)","https://dcjqgkl774ppl.cloudfront.net/tyrecat/vredestein/quatracpro_plus_quatrac-pro-plus.png","74.17","235","40","18","Y","95","XL","false","C","B","72","2","C1","2.0","VREDESTEIN","MID RANGE 2","QUATRAC PRO+"
"1758014RTRRF19","6958460905905","RF19CR1401","175/80R14 TRACMAX X-PRIVILIO RF19 99/98R 8PLY (VAN SUMMER)","https://dcjqgkl774ppl.cloudfront.net/tyrecat/transporterrf19.png","29.07","175","14","14","R","99/98","","false","C","C","71","2","C2","12.0","TRACMAX","BUDGET","X-PRIVILIO RF19"
"2257516RTRRF19","6958460905745","RF19CR1601","225/75R16 TRACMAX X-PRIVILIO RF19 121/120R 10PR (VAN SUMMER)","https://dcjqgkl774ppl.cloudfront.net/tyrecat/transporterrf19.png","47.89","225","75","16","R","121/120","","false","C","C","71","2","C2","30.0","TRACMAX","BUDGET","X-PRIVILIO RF19"
"2554020ZTO4084800","4981910566038","4084800","255/40R20 TOYO PROXES SPORT 2 101Y XL (CAR SUMMER)","https://dcjqgkl774ppl.cloudfront.net/tyrecat/toyo/proxessport2_proxes-sport-2.png","102.97","255","40","20","Y","101","XL","false","C","A","71","2","C1","1.0","TOYO","MID RANGE PREMIUM","PROXES SPORT 2"
"2355017ZTO4012600","4981910500902","4012600","235/50R17 TOYO PROXES SPORT 96Y (CAR SUMMER)","https://dcjqgkl774ppl.cloudfront.net/tyrecat/pxsp-proxes_sport.jpg","72.37","235","50","17","Y","96","","false","C","A","71","2","C1","16.0","TOYO","MID RANGE PREMIUM","PXSP"
"2154517ZYOF4815","4968814802233","F4815","215/45R17 YOKOHAMA E70J 87W LEXUS (CAR SUMMER)","https://dcjqgkl774ppl.cloudfront.net/70/images/yo-e70j.jpg","72.37","215","45","17","W","87","","false","D","B","70","2","C1","6.0","YOKOHAMA","MID RANGE 2","E70J"
"2354018ZMI542695","3528705426958","542695","235/40R18 MICHELIN PILOT SPORT 4 95Y XL (CAR SUMMER)","https://dcjqgkl774ppl.cloudfront.net/70/MODEL/michps4.png","107.33","235","40","18","Y","95","XL","false","C","A","71","2","C1","6.0","MICHELIN","PREMIUM","PILOT SPORT 4"
"2356516TDEZD74441962","6924590244115","ZD74441962","235/65R16 DELMAX EXP PRO 115/113T (VAN SUMMER)","","44.83","235","65","16","T","115/113","","false","C","E","72","2","C2","30.0","DELMAX","BUDGET WHOLESALE","EXP PRO"
"2254018ZMI674619","3528706746192","674619","225/40R18 MICHELIN PILOT SPORT 4 92Y XL (CAR SUMMER)","https://dcjqgkl774ppl.cloudfront.net/70/MODEL/michps4.png","82.83","225","40","18","Y","92","XL","false","C","A","71","2","C1","2.0","MICHELIN","PREMIUM","PILOT SPORT 4"
"2454018ZUN03610920000","4024068002376","03610920000","245/40R18 UNIROYAL RAINSPORT 5 97Y XL (CAR SUMMER)","https://dcjqgkl774ppl.cloudfront.net/70/model/m_5279_rs5.jpg","76.1","245","40","18","Y","97","XL","false","C","A","72","2","C1","30.0","UNIROYAL","MID RANGE PREMIUM","RAINSPORT 5"
"2255516ZUN03610670000","4024068002314","03610670000","225/55R16 UNIROYAL RAINSPORT 5 95Y (CAR SUMMER)","https://dcjqgkl774ppl.cloudfront.net/70/model/m_5279_rs5.jpg","85.6","225","55","16","Y","95","","false","C","A","71","2","C1","4.0","UNIROYAL","MID RANGE PREMIUM","RAINSPORT 5"
"2254018ZMI453577","3528704535774","453577","225/40R18 MICHELIN PILOT SUPER SPORT 88Y * (CAR SUMMER)","http://www.etyre.net/preview/t3/mi-superspxl.jpg","92.41","225","40","18","Y","88","","false","D","B","71","2","C1","2.0","MICHELIN","PREMIUM","PILOT SUPER SPORT"
"2154517ZTO3829700","4981910568919","3829700","215/45R17 TOYO PROXES SPORT 2 91Y XL (CAR SUMMER)","https://dcjqgkl774ppl.cloudfront.net/tyrecat/pxsp-proxes_sport.jpg","56.39","215","45","17","Y","91","XL","false","D","A","71","2","","14.0","TOYO","MID RANGE PREMIUM","PROXES SPORT 2"
"2254517ZTO3829900","4981910569565","3829900","225/45R17 TOYO PROXES SPORT 2 94Y XL (CAR SUMMER)","https://dcjqgkl774ppl.cloudfront.net/tyrecat/toyo/proxessport2_proxes-sport-2.png","41.77","225","45","17","Y","94","XL","false","D","A","71","2","C1","30.0","TOYO","MID RANGE PREMIUM","PROXES SPORT 2"
"1955515HUN03610150000","4024068002161","03610150000","195/55R15 UNIROYAL RAINSPORT 5 85H (CAR SUMMER)","https://dcjqgkl774ppl.cloudfront.net/70/model/m_5279_rs5.jpg","60.28","195","55","15","H","85","","false","C","A","71","2","C1","6.0","UNIROYAL","MID RANGE PREMIUM","RAINSPORT 5"
"1558013TUN362711000","4024068669326","03627110000","155/80R13 UNIROYAL RAINEXPERT 3 79T (CAR SUMMER)","https://dcjqgkl774ppl.cloudfront.net/70/MODEL/uniroyalexpert3.jpg","35.45","155","80","13","T","79","","false","D","B","70","2","C1","12.0","UNIROYAL","MID RANGE PREMIUM","RAINEXPERT 3"
"2254519ZTO5100700","4981910562092","5100700","225/45R19 TOYO PROXES COMFORT 96W XL (CAR SUMMER)","https://dcjqgkl774ppl.cloudfront.net/tyrecat/toyo/pxcm_proxes-comfort.png","70.93","225","45","19","W","96","XL","false","C","A","70","2","","6.0","TOYO","MID RANGE PREMIUM","PROXES COMFORT"
"2256516TYOE4774","4968814941437","E4774","225/65R16 YOKOHAMA RY55 112T (VAN SUMMER)","https://dcjqgkl774ppl.cloudfront.net/tyrecat/ry55.jpg","81.55","225","65","16","T","112","","false","C","B","71","2","C2","10.0","YOKOHAMA","MID RANGE 2","RY55"
"2753521ZTRPRIVS01","6958460924814","","275/35R21 TRACMAX PRIVILOS01+ 103Y XL (4X4 / SUV SUMMER)","","72.37","275","35","21","Y","103","","false","C","C","72","B","C1","6.0","TRACMAX","BUDGET","PRIVILOS01+"
"2256017VYOF3704","4968814781903","F3704","225/60R17 YOKOHAMA G95A 99V SUBARU (4X4 / SUV SUMMER)","http://www.etyre.net/preview/t3/yo-g95a.jpg","72.37","225","60","17","V","99","","false","B","C","71","2","","8.0","YOKOHAMA","MID RANGE 2","G95A"
"2156516HKU2261493","8808956269364","2261493","215/65R16 KUMHO ES31 98H (CAR SUMMER)","https://dcjqgkl774ppl.cloudfront.net/tyrecat/es31.png","49.75","215","65","16","H","98","","false","C","C","70","2","C1","2.0","KUMHO","MID RANGE PREMIUM","ES31"
"2655019ZTO4085400","4981910566533","4085400","265/50R19 TOYO PROXES SPORT 2 110Y XL (CAR SUMMER)","https://dcjqgkl774ppl.cloudfront.net/tyrecat/toyo/proxessport2_proxes-sport-2.png","111.8","265","50","19","Y","110","XL","false","C","A","71","2","","4.0","TOYO","MID RANGE PREMIUM","PROXES SPORT 2"
"2054516ZKU2261043","8808956268749","2261043","205/45R16 KUMHO PS71 87W XL (CAR SUMMER)","https://dcjqgkl774ppl.cloudfront.net/tyrecat/ps71.png","49.12","205","45","16","W","87","XL","false","D","B","72","2","C1","30.0","KUMHO","MID RANGE PREMIUM","PS71"
"2355019VHA1015948","8808563359519","1015948","235/50R19 HANKOOK VENTUS S1 EVO2 SUV K117A 99V OE (4X4 / SUV SUMMER)","https://dcjqgkl774ppl.cloudfront.net/70/images/ha-k117.jpg","96.38","235","50","19","V","99","","false","C","C","69","2","C1","2.0","HANKOOK","MID RANGE 2","VENTUS S1 EVO2 SUV K117A"
"2155018ZMI413585","3528704135851","413585","215/50R18 MICHELIN PRIMACY 4 92W AO (CAR SUMMER)","https://dcjqgkl774ppl.cloudfront.net/tyrecat/primacy_4.png","110.38","215","50","18","W","92","","false","B","B","69","2","C1","4.0","MICHELIN","PREMIUM","PRIMACY 4"
"2254018ZBR5098","3286340509817","5098","225/40R18 BRIDGESTONE POTENZA S001 88Y RUNFLAT * (CAR SUMMER)","http://www.etyre.net/preview/t3/br-s001rft.jpg","89.15","225","40","18","Y","88","","true","D","B","71","2","C1","2.0","BRIDGESTONE","PREMIUM","POTENZA S001"
"2453519ZKU2247633","8808956253943","2247633","245/35R19 KUMHO PS71 93Y XL (CAR SUMMER)","https://dcjqgkl774ppl.cloudfront.net/tyrecat/ps71.png","90.27","245","35","19","Y","93","XL","false","D","A","72","2","C1","2.0","KUMHO","MID RANGE PREMIUM","PS71"
"2156017TKU2246953","8808956252915","2246953","215/60R17 KUMHO KC53 104/102T (VAN SUMMER)","https://dcjqgkl774ppl.cloudfront.net/70/MODEL/kc53.jpg","67.73","215","60","17","T","104/102","","false","D","C","72","2","C2","30.0","KUMHO","MID RANGE PREMIUM","KC53"
"2355018VCO0312404000","4019238066005","03124040000","235/50R18 CONTINENTAL ULTRACONTACT 97V (CAR SUMMER)","https://dcjqgkl774ppl.cloudfront.net/tyrecat/continental/ultracontact_ultracontact.png","89.71","235","50","18","V","97","","false","B","A","70","2","C1","5.0","CONTINENTAL","PREMIUM","ULTRACONTACT"
"2353519ZKU2247623","8808956253929","2247623","235/35R19 KUMHO PS71 91Y XL (CAR SUMMER)","https://dcjqgkl774ppl.cloudfront.net/tyrecat/ps71.png","75.9","235","35","19","Y","91","XL","false","D","A","72","2","C1","30.0","KUMHO","MID RANGE PREMIUM","PS71"
"2254019ZBR4961","3286340496117","4961","225/40R19 BRIDGESTONE POTENZA S001 89Y RUNFLAT * (CAR SUMMER)","http://www.etyre.net/preview/t3/br-s001rft.jpg","176.87","225","40","19","Y","89","","true","D","B","71","2","C1","5.0","BRIDGESTONE","PREMIUM","POTENZA S001"
"2753519ZPI2478800","8019227247886","2478800","275/35R19 PIRELLI CINTURATO P7 100Y XL RUNFLAT (*)(MOE) (CAR SUMMER)","http://www.etyre.net/preview/t3/pi-p7cintrft.jpg","169.27","275","35","19","Y","100","XL","true","C","A","70","2","C1","30.0","PIRELLI","PREMIUM","CINTURATO P7"
"2454019ZPI2478700","8019227247879","2478700","245/40R19 PIRELLI CINTURATO P7 98Y XL RUNFLAT (*)(MOE) (CAR SUMMER)","http://www.etyre.net/preview/t3/pi-p7cintrft.jpg","131.39","245","40","19","Y","98","XL","true","C","A","70","2","C1","21.0","PIRELLI","PREMIUM","CINTURATO P7"
"1756515HKU2250033","8808956258559","2250033","175/65R15 KUMHO ES31 84H (CAR SUMMER)","https://dcjqgkl774ppl.cloudfront.net/tyrecat/es31.png","35.63","175","65","15","H","84","","false","B","C","70","2","C1","8.0","KUMHO","MID RANGE PREMIUM","ES31"
"2255018VMI633244","3528706332449","633244","225/50R18 MICHELIN PRIMACY 3 95V (CAR SUMMER)","https://dcjqgkl774ppl.cloudfront.net/70/images/mi-prim3.jpg","118.76","225","50","18","V","95","","false","C","A","69","2","C1","12.0","MICHELIN","PREMIUM","PRIMACY 3"
"2554520ZPI2638200","8019227263824","2638200","255/45R20 PIRELLI SCORPION VERDE 101W (AO) (4X4 / SUV SUMMER)","http://www.etyre.net/preview/t3/pi-scorpverde.jpg","143.77","255","45","20","W","101","","false","C","A","72","2","C1","30.0","PIRELLI","PREMIUM","SCORPION VERDE"
"2454019ZPI2753200","8019227275322","2753200","245/40R19 PIRELLI P-ZERO 94W SEAL INSIDE (CAR SUMMER)","https://dcjqgkl774ppl.cloudfront.net/tyrecat/pzero.png","103.52","245","40","19","W","94","","false","C","A","68","1","C1","4.0","PIRELLI","PREMIUM","P-ZERO"
"2554020ZHAVE1023482","8808563441764","1023482","255/40R20 HANKOOK K117A VENTUS S1 EVO2 SUV 101Y XL AO+ (4X4 / SUV SUMMER)","https://dcjqgkl774ppl.cloudfront.net/70/MODEL/ha-k117.jpg","133.57","255","40","20","Y","101","XL","false","C","A","72","2","C1","6.0","HANKOOK","MID RANGE 2","K117A VENTUS S1 EVO2 SUV"
"2155017ZZE03.076.01","6921109031426","03.076.01","215/50R17 ZETA ALVENTI 95Y XL (CAR SUMMER)","https://dcjqgkl774ppl.cloudfront.net/70/images/ze-alveti.jpg","42.79","215","50","17","Y","95","XL","false","B","B","72","2","","30.0","ZETA","House Brand","ALVENTI"
"2453020ZRARASYCN0838","8886459599171","RASYCN0838","245/30R20 RADAR DIMAX R8+ 97Y XL (CAR SUMMER)","http://omni-united.com/wp-content/uploads/2016/06/dimax-r8-plus.jpg","50.95","245","30","20","Y","97","XL","false","C","B","72","2","C1","16.0","RADAR","BUDGET","DIMAX R8+"
"2354517ZMI710920","3528707109200","710920","235/45R17 MICHELIN PILOT SPORT 4 97Y XL (CAR SUMMER)","https://dcjqgkl774ppl.cloudfront.net/70/MODEL/michps4.png","98.77","235","45","17","Y","97","XL","false","C","A","71","2","C1","9.0","MICHELIN","PREMIUM","PILOT SPORT 4"
"2553519ZDU532704","5452000497192","532704","255/35R19 DUNLOP SPORT MAXX RT 2 96Y XL (CAR SUMMER)","https://dcjqgkl774ppl.cloudfront.net/70/MODEL/sportmaxxrt2.jpg","99.91","255","35","19","Y","96","XL","false","C","A","69","1","C1","1.0","DUNLOP","PREMIUM","SPORT MAXX RT 2"
"2553519ZZE03.083.01-1","6921109031631","03.083.01","255/35R19 ZETA ALVENTI 96Y XL (CAR SUMMER)","https://dcjqgkl774ppl.cloudfront.net/70/images/ze-alveti.jpg","55.03","255","35","19","Y","96","XL","false","C","C","73","2","C1","30.0","ZETA","House Brand","ALVENTI"
"2454020ZMI730630","3528707306302","730630","245/40R20 MICHELIN PILOT SUPER SPORT 99Y XL * (CAR SUMMER)","http://www.etyre.net/preview/t3/mi-superspxl.jpg","190.64","245","40","20","Y","99","XL","false","D","A","71","2","C1","4.0","MICHELIN","PREMIUM","PILOT SUPER SPORT"
"2454519ZUN03610960000","4024068002383","03610960000","245/45R19 UNIROYAL RAINSPORT 5 102Y XL (CAR SUMMER)","https://dcjqgkl774ppl.cloudfront.net/70/model/m_5279_rs5.jpg","105.22","245","45","19","Y","102","XL","false","C","A","72","2","C1","30.0","UNIROYAL","MID RANGE PREMIUM","RAINSPORT 5"
"2355519VUN03610850000","4024068002758","03610850000","235/55R19 UNIROYAL RAINSPORT 5 105V XL (CAR SUMMER)","https://dcjqgkl774ppl.cloudfront.net/70/model/m_5279_rs5.jpg","90.53","235","55","19","V","105","XL","false","C","A","72","2","C1","2.0","UNIROYAL","MID RANGE PREMIUM","RAINSPORT 5"
"2156016TMI767042","3528707670427","767042","215/60R16 MICHELIN AGILIS CROSSCLIMATE 103/101T (VAN ALL SEASON)","http://images.tyresoft.biz/tyrecat/agilis-crossclimate.png","139.66","215","60","16","T","103/101","","false","C","A","73","2","C2","2.0","MICHELIN","PREMIUM","AGILIS CROSSCLIMATE"
"1656013TOV6953913150314","6953913150314","6953913150314","165/60R13 OVATION VI-682 73T (CAR SUMMER)","https://dcjqgkl774ppl.cloudfront.net/70/images/ov-v1682.jpg","21.93","165","60","13","T","73","","false","E","C","71","3","C1","1.0","OVATION","BUDGET WHOLESALE","VI-682"
"2454017ZBR5100","3286340510011","5100","245/40R17 BRIDGESTONE POTENZA S001 91W RUNFLAT * (CAR SUMMER)","http://www.etyre.net/preview/t3/br-s001rft.jpg","113.71","245","40","17","W","91","","true","D","B","71","2","C1","1.0","BRIDGESTONE","PREMIUM","POTENZA S001"
"2056515TTRYSRF19CR1507","6958460930426","YSRF19CR1507","205/65R15 TRACMAX X-PRIVILO RF19 102/100T (VAN SUMMER)","","41.77","205","65","15","T","102/100","","false","C","C","71","B","C2","3.0","TRACMAX","BUDGET","X-PRIVILO RF19"
"2953521ZYOR4550","4968814962302","R4550","295/35R21 YOKOHAMA G057 107W XL (4X4 / SUV SUMMER)","https://dcjqgkl774ppl.cloudfront.net/tyrecat/g057.png","114.19","295","35","21","W","107","XL","false","D","B","74","2","C1","14.0","YOKOHAMA","MID RANGE 2","G057"
"2156516TUN0452341000","4024068006060","04523410000","215/65R16 UNIROYAL RAIN MAX 5 109/106/107T (VAN SUMMER)","https://dcjqgkl774ppl.cloudfront.net/tyrecat/uniroyal/rainmax5_rainmax5.png","79.04","215","65","16","T","109/106/107","","false","C","B","72","2","C2","1.0","UNIROYAL","MID RANGE PREMIUM","RAIN MAX 5"
"2254018ZKU2233183","8808956235413","2233183","225/40R18 KUMHO PS71 88Y RUNFLAT (CAR SUMMER)","https://dcjqgkl774ppl.cloudfront.net/tyrecat/ps71.png","57.83","225","40","18","Y","88","","true","D","B","71","2","C1","6.0","KUMHO","MID RANGE PREMIUM","PS71"
"2157015SUN0452342000","4024068006022","0452342000","215/70R15 UNIROYAL RAIN MAX 5 109/107S (VAN SUMMER)","https://dcjqgkl774ppl.cloudfront.net/tyrecat/uniroyal/rainmax5_rainmax5.png","71.8","215","70","15","S","109/107","","false","C","B","72","2","C2","19.0","UNIROYAL","MID RANGE PREMIUM","RAIN MAX 5"
"2054517VKU2233203","8808956235451","2233203","205/45R17 KUMHO PS71 84V RUNFLAT (CAR SUMMER)","https://dcjqgkl774ppl.cloudfront.net/tyrecat/ps71.png","70.38","205","45","17","V","84","","true","D","C","71","2","C1","4.0","KUMHO","MID RANGE PREMIUM","PS71"
"2453518ZRARASYCN0758","8886459594275","RASYCN0758","245/35R18 RADAR DIMAX R8+ 92Y XL (CAR SUMMER)","http://omni-united.com/wp-content/uploads/2016/06/dimax-r8-plus.jpg","46.87","245","35","18","Y","92","XL","false","C","A","72","2","C1","30.0","RADAR","BUDGET","DIMAX R8+"
"2256516TUN0452340000","4024068006039","04523400000","225/65R16 UNIROYAL RAIN MAX 5 112/110T (VAN SUMMER)","https://dcjqgkl774ppl.cloudfront.net/tyrecat/uniroyal/rainmax5_rainmax5.png","88.33","225","65","16","T","112/110","","false","C","B","72","2","C2","3.0","UNIROYAL","MID RANGE PREMIUM","RAIN MAX 5"
"2954021ZRARASYCN0137","8886459543785","RASYCN0137","295/40R21 RADAR DIMAX R8+ 111Y XL (4X4 / SUV SUMMER)","http://omni-united.com/wp-content/uploads/2016/06/dimax-r8-plus.jpg","88.69","295","40","21","Y","111","XL","false","C","B","75","2","C1","6.0","RADAR","BUDGET","DIMAX R8+"
"2254019ZHA1024289","8808563453811","1024289","225/40R19 HANKOOK VENTUS S1 EVO3 K127 93Y XL REP (CAR SUMMER)","https://dcjqgkl774ppl.cloudfront.net/tyrecat/k127.png","108.59","225","40","19","Y","93","XL","false","C","A","72","2","C1","2.0","HANKOOK","MID RANGE 2","VENTUS S1 EVO3 K127"
"2054517ZVRAP2054517YQPRA02","8714692347122","","205/45R17 VREDESTEIN QUATRAC PRO 88Y XL (CAR ALL SEASON)","https://dcjqgkl774ppl.cloudfront.net/tyrecat/quatrac-pro.png","78.03","205","45","17","Y","88","XL","false","C","C","69","2","C1","5.0","VREDESTEIN","MID RANGE 2","QUATRAC PRO"
"1856515HKU2232143","8808956238384","2232143","185/65R15 KUMHO ES31 88H (CAR SUMMER)","https://dcjqgkl774ppl.cloudfront.net/tyrecat/es31.png","35.7","185","65","15","H","88","","false","C","B","70","2","C1","30.0","KUMHO","MID RANGE PREMIUM","ES31"
"1856515TKU2232153","8808956238391","2232153","185/65R15 KUMHO ES31 88T (CAR SUMMER)","https://dcjqgkl774ppl.cloudfront.net/tyrecat/es31.png","33.12","185","65","15","T","88","","false","C","B","70","2","C1","17.0","KUMHO","MID RANGE PREMIUM","ES31"
"2554018ZHA1019631","8808563393773","1019631","255/40R18 HANKOOK VENTUS S1 EVO3 K127B 99Y XL * RUNFLAT (CAR SUMMER)","https://dcjqgkl774ppl.cloudfront.net/tyrecat/k127b.png","127.9","255","40","18","Y","99","XL","true","B","B","69","1","C1","9.0","HANKOOK","MID RANGE 2","VENTUS S1 EVO3 K127B"
"1956015HKU2232173","8808956238414","2232173","195/60R15 KUMHO ES31 88H (CAR SUMMER)","https://dcjqgkl774ppl.cloudfront.net/tyrecat/es31.png","39.19","195","60","15","H","88","","false","B","B","70","2","C1","6.0","KUMHO","MID RANGE PREMIUM","ES31"
"2055516ZCO0312359000","4019238066616","03123590000","205/55R16 CONTINENTAL ULTRACONTACT 91W (CAR SUMMER)","https://dcjqgkl774ppl.cloudfront.net/tyrecat/continental/ultracontact_ultracontact.png","64.67","205","55","16","W","91","","false","B","A","69","2","C1","1.0","CONTINENTAL","PREMIUM","ULTRACONTACT"
"1956515HKU2232183","8808956238421","2232183","195/65R15 KUMHO ES31 91H (CAR SUMMER)","https://dcjqgkl774ppl.cloudfront.net/tyrecat/es31.png","34.09","195","65","15","H","91","","false","B","B","70","2","C1","30.0","KUMHO","MID RANGE PREMIUM","ES31"
"1756515TKU2232093","8808956238339","2232093","175/65R15 KUMHO ES31 84T (CAR SUMMER)","https://dcjqgkl774ppl.cloudfront.net/tyrecat/es31.png","34.49","175","65","15","T","84","","false","B","C","70","2","C1","23.0","KUMHO","MID RANGE PREMIUM","ES31"
"1856015HKU2232123","8808956238360","2232123","185/60R15 KUMHO ES31 84H (CAR SUMMER)","https://dcjqgkl774ppl.cloudfront.net/tyrecat/es31.png","38.42","185","60","15","H","84","","false","C","B","70","2","C1","22.0","KUMHO","MID RANGE PREMIUM","ES31"
"1856015HKU2232133","8808956238377","2232133","185/60R15 KUMHO ES31 88H XL (CAR SUMMER)","https://dcjqgkl774ppl.cloudfront.net/tyrecat/es31.png","39.54","185","60","15","H","88","XL","false","B","B","70","2","C1","13.0","KUMHO","MID RANGE PREMIUM","ES31"
"2254018ZRARASYCN0751","8886459594206","RASYCN0751","225/40R18 RADAR DIMAX R8+ 92Y XL RUNFLAT (CAR SUMMER)","http://omni-united.com/wp-content/uploads/2016/06/dimax-r8-plus.jpg","61.15","225","40","18","Y","92","XL","true","D","A","72","2","C1","2.0","RADAR","BUDGET","DIMAX R8+"
"1856014HKU2232043","8808956238285","2232043","185/60R14 KUMHO ES31 82H (CAR SUMMER)","https://dcjqgkl774ppl.cloudfront.net/tyrecat/es31.png","33.72","185","60","14","H","82","","false","B","B","70","2","C1","10.0","KUMHO","MID RANGE PREMIUM","ES31"
"1856514TKU2232063","8808956238308","2232063","185/65R14 KUMHO ES31 86T (CAR SUMMER)","https://dcjqgkl774ppl.cloudfront.net/tyrecat/es31.png","35.83","185","65","14","T","86","","false","B","B","70","2","C1","3.0","KUMHO","MID RANGE PREMIUM","ES31"
"2254018ZHA1020261","8808563402833","1020261","225/40R18 HANKOOK VENTUS S1 EVO3 K127 92Y XL AO (CAR SUMMER)","https://dcjqgkl774ppl.cloudfront.net/tyrecat/k127.png","63.32","225","40","18","Y","92","XL","false","D","A","72","2","C1","3.0","HANKOOK","MID RANGE 2","VENTUS S1 EVO3 K127"
"1657014TKU2231973","8808956238216","2231973","165/70R14 KUMHO ES31 81T (CAR SUMMER)","https://dcjqgkl774ppl.cloudfront.net/tyrecat/es31.png","30.15","165","70","14","T","81","","false","C","C","70","2","C1","4.0","KUMHO","MID RANGE PREMIUM","ES31"
"2255017ZHA1019621","8808563393674","1019621","225/50R17 HANKOOK VENTUS S1 EVO3 K127* 98Y XL (CAR SUMMER)","https://dcjqgkl774ppl.cloudfront.net/tyrecat/k127.png","74.41","225","50","17","Y","98","XL","false","A","B","69","1","C1","30.0","HANKOOK","MID RANGE 2","VENTUS S1 EVO3 K127"
"1757014TKU2232013","8808956238254","2232013","175/70R14 KUMHO ES31 84T (CAR SUMMER)","https://dcjqgkl774ppl.cloudfront.net/tyrecat/es31.png","37.26","175","70","14","T","84","","false","C","B","70","2","C1","4.0","KUMHO","MID RANGE PREMIUM","ES31"
"1856015HTO4070000","4981910541592","4070000","185/60R15 TOYO PXCM 88H XL (CAR SUMMER)","https://dcjqgkl774ppl.cloudfront.net/70/model/m_6193_pxcm.png","38.33","185","60","15","H","88","XL","false","C","A","70","2","C1","1.0","TOYO","MID RANGE PREMIUM","PXCM"
"2056016HKU2231613","8808956238087","2231613","205/60R16 KUMHO ES31 92H (CAR SUMMER)","https://dcjqgkl774ppl.cloudfront.net/tyrecat/es31.png","47.07","205","60","16","H","92","","false","B","C","70","2","C1","1.0","KUMHO","MID RANGE PREMIUM","ES31"
"2354019ZTO4083100","4981910564027","4083100","235/40R19 TOYO PROXES SPORT 2 96Y XL (CAR SUMMER)","https://dcjqgkl774ppl.cloudfront.net/tyrecat/toyo/proxessport2_proxes-sport-2.png","101.98","235","40","19","Y","96","XL","false","D","A","71","2","C1","1.0","TOYO","MID RANGE PREMIUM","PROXES SPORT 2"
"1656514TKU2231963","8808956238209","2231963","165/65R14 KUMHO ES31 79T (CAR SUMMER)","https://dcjqgkl774ppl.cloudfront.net/tyrecat/es31.png","30.44","165","65","14","T","79","","false","C","C","70","2","C1","2.0","KUMHO","MID RANGE PREMIUM","ES31"
"1556514TKU2231953","8808956238193","2231953","155/65R14 KUMHO ES31 75T (CAR SUMMER)","https://dcjqgkl774ppl.cloudfront.net/tyrecat/es31.png","29.99","155","65","14","T","75","","false","C","C","70","2","C1","30.0","KUMHO","MID RANGE PREMIUM","ES31"
"2454520ZTO4083500","4981910564560","4083500","245/45R20 TOYO PROXES SPORT 2 103Y XL (CAR SUMMER)","https://dcjqgkl774ppl.cloudfront.net/tyrecat/toyo/proxessport2_proxes-sport-2.png","94.48","245","45","20","Y","103","XL","false","C","A","71","2","C1","1.0","TOYO","MID RANGE PREMIUM","PROXES SPORT 2"
"2055516VKU2245603","8808956250874","2245603","205/55R16 KUMHO PS71 91V RUNFLAT (CAR SUMMER)","https://dcjqgkl774ppl.cloudfront.net/tyrecat/ps71.png","44.32","205","55","16","V","91","","true","D","C","71","2","C1","1.0","KUMHO","MID RANGE PREMIUM","PS71"
"2656018HBR6514","3286340651417","6514","265/60R18 BRIDGESTONE DUELER H/T 684 II 110H (4X4 / SUV SUMMER)","http://www.etyre.net/preview/t3/br-d684ii.jpg","95.83","265","60","18","H","110","","false","C","D","72","2","C1","30.0","BRIDGESTONE","PREMIUM","DUELER H/T 684 II"
"2553518ZRARASYCN0768","8886459594374","RASYCN0768","255/35R18 RADAR DIMAX R8+ 94Y XL RUNFLAT (CAR SUMMER)","http://omni-united.com/wp-content/uploads/2016/06/dimax-r8-plus.jpg","69.31","255","35","18","Y","94","XL","true","D","A","73","2","C1","30.0","RADAR","BUDGET","DIMAX R8+"
"2554018ZKUPASSP9RFT","6974845082153","23602KU","255/40R18 KUSTONE PASSION P9 99W XL RUNFLAT (CAR SUMMER)","","63.19","255","40","18","W","98","","true","C","B","71","2","C1","6.0","KUSTONE","BUDGET WHOLESALE","PASSION P9"
"2553519ZRARASYCN0766","8886459594350","RASYCN0766","255/35R19 RADAR DIMAX R8+ 96Y XL RUNFLAT (CAR SUMMER)","http://omni-united.com/wp-content/uploads/2016/06/dimax-r8-plus.jpg","76.45","255","35","19","Y","96","XL","true","D","A","73","2","C1","30.0","RADAR","BUDGET","DIMAX R8+"
"2853522ZKUPASSIONP9S","6974845082993","220111KU","285/35R22 KUSTONE PASSION P9S 106W XL (4X4 / SUV SUMMER)","","59.11","285","35","22","W","106","","false","B","B","73","2","","4.0","KUSTONE","BUDGET WHOLESALE","PASSION P9S"
"2253519ZRARASYCN0769","8886459594381","RASYCN0769","225/35R19 RADAR DIMAX R8+ 88Y XL (CAR SUMMER)","http://omni-united.com/wp-content/uploads/2016/06/dimax-r8-plus.jpg","47.89","225","35","19","Y","88","XL","false","C","A","72","2","C1","12.0","RADAR","BUDGET","DIMAX R8+"
"2054517ZDE6768","6924590246768","","205/45R17 DELMAX ULTIMEPRO UP1 88W XL (CAR SUMMER)","","29.07","205","45","17","W","88","XL","false","C","B","72","2","C1","30.0","DELMAX","BUDGET WHOLESALE","ULTIMEPRO UP1"
"3054020ZVRAP30540020YUPRA02","8714692805240","AP30540020YUPRA02","305/40R20 VREDESTEIN ULTRAC PRO 112Y XL (4X4 / SUV SUMMER)","https://dcjqgkl774ppl.cloudfront.net/70/model/m_8060_vredesteinultracpro.png","114.61","305","40","20","Y","112","XL","false","B","A","72","2","C1","4.0","VREDESTEIN","MID RANGE 2","ULTRAC PRO"
"1958015SKU2247403","8808956253363","2247403","195/80R15 KUMHO AT61 100S XL (4X4 / SUV SUMMER)","https://dcjqgkl774ppl.cloudfront.net/tyrecat/at61.png","50.76","195","80","15","S","100","XL","false","D","D","72","2","C1","3.0","KUMHO","MID RANGE PREMIUM","AT61"
"1857516RKU2246823","8808956252786","2246823","185/75R16 KUMHO KC53 104/102R (VAN SUMMER)","https://dcjqgkl774ppl.cloudfront.net/tyrecat/kc53.png","53.75","185","75","16","R","104/102","","false","D","C","72","2","C2","19.0","KUMHO","MID RANGE PREMIUM","KC53"
"2154517ZRADSC0584","8886459530518","DSC0584","215/45R17 RADAR DIMAX R8 91Y XL (CAR SUMMER)","https://dcjqgkl774ppl.cloudfront.net/70/MODEL/dimaxr8_(45).jpg","39.27","215","45","17","Y","91","XL","false","C","B","72","2","C1","30.0","RADAR","BUDGET","DIMAX R8"
"2555518ZRARASYCN0412","8886459588397","RASYCN0412","255/55R18 RADAR DIMAX R8+ 109Y XL (4X4 / SUV SUMMER)","http://omni-united.com/wp-content/uploads/2016/06/dimax-r8-plus.jpg","61.15","255","55","18","Y","109","XL","false","C","A","73","2","C1","20.0","RADAR","BUDGET","DIMAX R8+"
"2253518ZRARASYCN0391","8886459588182","RASYCN0391","225/35R18 RADAR DIMAX R8+ 87Y XL (CAR SUMMER)","http://omni-united.com/wp-content/uploads/2016/06/dimax-r8-plus.jpg","44.83","225","35","18","Y","87","XL","false","C","A","72","2","C1","5.0","RADAR","BUDGET","DIMAX R8+"
"2854020ZKU494027","6974845082702","213661KU","285/40R20 KUSTONE PASSION P9S 108W XL (4X4 / SUV SUMMER)","","77.47","285","40","20","W","108","XL","false","B","B","72","2","C1","19.0","KUSTONE","BUDGET WHOLESALE","PASSION P9S"
"2254019ZKU2230783","8808956234065","2230783","225/40R19 KUMHO PS71 93Y XL (CAR SUMMER)","https://dcjqgkl774ppl.cloudfront.net/tyrecat/ps71.png","85.55","225","40","19","Y","93","XL","false","D","A","72","2","C1","5.0","KUMHO","MID RANGE PREMIUM","PS71"
"2254019ZRARASYCN0772","8886459594411","RASYCN0772","225/40R19 RADAR DIMAX R8+ 93Y XL RUNFLAT (CAR SUMMER)","http://omni-united.com/wp-content/uploads/2016/06/dimax-r8-plus.jpg","79.51","225","40","19","Y","93","XL","true","D","A","71","2","C1","30.0","RADAR","BUDGET","DIMAX R8+"
"2354519VRARASYCN0775","8886459594442","RASYCN0775","235/45R19 RADAR DIMAX R8+ 95V RUNFLAT (4X4 / SUV SUMMER)","http://omni-united.com/wp-content/uploads/2016/06/dimax-r8-plus.jpg","75.43","235","45","19","V","95","","true","D","A","71","2","C1","19.0","RADAR","BUDGET","DIMAX R8+"
"2657016TKU2203503","8808956159153","2203503","265/70R16 KUMHO AT61 112T (4X4 / SUV SUMMER)","https://dcjqgkl774ppl.cloudfront.net/tyrecat/at61.png","81.66","265","70","16","T","112","","false","D","D","72","2","C1","1.0","KUMHO","MID RANGE PREMIUM","AT61"
"2054517ZHA1022631","8808563431598","1022631","205/45R17 HANKOOK VENTUS S1 EVO3 K127B * 88W XL RUNFLAT (CAR SUMMER)","https://dcjqgkl774ppl.cloudfront.net/tyrecat/k127b.png","85.11","205","45","17","W","88","XL","true","B","B","67","1","C1","6.0","HANKOOK","MID RANGE 2","VENTUS S1 EVO3 K127B"
"2554020VCO0312875000","4019238074253","03128750000","255/40R20 CONTINENTAL CONTISPORTCONTACT 5 101V XL (CAR SUMMER)","https://dcjqgkl774ppl.cloudfront.net/70/images/cn-sc5.jpg","150.32","255","40","20","V","101","XL","false","B","A","73","2","C1","2.0","CONTINENTAL","PREMIUM","CONTISPORTCONTACT 5"
"2054017ZRADSC0581","8886459530488","DSC0581","205/40R17 RADAR DIMAX R8 84Y XL (CAR SUMMER)","https://dcjqgkl774ppl.cloudfront.net/70/MODEL/dimaxr8_(45).jpg","35.19","205","40","17","Y","84","XL","false","D","B","72","2","C1","30.0","RADAR","BUDGET","DIMAX R8"
"1955516ZHA1022629","8808563431574","1022629","195/55R16 HANKOOK VENTUS PRIME 3 K125 87W * (CAR SUMMER)","https://dcjqgkl774ppl.cloudfront.net/tyrecat/k125.png","70.99","195","55","16","W","87","","false","A","B","67","1","C1","1.0","HANKOOK","MID RANGE 2","VENTUS PRIME 3 K125"
"2454018ZRARASYCN0761","8886459594305","RASYCN0761","245/40R18 RADAR DIMAX R8+ 97Y XL RUNFLAT (CAR SUMMER)","http://omni-united.com/wp-content/uploads/2016/06/dimax-r8-plus.jpg","72.37","245","40","18","Y","97","XL","true","D","A","72","2","C1","22.0","RADAR","BUDGET","DIMAX R8+"
"2057516RZEZTR18","6921109019264","03.161.01","205/75R16 ZETA ZTR18 110/108R 8PLY (VAN SUMMER)","https://dcjqgkl774ppl.cloudfront.net/70/images/ze-ztr18.jpg","52.99","205","75","16","R","110/108","","false","C","C","72","2","C1","20.0","ZETA","House Brand","ZTR18"
"2754020ZRARASYCN0784","8886459594534","RASYCN0784","275/40R20 RADAR DIMAX R8+ 106Y XL (4X4 / SUV SUMMER)","http://omni-united.com/wp-content/uploads/2016/06/dimax-r8-plus.jpg","67.27","275","40","20","Y","106","XL","false","C","A","73","2","C1","30.0","RADAR","BUDGET","DIMAX R8+"
"1957516RZEZTR18","6921109019271","03.160.01","195/75R16 ZETA ZTR18 107/105R 8PLY (VAN SUMMER)","https://dcjqgkl774ppl.cloudfront.net/70/images/ze-ztr18.jpg","50.95","195","75","16","R","107/105","","false","C","C","72","2","C2","30.0","ZETA","House Brand","ZTR18"
"2553519ZHA1024297","8808563453897","1024297","255/35R19 HANKOOK VENTUS S1 EVO3 K127 96Y XL REP (CAR SUMMER)","https://dcjqgkl774ppl.cloudfront.net/tyrecat/k127.png","93.69","255","35","19","Y","96","XL","false","C","A","73","2","C1","6.0","HANKOOK","MID RANGE 2","VENTUS S1 EVO3 K127"
"2554019ZHA1025924","8808563473826","1025924","255/40R19 HANKOOK VENTUS S1 EVO3 K127* 100Y XL BMW (CAR SUMMER)","https://dcjqgkl774ppl.cloudfront.net/tyrecat/k127.png","109.3","255","40","19","Y","100","XL","false","A","A","69","1","C1","30.0","HANKOOK","MID RANGE 2","VENTUS S1 EVO3 K127"
"2055517ZZEALVENTI","6921109019356","03.168.01","205/55R17 ZETA ALVENTI 95W XL (CAR SUMMER)","https://dcjqgkl774ppl.cloudfront.net/70/images/ze-alveti.jpg","45.85","205","55","17","W","95","XL","false","C","B","72","2","C1","30.0","ZETA","House Brand","ALVENTI"
"2753518ZTO3844900","4981910782858","3844900","275/35R18 TOYO PXR888R 95Y (CAR SUMMER)","https://dcjqgkl774ppl.cloudfront.net/tyrecat/pxr8r.png","102.97","275","35","18","Y","95","","false","D","D","72","2","","4.0","TOYO","MID RANGE PREMIUM","PROXES R888R"
"2156515RZEZTR18","6921109019257","03.162.01","215/65R15 ZETA ZTR18 104/102T 6PLY (VAN SUMMER)","https://dcjqgkl774ppl.cloudfront.net/70/images/ze-ztr18.jpg","50.95","125","65","15","T","104/102","","false","C","C","72","2","C2","30.0","ZETA","House Brand","ZTR18"
"2155018VTO3397300","4981910507390","3397300","215/50R18 TOYO PXR52A 92V (CAR SUMMER)","https://dcjqgkl774ppl.cloudfront.net/tyrecat/pxr1r.png","70.33","215","50","18","V","92","","false","B","C","68","1","C1","27.0","TOYO","MID RANGE PREMIUM","PXR52A"
"2454019ZHA1025923","8808563473819","1025923","245/40R19 HANKOOK VENTUS S1 EVO3 K127* 98Y XL BMW (CAR SUMMER)","https://dcjqgkl774ppl.cloudfront.net/tyrecat/k127.png","97.87","245","40","19","Y","98","XL","false","A","A","69","1","C1","30.0","HANKOOK","MID RANGE 2","VENTUS S1 EVO3 K127"
"2256017VRADSC0588","8886459530556","DSC0588","225/60R17 RADAR DIMAX R8 103V XL (4X4 / SUV SUMMER)","https://dcjqgkl774ppl.cloudfront.net/70/MODEL/dimaxr8_(45).jpg","48.93","225","60","17","V","103","XL","false","C","B","72","2","C1","30.0","RADAR","BUDGET","DIMAX R8"
"2754521ZPI3257700","8019227325775","3257700","275/45R21 PIRELLI SCORPION VERDE ALL S 110W XL (LR)NCS (4X4 / SUV SUMMER)","https://dcjqgkl774ppl.cloudfront.net/70/images/pi-verde.jpg","170.61","275","45","21","W","110","XL","false","C","B","72","2","C1","9.0","PIRELLI","PREMIUM","SCORPION VERDE ALL S"
"31105015STO3833600","4981910514848","3833600","31/10.50R15 TOYO OPAT+ 109S (4X4 / SUV SUMMER)","https://dcjqgkl774ppl.cloudfront.net/70/MODEL/to-openat.jpg","88.79","31","1050","15","S","109","","false","D","D","72","2","C1","2.0","TOYO","MID RANGE PREMIUM","OPAT+"
"2355518VPI3259100","8019227325911","","235/55R18 PIRELLI P-ZERO 100V (VOL) (4X4 / SUV SUMMER)","http://images.tyresoft.biz/tyrecat/pzero.png","97.2","235","55","18","V","100","","false","B","A","70","2","C1","1.0","PIRELLI","PREMIUM","P-ZERO"
"2255519VTO3394300","4981910793335","3394300","225/55R19 TOYO PXR46 99V OE MAZDA CX5 (4X4 / SUV SUMMER)","https://dcjqgkl774ppl.cloudfront.net/tyrecat/pxr46.png","82.57","225","55","19","V","99","","false","C","C","69","2","C1","21.0","TOYO","MID RANGE PREMIUM","PXR46"
"2753020ZTO4013000","4981910500940","4013000","275/30R20 TOYO PXSP 97Y XL (CAR SUMMER)","https://dcjqgkl774ppl.cloudfront.net/tyrecat/pxsp-proxes_sport.jpg","82.57","275","30","20","Y","97","XL","false","C","A","72","2","C1","4.0","TOYO","MID RANGE PREMIUM","PXSP"
"2653019ZTO4012800","4981910500926","4012800","265/30R19 TOYO PXSP 93Y XL (CAR SUMMER)","https://dcjqgkl774ppl.cloudfront.net/tyrecat/pxsp-proxes_sport.jpg","82.57","265","30","19","Y","93","XL","false","D","A","72","2","C1","10.0","TOYO","MID RANGE PREMIUM","PXSP"
"2556018STO3984600","4981910797333","3984600","255/60R18 TOYO OPA33A 108S (4X4 / SUV SUMMER)","https://dcjqgkl774ppl.cloudfront.net/tyrecat/opa33a.png","82.57","255","60","18","S","108","","false","D","C","71","2","C1","30.0","TOYO","MID RANGE PREMIUM","OPA33A"
"2353020ZTO4013500","4981910500971","4013500","235/30R20 TOYO PXSP 88Y XL (CAR SUMMER)","https://dcjqgkl774ppl.cloudfront.net/tyrecat/pxsp-proxes_sport.jpg","72.37","235","30","20","Y","88","XL","false","D","A","70","2","C1","9.0","TOYO","MID RANGE PREMIUM","PXSP"
"2355520VBR9441","3286340944113","09441","235/55R20 BRIDGESTONE DUELER H/L 33A 102V (4X4 / SUV SUMMER)","http://images.tyresoft.biz/70/MODEL/duelerhl33a.jpg","156.95","235","55","20","V","102","","false","D","C","069","2","C1","3.0","BRIDGESTONE","PREMIUM","DUELER H/L 33A"
"2953019ZTO4013600","4981910501121","4013600","295/30R19 TOYO PXSP 100Y XL (CAR SUMMER)","https://dcjqgkl774ppl.cloudfront.net/tyrecat/pxsp-proxes_sport.jpg","123.22","295","30","19","Y","100","XL","false","C","A","72","1","C1","2.0","TOYO","MID RANGE PREMIUM","PXSP"
"2256017VTO1033200","4981910789642","1033200","225/60R17 TOYO OPUT 99V (4X4 / SUV SUMMER)","https://dcjqgkl774ppl.cloudfront.net/tyrecat/oput.png","67.27","225","60","17","V","99","","false","D","C","71","2","C1","16.0","TOYO","MID RANGE PREMIUM","OPUT"
"2453518ZCO350740000","4019238456257","03507400000","245/35R18 CONTINENTAL CONTISPORTCONTACT 5 92Y XL MO (CAR SUMMER)","https://dcjqgkl774ppl.cloudfront.net/70/images/cn-sc5.jpg","108.69","245","35","18","Y","92","XL","false","C","B","72","2","C1","2.0","CONTINENTAL","PREMIUM","CONTISPORTCONTACT 5"
"2355019ZTO4019200","4981910515708","4019200","235/50R19 TOYO PXSPS 99W (CAR SUMMER)","https://dcjqgkl774ppl.cloudfront.net/tyrecat/pxsps.png","77.47","235","50","19","W","99","","false","D","A","70","2","C1","19.0","TOYO","MID RANGE PREMIUM","PROXES SPORT"
"1955516VYOR2597","4968814927660","R2597","195/55R16 YOKOHAMA ADVAN DB V552 87V (CAR SUMMER)","https://dcjqgkl774ppl.cloudfront.net/tyrecat/yokohama/v552_yoko-v552.png","56.05","195","55","16","V","87","","false","C","A","67","1","C1","1.0","YOKOHAMA","MID RANGE 2","ADVAN DB V552"
"2157016TTO4031300","4981910515746","4031300","215/70R16 TOYO NEVA 108/106T (VAN SUMMER)","https://dcjqgkl774ppl.cloudfront.net/tyrecat/neva.png","56.05","215","70","16","T","108/106","","false","C","B","70","2","C2","26.0","TOYO","MID RANGE PREMIUM","NEVA"
"1855515HTO4068900","4981910540984","4068900","185/55R15 TOYO PXCM 82H (CAR SUMMER)","https://dcjqgkl774ppl.cloudfront.net/70/model/m_6193_pxcm.png","42.65","185","55","15","H","82","","false","C","A","70","2","C1","7.0","TOYO","MID RANGE PREMIUM","PXCM"
"2254018ZTO4068100","4981910540953","4068100","225/40R18 TOYO PXCM 92W XL (CAR SUMMER)","https://dcjqgkl774ppl.cloudfront.net/70/model/m_6193_pxcm.png","47.89","225","40","18","W","92","XL","false","C","A","70","2","","30.0","TOYO","MID RANGE PREMIUM","PXCM"
"2056515HHA1027451","8808563521527","1027451","205/65R15 HANKOOK VENTUS PRIME3 K125 99H XL VOLKSWAGEN (CAR SUMMER)","https://dcjqgkl774ppl.cloudfront.net/tyrecat/k125.png","66.73","205","65","15","H","99","XL","false","A","B","70","2","C1","20.0","HANKOOK","MID RANGE 2","VENTUS PRIME3 K125"
"2156516HKU2233273","8808956235529","2233273","215/65R16 KUMHO HP91 98H (4X4 / SUV SUMMER)","https://dcjqgkl774ppl.cloudfront.net/tyrecat/hp91.png","52.83","215","65","16","H","98","","false","D","C","71","2","C2","4.0","KUMHO","MID RANGE PREMIUM","HP91"
"2254517ZKU2233173","8808956235390","2233173","225/45R17 KUMHO PS71 91W RUNFLAT (CAR SUMMER)","https://dcjqgkl774ppl.cloudfront.net/tyrecat/ps71.png","53.1","225","45","17","W","91","","true","D","C","71","2","C1","14.0","KUMHO","MID RANGE PREMIUM","PS71"
"2254518ZTO4068500","4981910540960","4068500","225/45R18 TOYO PXCM 95W XL (CAR SUMMER)","https://dcjqgkl774ppl.cloudfront.net/70/model/m_6193_pxcm.png","71.36","225","45","18","W","95","XL","false","C","A","70","2","C1","1.0","TOYO","MID RANGE PREMIUM","PXCM"
"1856515TKU2232163","8808956238407","2232163","185/65R15 KUMHO ES31 92T XL (CAR SUMMER)","https://dcjqgkl774ppl.cloudfront.net/tyrecat/es31.png","35.83","185","65","15","T","92","XL","false","C","B","70","2","C1","3.0","KUMHO","MID RANGE PREMIUM","ES31"
"1956515TKU2232203","8808956238445","2232203","195/65R15 KUMHO ES31 95T XL (VAN SUMMER)","https://dcjqgkl774ppl.cloudfront.net/tyrecat/es31.png","36.91","195","65","15","T","95","XL","false","B","B","70","2","C1","30.0","KUMHO","MID RANGE PREMIUM","ES31"
"2255517ZHA1028487","8808563536637","1028487","225/55R17 HANKOOK VENTUS PRIME 4 (2 PLACES) K135 101W XL (CAR SUMMER)","https://dcjqgkl774ppl.cloudfront.net/tyrecat/hankook/ventusprime4(2places)k135_k135.png","77.47","225","55","17","W","101","XL","false","B","A","69","1","C1","30.0","HANKOOK","MID RANGE 2","VENTUS PRIME 4 (2 PLACES) K135"
"3154021ZTO3833200","4981910519675","3833200","315/40R21 TOYO PXSPS 111Y (4X4 / SUV SUMMER)","https://dcjqgkl774ppl.cloudfront.net/tyrecat/pxsps.png","119.29","315","40","21","Y","111","","false","C","A","72","2","C1","8.0","TOYO","MID RANGE PREMIUM","PXSPS"
"2656517QYOE5244","4548515010061","E5244","265/65R17 YOKOHAMA GEOLANDAR M/T G003 *POR 120/117Q (4X4 / SUV SUMMER)","https://dcjqgkl774ppl.cloudfront.net/tyrecat/g003.jpg","129.49","265","65","17","Q","120/117","","false","NA","NA","NA","NA","C1","2.0","YOKOHAMA","MID RANGE 2","GEOLANDAR M/T G003 *POR"
"2253519ZKU2230813","8808956234126","2230813","225/35R19 KUMHO PS71 88Y XL (CAR SUMMER)","https://dcjqgkl774ppl.cloudfront.net/tyrecat/ps71.png","76.57","225","35","19","Y","88","XL","false","D","A","72","2","C1","30.0","KUMHO","MID RANGE PREMIUM","PS71"
"2154518ZKU2230793","8808956234089","2230793","215/45R18 KUMHO PS71 93Y XL (CAR SUMMER)","https://dcjqgkl774ppl.cloudfront.net/tyrecat/ps71.png","72.01","215","45","18","Y","93","XL","false","D","B","72","2","C1","15.0","KUMHO","MID RANGE PREMIUM","PS71"
"2754519ZNE13620","8807622362002","13620","275/45R19 NEXEN NFERA-RU1 108Y (4X4 / SUV SUMMER)","https://dcjqgkl774ppl.cloudfront.net/tyrecat/nfera_ru1.png","102.51","275","45","19","Y","108","","false","C","A","72","2","C1","3.0","NEXEN","BUDGET","NFERA-RU1"
"2454019ZKU2230773","8808956234041","2230773","245/40R19 KUMHO PS71 98Y XL (CAR SUMMER)","https://dcjqgkl774ppl.cloudfront.net/tyrecat/ps71.png","82.23","245","40","19","Y","98","XL","false","D","A","72","2","C1","15.0","KUMHO","MID RANGE PREMIUM","PS71"
"2255517ZRADSC0444","8886459525033","DSC0444","225/55R17 RADAR DIMAX R8+ 101Y XL (CAR SUMMER)","https://dcjqgkl774ppl.cloudfront.net/tyrecat/dimax-r8-plus.jpg","44.83","225","55","17","Y","101","XL","false","C","B","72","2","C1","30.0","RADAR","BUDGET","DIMAX R8+"
"1656515TKU2232083","8808956238322","2232083","165/65R15 KUMHO ES31 81T (CAR SUMMER)","https://dcjqgkl774ppl.cloudfront.net/tyrecat/es31.png","35.33","165","65","15","T","81","","false","B","C","70","2","C1","1.0","KUMHO","MID RANGE PREMIUM","ES31"
"2454519ZPI2546000","8019227254600","2546000","245/45R19 PIRELLI PZERO 102Y XL (*) (CAR SUMMER)","https://dcjqgkl774ppl.cloudfront.net/70/images/pi-pzero.jpg","134.63","245","45","19","Y","102","XL","false","C","B","68","1","C1","1.0","PIRELLI","PREMIUM","PZERO"
"1855516VKU2305473","8808956319762","2305473","185/55R16 KUMHO HS52 83V (CAR SUMMER)","https://dcjqgkl774ppl.cloudfront.net/70/model/m_6801_kumho-ecsta-hs52.png","50.15","185","55","16","V","83","","false","D","A","70","2","C1","1.0","KUMHO","MID RANGE PREMIUM","HS52"
"351220SRARZD0050","8886459516680","RZD0050","35/12.50R20 RADAR RENEGADE A/T AT-5 121S (4X4 / SUV SUMMER)","https://dcjqgkl774ppl.cloudfront.net/tyrecat/renegade-at5.jpg","128.47","35","12.5","20","S","121","","false","C","C","72","2","C1","6.0","RADAR","BUDGET","RENEGADE A/T AT-5"
"2554020ZCO0358189000","4019238062687","03581890000","255/40R20 CONTINENTAL SPORTCONTACT 6 101Y XL AO1 (CAR SUMMER)","https://dcjqgkl774ppl.cloudfront.net/tyrecat/sportcontact-6-tire-image.png","142.85","255","40","20","Y","101","XL","false","B","A","73","2","C1","3.0","CONTINENTAL","PREMIUM","SPORTCONTACT 6"
"1855016VKU2305463","8808956319755","2305463","185/50R16 KUMHO HS52 81V (CAR SUMMER)","https://dcjqgkl774ppl.cloudfront.net/70/model/m_6801_kumho-ecsta-hs52.png","47.3","185","50","16","V","81","","false","D","A","70","2","C1","15.0","KUMHO","MID RANGE PREMIUM","HS52"
"1856514HTRXPRIV","6956647619980","TX2R1414","185/65R14 TRACMAX X-PRIVILO TX2 86H (CAR SUMMMER)","https://dcjqgkl774ppl.cloudfront.net/tyrecat/x-privilotx2.png","22.95","185","65","14","H","86","","false","C","C","70","2","C1","30.0","TRACMAX","BUDGET","X-PRIVILO TX2"
"2355519VKU6301363","8808956316990","6301363","235/55R19 KUMHO PS71 K-SILENT EV 105V XL (4X4 / SUV SUMMER)","https://dcjqgkl774ppl.cloudfront.net/tyrecat/ps71.png","92.37","235","55","19","V","105","XL","false","A","B","72","2","C1","28.0","KUMHO","MID RANGE PREMIUM","PS71"
"2655020VRARZD0052","8886459507893","RZD0052","265/50R20 RADAR RENEGADE A/T AT-5 112V XL (4X4 / SUV SUMMER)","https://dcjqgkl774ppl.cloudfront.net/tyrecat/renegade-at5.jpg","84.61","265","50","20","V","112","XL","false","D","D","72","2","C1","14.0","RADAR","BUDGET","RENEGADE A/T AT-5"
"1856014HTRXPRIV","6956647619942","TX2R1413","185/60R14 TRACMAX X-PRIVILO TX2 82H (CAR SUMMER)","https://dcjqgkl774ppl.cloudfront.net/70/MODEL/tracmaxx-privilotx2.png","21.93","185","60","14","H","82","","false","C","C","70","2","C1","17.0","TRACMAX","BUDGET","X-PRIVILO TX2"
"2156017VKU2304703","8808956318833","2304703","215/60R17 KUMHO HS52 100V XL (4X4 / SUV SUMMER)","https://dcjqgkl774ppl.cloudfront.net/70/model/m_6801_kumho-ecsta-hs52.png","64.57","215","60","17","V","100","XL","false","C","A","72","2","C1","23.0","KUMHO","MID RANGE PREMIUM","HS52"
"2553519ZCO0358977","4019238013856","03589770000","255/35R19 CONTINENTAL CONTISPORTCONTACT 5P AO 96Y XL (CAR SUMMER)","https://www.etyre.net/preview/t3/co-csc5.jpg","115.11","255","35","19","Y","96","XL","false","D","A","73","2","C1","1.0","CONTINENTAL","PREMIUM","CONTISPORTCONTACT 5P"
"1956515TTRTX2","6956647620085","TX2R1518","195/65R15 TRACMAX XPRIVILO TX2 95T XL (VAN SUMMER)","https://dcjqgkl774ppl.cloudfront.net/70/MODEL/tracmaxx-privilotx2.png","28.05","195","65","15","T","95","XL","false","C","C","70","2","C1","9.0","TRACMAX","BUDGET","X-PRIVILO TX2"
"1956015VTRTX2","6956647620061","TX2R1515","195/60R15 TRACMAX X-PRIVILO TX2 88V (CAR SUMMER)","https://dcjqgkl774ppl.cloudfront.net/70/MODEL/tracmaxx-privilotx2.png","26.01","195","60","15","V","88","","false","C","C","70","2","C1","30.0","TRACMAX","BUDGET","X-PRIVILO TX2"
"2055517VCO0311749000","4019238046823","0311749","205/55R17 CONTINENTAL PREMIUMCONTACT 6 95V XL (CAR SUMMER)","https://dcjqgkl774ppl.cloudfront.net/70/model/m_3564_continentalpremiumcontact.jpg","86.45","205","55","17","V","95","XL","false","C","A","72","2","C1","4.0","CONTINENTAL","PREMIUM","PREMIUMCONTACT 6"
"2654021ZCO0313024000","4019238078237","03130240000","265/40R21 CONTINENTAL SPORTCONTACT 7 105Y XL MO1 (CAR SUMMER)","https://dcjqgkl774ppl.cloudfront.net/tyrecat/continental/sportcontact7_sportcontact7.jpg","178.97","265","40","21","Y","105","XL","false","C","B","73","2","C1","4.0","CONTINENTAL","PREMIUM","SPORTCONTACT 7"
"1857014TTRXPRIV","6956647620030","TX2R1415","185/70R14 TRACMAX X-PRIVILO TX2 88T (CAR SUMMER)","https://dcjqgkl774ppl.cloudfront.net/70/MODEL/tracmaxx-privilotx2.png","22.95","185","70","14","T","88","","false","C","C","70","2","C1","30.0","TRACMAX","BUDGET","X-PRIVILO TX2"
"2254518ZCO0313160000","4019238078978","03131600000","225/45R18 CONTINENTAL SPORTCONTACT 7 95Y XL (CAR SUMMER)","https://dcjqgkl774ppl.cloudfront.net/tyrecat/continental/sportcontact7_sportcontact7.jpg","105.4","225","45","18","Y","95","XL","false","D","A","72","2","C1","5.0","CONTINENTAL","PREMIUM","SPORTCONTACT 7"
"2354018ZCO0313161000","4019238078916","03131610000","235/40R18 CONTINENTAL SPORTCONTACT 7 95Y XL (CAR SUMMER)","https://dcjqgkl774ppl.cloudfront.net/tyrecat/continental/sportcontact7_sportcontact7.jpg","92.16","235","40","18","Y","95","XL","false","C","A","72","2","C1","5.0","CONTINENTAL","PREMIUM","SPORTCONTACT 7"
"2255017ZUN3610640000","4024068002246","03610640000","225/50R17 UNIROYAL RAINSPORT 5 98Y XL (CAR SUMMER)","https://dcjqgkl774ppl.cloudfront.net/70/model/m_5279_rs5.jpg","74.03","225","50","17","Y","98","XL","false","C","A","72","2","C1","30.0","UNIROYAL","MID RANGE PREMIUM","RAINSPORT 5"
"2454018ZCO0313162000","4019238078961","0313162","245/40R18 CONTINENTAL SPORTCONTACT 7 97Y XL (CAR SUMMER)","https://dcjqgkl774ppl.cloudfront.net/tyrecat/continental/sportcontact7_sportcontact7.jpg","93.92","245","40","18","Y","97","XL","false","C","A","72","2","C1","7.0","CONTINENTAL","PREMIUM","SPORTCONTACT 7"
"2056015VKU2304683","8808956318819","2304683","205/60R15 KUMHO HS52 91V (CAR SUMMER)","https://dcjqgkl774ppl.cloudfront.net/70/model/m_6801_kumho-ecsta-hs52.png","46.64","205","60","15","V","91","","false","C","A","71","2","C1","4.0","KUMHO","MID RANGE PREMIUM","HS52"
"2457017TRARZD0038","8886459516567","RZD0038","245/70R17 RADAR RENEGADE A/T AT-5 110T (4X4 / SUV SUMMER)","https://dcjqgkl774ppl.cloudfront.net/tyrecat/renegade-at5.jpg","72.37","245","70","17","T","110","","false","D","D","72","2","C1","11.0","RADAR","BUDGET","RENEGADE A/T AT-5"
"1955515VTRXPRIV","6956647620177","TX1R1502","195/55R15 TRACMAX X-PRIVILO TX1 85V (CAR SUMMER)","https://dcjqgkl774ppl.cloudfront.net/70/MODEL/tracmaxx-privilotx2.png","24.99","195","55","15","V","85","","false","C","B","69","2","C1","11.0","TRACMAX","BUDGET","X-PRIVILO TX1"
"2155516VUN3610450000","4024068002475","03610450000","215/55R16 UNIROYAL RAINSPORT 5 93V (CAR SUMMER)","https://dcjqgkl774ppl.cloudfront.net/70/model/m_5279_rs5.jpg","71.35","215","55","16","V","93","","false","C","A","71","2","C1","14.0","UNIROYAL","MID RANGE PREMIUM","RAINSPORT 5"
"2354019ZHA1029703","8808563550992","1029703","235/40R19 HANKOOK VENTUS S1 EVO3 K127 96W XL TESLA (CAR SUMMER)","https://dcjqgkl774ppl.cloudfront.net/tyrecat/k127.png","114.46","235","40","19","W","96","XL","false","B","C","72","2","C1","7.0","HANKOOK","MID RANGE 2","VENTUS S1 EVO3 K127"
"1955016VTRXPRIV","6956647620153","TX1R1601","195/50R16 TRACMAX X-PRIVILO TX1 84V (CAR SUMMER)","https://dcjqgkl774ppl.cloudfront.net/70/MODEL/tracmaxx-privilotx2.png","28.05","195","50","16","V","84","","false","C","B","69","2","C1","7.0","TRACMAX","BUDGET","X-PRIVILO TX1"
"2857017SRARZD0027","8886459516451","RZD0027","285/70R17 RADAR RENEGADE A/T AT-5 121/118S (4X4 / SUV SUMMER)","https://dcjqgkl774ppl.cloudfront.net/tyrecat/renegade-at5.jpg","97.87","285","70","17","S","121/118","","false","C","C","72","2","C1","14.0","RADAR","BUDGET","RENEGADE A/T AT-5"
"2155017ZUN3610430000","4024068002291","03610430000","215/50R17 UNIROYAL RAINSPORT 5 95Y XL (CAR SUMMER)","https://dcjqgkl774ppl.cloudfront.net/70/model/m_5279_rs5.jpg","73.35","215","50","17","Y","95","XL","false","C","A","72","2","C1","19.0","UNIROYAL","MID RANGE PREMIUM","RAINSPORT 5"
"2157015SBR21766","3286342176611","21766","215/70R15 BRIDGESTONE DURAVIS R660 109/107S (VAN SUMMER)","https://dcjqgkl774ppl.cloudfront.net/70/MODEL/r660.jpg","85.06","215","70","15","S","109/107","","false","A","B","072","2","C2","4.0","BRIDGESTONE","PREMIUM","DURAVIS R660"
"2055517VUN3610350000","4024068002932","03610350000","205/55R17 UNIROYAL RAINSPORT 5 95V XL (CAR SUMMER)","https://dcjqgkl774ppl.cloudfront.net/70/model/m_5279_rs5.jpg","71.4","205","55","17","V","95","XL","false","C","A","72","2","C1","30.0","UNIROYAL","MID RANGE PREMIUM","RAINSPORT 5"
"2254018ZCO0313159000","4019238078985","0313159","225/40R18 CONTINENTAL SPORTCONTACT 7 92Y XL (CAR SUMMER)","https://dcjqgkl774ppl.cloudfront.net/tyrecat/continental/sportcontact7_sportcontact7.jpg","67.07","225","40","18","Y","92","XL","false","C","A","72","2","C1","30.0","CONTINENTAL","PREMIUM","SPORTCONTACT 7"
"2255517ZUN3610700000","4024068002673","03610700000","225/55R17 UNIROYAL RAINSPORT 5 101Y XL (CAR SUMMER)","https://dcjqgkl774ppl.cloudfront.net/70/model/m_5279_rs5.jpg","76.86","225","55","17","Y","101","XL","false","C","A","72","2","C1","15.0","UNIROYAL","MID RANGE PREMIUM","RAINSPORT 5"
"2355019THA1027026","8808563508801","1027026","235/50R19 HANKOOK VENTUS S1 EVO3 EV K127E 99T + VW ID7 (CAR SUMMER)","https://dcjqgkl774ppl.cloudfront.net/tyrecat/hankook/ventuss1evo3evk127e_ventuss1evo3.png","121.85","235","50","19","T","99","","false","A","A","68","1","C1","4.0","HANKOOK","MID RANGE 2","VENTUS S1 EVO3 EV K127E"
"2055017ZUN3610290000","4024068002611","03610290000","205/50R17 UNIROYAL RAINSPORT 5 93Y XL (CAR SUMMER)","https://dcjqgkl774ppl.cloudfront.net/70/model/m_5279_rs5.jpg","68.9","205","50","17","Y","93","XL","false","C","A","72","2","C1","30.0","UNIROYAL","MID RANGE PREMIUM","RAINSPORT 5"
"2057015TTRXPRIV","6956647620344","TX1R1506","205/70R15 TRACMAX X-PRIVILO TX1 96T (CAR SUMMER)","https://dcjqgkl774ppl.cloudfront.net/70/MODEL/tracmaxx-privilotx2.png","36.21","205","70","15","T","96","","false","C","B","69","2","C1","30.0","TRACMAX","BUDGET","X-PRIVILO TX1"
"2253518ZUN3610510000","4024068003212","03610510000","225/35R18 UNIROYAL RAINSPORT 5 87Y XL (CAR SUMMER)","https://dcjqgkl774ppl.cloudfront.net/70/model/m_5279_rs5.jpg","92.33","225","35","18","Y","87","XL","false","C","A","72","2","C1","17.0","UNIROYAL","MID RANGE PREMIUM","RAINSPORT 5"
"2155018ZBR18254","3286341825411","18254","215/50R18 BRIDGESTONE TURANZA T005 92W AO (CAR SUMMER)","http://images.tyresoft.biz/70/MODEL/turanzat005.jpg","107.87","215","50","18","W","92","","false","B","A","72","2","C1","19.0","BRIDGESTONE","PREMIUM","TURANZA T005"
"2756518TRARZD0039","8886459516574","RZD0039","275/65R18 RADAR RENEGADE A/T AT-5 116T (4X4 / SUV SUMMER)","https://dcjqgkl774ppl.cloudfront.net/tyrecat/renegade-at5.jpg","92.77","275","65","18","T","116","","false","D","D","72","2","C1","23.0","RADAR","BUDGET","RENEGADE A/T AT-5"
"2155517ZUN3610490000","4024068002635","03610490000","215/55R17 UNIROYAL RAINSPORT 5 94Y (CAR SUMMER)","https://dcjqgkl774ppl.cloudfront.net/70/model/m_5279_rs5.jpg","73.97","215","55","17","Y","94","","false","C","A","71","2","C1","30.0","UNIROYAL","MID RANGE PREMIUM","RAINSPORT 5"
"1855515VUN3610100000","4024068002147","03610100000","185/55R15 UNIROYAL RAINSPORT 5 82V (CAR SUMMER)","https://dcjqgkl774ppl.cloudfront.net/70/model/m_5279_rs5.jpg","55.94","185","55","15","V","82","","false","C","A","70","2","C1","5.0","UNIROYAL","MID RANGE PREMIUM","RAINSPORT 5"
"2553518ZSU6970355430859","6970355430859","","255/35R18 SUNWIDE RS-ONE 94W XL (CAR SUMMER)","https://dcjqgkl774ppl.cloudfront.net/tyrecat/rs-one.png","41.77","255","35","18","W","94","XL","false","C","B","73","2","C1","21.0","SUNWIDE","BUDGET WHOLESALE","RS-ONE"
"2756518SRARZD0028","8886459516468","RZD0028","275/65R18 RADAR RENEGADE A/T AT-5 123/120S OWL (4X4 / SUV SUMMER)","https://dcjqgkl774ppl.cloudfront.net/tyrecat/renegade-at5.jpg","96.85","275","65","18","S","123/120","","false","D","C","74","2","C1","11.0","RADAR","BUDGET","RENEGADE A/T AT-5"
"2254018ZUN03610540000","4024068003083","03610540000","225/40R18 UNIROYAL RAINSPORT 5 92Y XL (CAR SUMMER)","https://dcjqgkl774ppl.cloudfront.net/70/model/m_5279_rs5.jpg","56.58","225","40","18","Y","92","XL","false","C","A","72","2","C1","30.0","UNIROYAL","MID RANGE PREMIUM","RAINSPORT 5"
"2355019VCO0311874000","4019238051872","03118740000","235/50R19 CONTINENTAL ECOCONTACT 6 103V XL VOL (CAR SUMMER)","https://dcjqgkl774ppl.cloudfront.net/tyrecat/ecocontact_6.png","100.93","235","50","19","V","103","XL","false","A","A","72","2","C1","30.0","CONTINENTAL","PREMIUM","ECOCONTACT 6"
"2056015VTRZPRIV","6956647620276","TX1R1503","205/60R15 TRACMAX X-PRIVILO TX1 91V (CAR SUMMER)","https://dcjqgkl774ppl.cloudfront.net/70/MODEL/tracmaxx-privilotx2.png","28.05","205","60","15","V","91","","false","C","B","69","2","C1","30.0","TRACMAX","BUDGET","X-PRIVILO TX1"
"2055017VUN3610280000","4024068002604","03610280000","205/50R17 UNIROYAL RAINSPORT 5 93V XL (CAR SUMMER)","https://dcjqgkl774ppl.cloudfront.net/70/model/m_5279_rs5.jpg","70.32","205","50","17","V","93","XL","false","C","A","72","2","C1","3.0","UNIROYAL","MID RANGE PREMIUM","RAINSPORT 5"
"2054516ZUN3610210000","4024068002888","03610210000","205/45R16 UNIROYAL RAINSPORT 5 83W (CAR SUMMER)","https://dcjqgkl774ppl.cloudfront.net/70/model/m_5279_rs5.jpg","70.46","205","45","16","W","83","","false","D","A","71","2","C1","4.0","UNIROYAL","MID RANGE PREMIUM","RAINSPORT 5"
"2355517ZUN3610820000","4024068002697","03610820000","235/55R17 UNIROYAL RAINSPORT 5 103Y XL (CAR SUMMER)","https://dcjqgkl774ppl.cloudfront.net/70/model/m_5279_rs5.jpg","82.06","235","55","17","Y","103","XL","false","C","A","72","2","C1","28.0","UNIROYAL","MID RANGE PREMIUM","RAINSPORT 5"
"2355518VUN3610840000","4024068003168","03610840000","235/55R18 UNIROYAL RAINSPORT 5 100V (CAR SUMMER)","https://dcjqgkl774ppl.cloudfront.net/70/model/m_5279_rs5.jpg","81.38","235","55","18","V","100","","false","C","A","71","2","C1","24.0","UNIROYAL","MID RANGE PREMIUM","RAINSPORT 5"
"1656513TTRXPRIV","6956647619652","TX2R1307","165/65R13 TRACMAX X-PRIVILO TX2 77T (CAR SUMMER)","https://dcjqgkl774ppl.cloudfront.net/70/MODEL/tracmaxx-privilotx2.png","19.89","165","65","13","T","77","","false","C","C","70","2","C1","11.0","TRACMAX","BUDGET","X-PRIVILO TX2"
"1557012TTRTX2","6956647619584","TX2R1202","155/70R12 TRACMAX X-PRIVILO TX2 73T (CAR SUMMER)","https://dcjqgkl774ppl.cloudfront.net/70/MODEL/tracmaxx-privilotx2.png","19.89","155","70","12","T","73","","false","C","C","70","2","C1","9.0","TRACMAX","BUDGET","X-PRIVILO TX2"
"2354018ZUN3610730000","4024068003274","03610730000","235/40R18 UNIROYAL RAINSPORT 5 95Y XL (CAR SUMMER)","https://dcjqgkl774ppl.cloudfront.net/70/model/m_5279_rs5.jpg","74.57","235","40","18","Y","95","XL","false","C","A","72","2","C1","30.0","UNIROYAL","MID RANGE PREMIUM","RAINSPORT 5"
"2354517ZUN3610750000","4024068002796","03610750000","235/45R17 UNIROYAL RAINSPORT 5 94Y (CAR SUMMER)","https://dcjqgkl774ppl.cloudfront.net/70/model/m_5279_rs5.jpg","60.87","235","45","17","Y","94","","false","C","A","71","2","C1","19.0","UNIROYAL","MID RANGE PREMIUM","RAINSPORT 5"
"2354518ZTO3864400","4981910554516","3864400","235/45R18 TOYO PXSP2 98Y XL (CAR SUMMER)","https://dcjqgkl774ppl.cloudfront.net/tyrecat/toyo/proxessport2_proxes-sport-2.png","72.37","235","45","18","Y","98","XL","false","C","A","71","2","C1","30.0","TOYO","MID RANGE PREMIUM","PXSP2"
"15512TTRXPRIVTX2","6956647619607","TX2R1203","155/80R12 TRACMAX X-PRIVILO TX2 77T (CAR SUMMER)","https://dcjqgkl774ppl.cloudfront.net/70/MODEL/tracmaxx-privilotx2.png","18.87","155","80","12","T","77","","false","C","C","70","2","C1","10.0","TRACMAX","BUDGET","X-PRIVILO TX2"
"2354517ZUN3610760000","4024068002802","03610760000","235/45R17 UNIROYAL RAINSPORT 5 97Y XL (CAR SUMMER)","https://dcjqgkl774ppl.cloudfront.net/70/model/m_5279_rs5.jpg","62.15","235","45","17","Y","97","XL","false","C","A","72","2","C1","24.0","UNIROYAL","MID RANGE PREMIUM","RAINSPORT 5"
"2354518ZUN3610770000","4024068003144","03610770000","235/45R18 UNIROYAL RAINSPORT 5 98Y XL (CAR SUMMER)","https://dcjqgkl774ppl.cloudfront.net/70/model/m_5279_rs5.jpg","86.04","235","45","18","Y","98","XL","false","C","A","72","2","C1","30.0","UNIROYAL","MID RANGE PREMIUM","RAINSPORT 5"
"1657014TTRXPRIV","6956647619706","TX2R1404","165/70R14 TRACMAX X-PRIVILO TX2 81T (CAR SUMMER)","https://dcjqgkl774ppl.cloudfront.net/70/MODEL/tracmaxx-privilotx2.png","20.91","165","70","14","T","81","","false","C","C","70","2","C1","30.0","TRACMAX","BUDGET","X-PRIVILO TX2"
"2553518ZUN3610990000","4024068002734","03610990000","255/35R18 UNIROYAL RAINSPORT 5 94Y XL (CAR SUMMER)","https://dcjqgkl774ppl.cloudfront.net/70/model/m_5279_rs5.jpg","89.75","255","35","18","Y","94","XL","false","C","A","73","2","C1","30.0","UNIROYAL","MID RANGE PREMIUM","RAINSPORT 5"
"2454518ZUN3610950000","4024068002819","03610950000","245/45R18 UNIROYAL RAINSPORT 5 100Y XL (CAR SUMMER)","https://dcjqgkl774ppl.cloudfront.net/70/model/m_5279_rs5.jpg","83.2","245","45","18","Y","100","XL","false","C","A","72","2","C1","30.0","UNIROYAL","MID RANGE PREMIUM","RAINSPORT 5"
"1856015VVRAP18560015VQT6A02","8714692996795","AP18560015VQT6A02","185/60R15 VREDESTEIN QUATRAC 88V XL (CAR ALL SEASON)","https://dcjqgkl774ppl.cloudfront.net/tyrecat/vredestein/quatrac_quatrac.png","49.13","185","60","15","V","88","XL","false","C","B","70","2","C1","4.0","VREDESTEIN","MID RANGE 2","QUATRAC"
"1658013TTRTX2","6956647619720","TX2R1309","165/80R13 TRACMAX X-PRIVILO TX2 83T (CAR SUMMER)","https://dcjqgkl774ppl.cloudfront.net/70/MODEL/tracmaxx-privilotx2.png","21.93","165","80","13","T","83","","false","C","C","70","2","C1","30.0","TRACMAX","BUDGET","X-PRIVILO TX2"
"1855515HVRAP18555015HQT6A02","8714692996801","AP18555015HQT6A02","185/55R15 VREDESTEIN QUATRAC 86H XL (CAR ALL SEASON)","https://dcjqgkl774ppl.cloudfront.net/tyrecat/vredestein/quatrac_quatrac.png","55.77","185","55","15","H","86","XL","false","C","B","70","2","C1","9.0","VREDESTEIN","MID RANGE 2","QUATRAC"
"2155018ZTO4075000","4981910549628","4075000","215/50R18 TOYO PXCMS 92W (CAR SUMMER)","https://dcjqgkl774ppl.cloudfront.net/tyrecat/pxtss.png","75.43","215","50","18","W","92","","false","D","A","70","2","C1","30.0","TOYO","MID RANGE PREMIUM","PXCMS"
"1755016VTRTX2","6956647619737","TX2R1601","175/50R16 TRACMAX X-PRIVILO TX2 77V (CAR SUMMER)","https://dcjqgkl774ppl.cloudfront.net/70/MODEL/tracmaxx-privilotx2.png","26.01","175","50","16","V","77","","false","C","C","70","2","C1","5.0","TRACMAX","BUDGET","X-PRIVILO TX2"
"2254519ZUN3610590000","4024068003045","03610590000","225/45R19 UNIROYAL RAINSPORT 5 96Y XL (CAR SUMMER)","https://dcjqgkl774ppl.cloudfront.net/70/model/m_5279_rs5.jpg","102.08","225","45","19","Y","96","XL","false","C","A","72","2","C1","30.0","UNIROYAL","MID RANGE PREMIUM","RAINSPORT 5"
"1656514TTRTX2R1403","6956647619669","TX2R1403","165/65R14 TRACMAX X-PRIVILO TX2 79T (CAR SUMMER)","https://dcjqgkl774ppl.cloudfront.net/70/MODEL/tracmaxx-privilotx2.png","21.93","165","65","14","T","79","","false","C","C","70","2","C1","30.0","TRACMAX","BUDGET","X-PRIVILO TX2"
"1656515TTRTX2","6956647619676","TX2R1505","165/65R15 TRACMAX X-PRIVILO TX2 81T (CAR SUMMER)","https://dcjqgkl774ppl.cloudfront.net/tyrecat/x-privilotx2.png","24.99","165","65","15","T","81","","false","C","C","70","2","C1","2.0","TRACMAX","BUDGET","X-PRIVILO TX2"
"2255017ZTO4074900","4981910547211","4074900","225/50R17 TOYO PXCM 98W XL (CAR SUMMER)","https://dcjqgkl774ppl.cloudfront.net/70/model/m_6193_pxcm.png","61.15","225","50","17","W","98","XL","false","C","A","70","2","C1","30.0","TOYO","MID RANGE PREMIUM","PXCM"
"1756013HTRTX2","6956647619751","TX2R1310","175/60R13 TRACMAX X-PRIVILIO TX2 77H (CAR SUMMER)","https://dcjqgkl774ppl.cloudfront.net/70/MODEL/tracmaxx-privilotx2.png","19.89","175","60","13","H","77","","false","C","C","70","2","C1","8.0","TRACMAX","BUDGET","X-PRIVILO TX2"
"2754520ZTO4020200","4981910507017","4020200","275/45R20 TOYO PROXES SPORT 110Y XL (4X4 / SUV SUMMER)","https://dcjqgkl774ppl.cloudfront.net/tyrecat/pxsps.png","102.97","275","45","20","Y","110","XL","false","C","B","72","2","C1","14.0","TOYO","MID RANGE PREMIUM","PROXES SPORT"
"2256517VTO4074000","4981910541974","4074000","225/65R17 TOYO PXCMS 106V XL (CAR SUMMER)","https://dcjqgkl774ppl.cloudfront.net/tyrecat/pxtss.png","61.15","225","65","17","V","106","XL","false","C","A","70","2","C1","12.0","TOYO","MID RANGE PREMIUM","PXCMS"
"1755515TTRXPRIV","6956647619744","TX2R1506","175/55R15 TRACMAX X-PRIVILO TX2 77T (CAR SUMMER)","https://dcjqgkl774ppl.cloudfront.net/70/MODEL/tracmaxx-privilotx2.png","26.01","175","55","15","T","77","","false","C","C","70","2","C1","13.0","TRACMAX","BUDGET","X-PRIVILO TX2"
"2754519ZTO4019600","4981910515104","4019600","275/45R19 TOYO PXSPS 108Y XL (CAR SUMMER)","https://dcjqgkl774ppl.cloudfront.net/tyrecat/pxsps.png","100.38","275","45","19","Y","108","XL","false","C","B","72","2","C1","2.0","TOYO","MID RANGE PREMIUM","PROXES SPORT"
"2754522PAC1200037316","8997020615289","1200037316","275/45R22 ACCELERA MT-01 112P (4X4 / SUV SUMMER)","https://dcjqgkl774ppl.cloudfront.net/tyrecat/mt-01.png","102.97","275","45","22","P","112","","false","NA","NA","NA","NA","C1","6.0","ACCELERA","BUDGET","MT-01"
"1855016VTRXPRIV","6956647619898","TX2R1602","185/50R16 TRACMAX X-PRIVILO TX2 81V (CAR SUMMER)","https://dcjqgkl774ppl.cloudfront.net/70/MODEL/tracmaxx-privilotx2.png","27.49","185","50","16","V","81","","false","C","C","70","2","C1","30.0","TRACMAX","BUDGET","X-PRIVILO TX2"
"33125020QRARZD0059","8886459507817","RZD0059","33/12.50R20 RADAR RENEGADE M/T R7 114Q (4X4 / SUV SUMMER)","https://dcjqgkl774ppl.cloudfront.net/tyrecat/renegade-r7_mt.jpg","135.61","3312","50","20","Q","114","","false","C","C","72","2","C1","11.0","RADAR","BUDGET","RENEGADE M/T R7"
"2753519ZGO579310","4038526054029","579310","275/35R19 GOODYEAR EAGLE F1 (ASYMMETRIC) 3 100Y XL * (CAR SUMMER)","https://dcjqgkl774ppl.cloudfront.net/70/MODEL/eaglef1(asymmetric)3.jpg","166.38","275","35","19","Y","100","XL","false","A","B","71","2","C1","4.0","GOODYEAR","PREMIUM","EAGLE F1 (ASYMMETRIC) 3"
"1855514HTRXPRIV","6956647619904","TX2R1412","185/55R14 TRACMAX X-PRIVILO TX2 80H (CAR SUMMER)","https://dcjqgkl774ppl.cloudfront.net/70/MODEL/tracmaxx-privilotx2.png","23.97","185","55","14","H","80","","false","C","C","70","2","C1","19.0","TRACMAX","BUDGET","X-PRIVILO TX2"
"1757013TTRTX2","6956647619850","TX2R1312","175/70R13 TRACMAX X-PRIVILO TX2 82T (CAR SUMMER)","https://dcjqgkl774ppl.cloudfront.net/70/MODEL/tracmaxx-privilotx2.png","22.95","175","70","13","T","82","","false","C","C","70","2","C1","30.0","TRACMAX","BUDGET","X-PRIVILO TX2"
"2555519ZTO4019000","4981910503965","4019000","255/55R19 TOYO PXSPS 111Y XL (4X4 / SUV SUMMER)","https://dcjqgkl774ppl.cloudfront.net/tyrecat/pxsps.png","92.44","255","55","19","Z","111","XL","false","C","B","72","2","C1","1.0","TOYO","MID RANGE PREMIUM","PROXES SPORT SUV"
"1757014TTRXPRIV","6956647619867","TX2R1409","175/70R14 TRACMAX X-PRIVILO TX2 84T (CAR SUMMER)","https://dcjqgkl774ppl.cloudfront.net/70/MODEL/tracmaxx-privilotx2.png","21.93","175","70","14","T","84","","false","C","C","70","2","C1","30.0","TRACMAX","BUDGET","X-PRIVILO TX2"
"1551212NTRRF08","6956647603620","RF08R1201","155/80R12 TRACMAX RADIAL RF08 88/86N (VAN SUMMER)","https://dcjqgkl774ppl.cloudfront.net/tyrecat/radialrf08.png","21.93","155","12","12","N","88/86","","false","D","D","70","2","C2","15.0","TRACMAX","BUDGET","RADIAL RF08"
"2454519ZTO3864600","4981910554165","3864600","245/45R19 TOYO PXSP2 102Y XL (CAR SUMMER)","https://dcjqgkl774ppl.cloudfront.net/tyrecat/toyo/pxsp2_proxes-sport-2.png","85.63","245","45","19","Y","102","XL","false","C","A","71","2","C1","30.0","TOYO","MID RANGE PREMIUM","PXSP2"
"2254519ZTO4071500","4981910541776","4071500","225/45R19 TOYO PXCMS 96W XL (CAR SUMMER)","https://dcjqgkl774ppl.cloudfront.net/tyrecat/pxtss.png","72.37","225","45","19","W","96","XL","false","C","A","70","2","C1","1.0","TOYO","MID RANGE PREMIUM","PXCMS"
"2354518ZAVS460496","0029142941927","589724","235/45R18 AVON ZV7 98Y XL (CAR SUMMER)","https://dcjqgkl774ppl.cloudfront.net/70/model/m_3024_avonzv7200x300engineeredintheukflag.png","77.47","235","45","18","Y","98","XL","false","D","A","70","2","C1","4.0","AVON","MID RANGE 2","ZV7"
"2055519VTO4072700","4981910541820","4072700","205/55R19 TOYO PXCM 97V XL (CAR SUMMER)","https://dcjqgkl774ppl.cloudfront.net/70/model/m_6193_pxcm.png","54.79","205","55","19","V","97","XL","false","C","A","70","2","C1","2.0","TOYO","MID RANGE PREMIUM","PXCM"
"2055517ZHA1022636","8808563431635","1022636","205/55R17 HANKOOK VENTUS S1 EVO3 K127 95W XL * (CAR SUMMER)","https://dcjqgkl774ppl.cloudfront.net/tyrecat/k127.png","68.97","205","55","17","W","95","XL","false","A","B","67","1","C1","13.0","HANKOOK","MID RANGE 2","VENTUS S1 EVO3 K127"
"2656018HTO2208300","4981910772200","2208300","265/60R18 TOYO OPA32 110H (4X4 / SUV SUMMER)","","102.97","265","60","18","H","110","","false","C","D","72","2","","22.0","TOYO","MID RANGE PREMIUM","OPA32"
"2454517ZKU2363183","8808956609733","2363183","245/45R17 KUMHO PS72 99Y XL (CAR SUMMER)","","69.48","245","45","17","Y","99","XL","false","C","A","72","2","C1","4.0","KUMHO","MID RANGE PREMIUM","PS72"
"1855016VNE13050NXUA","8807622305009","13050NXUA","185/50R16 NEXEN NFERA SU1 81V (CAR SUMMER)","https://dcjqgkl774ppl.cloudfront.net/tyrecat/nfera_su1.png","58.75","185","50","16","V","81","","false","D","A","70","2","C1","1.0","NEXEN","BUDGET","NFERA SU1"
"2554518ZBR19453","3286341945317","19453","255/45R18 BRIDGESTONE A005 WEATHER CONTROL EVO 103Y XL (CAR ALL SEASON)","https://dcjqgkl774ppl.cloudfront.net/tyrecat/bridgestone/a005weathercontrolevo_a005_weather_cont.png","148.48","255","45","18","Y","103","XL","false","C","A","72","2","C1","1.0","BRIDGESTONE","PREMIUM","A005 WEATHER CONTROL EVO"
"1458012TTRTX2","6956647619539","6956647619539","145/80R12 TRACMAX X-PRIVILO TX2 73T (CAR SUMMER)","https://dcjqgkl774ppl.cloudfront.net/70/MODEL/tracmaxx-privilotx2.png","18.87","145","80","12","T","4PR","","false","C","C","70","2","C1","6.0","TRACMAX","BUDGET","X-PRIVILOTX2"
"2553518ZAVS460591","0029142944218","589741","255/35R18 AVON ZV7 94Y XL (CAR SUMMER)","https://dcjqgkl774ppl.cloudfront.net/70/model/m_3024_avonzv7200x300engineeredintheukflag.png","72.37","255","35","18","Y","94","XL","false","D","A","71","2","C1","1.0","AVON","MID RANGE 2","ZV7"
"1457013TTRXPRIV","6956647619522","TX2R1301","145/70R13 TRACMAX X-PRIVILO TX2 71T (CAR SUMMER)","https://dcjqgkl774ppl.cloudfront.net/70/MODEL/tracmaxx-privilotx2.png","20.91","145","70","13","T","71","","false","C","C","70","2","C1","28.0","TRACMAX","BUDGET","X-PRIVILO TX2"
"1456515TTRXPRIV","6956647619515","TX2R1502","145/65R15 TRACMAX X-PRIVILO TX2 72T (CAR SUMMER)","https://dcjqgkl774ppl.cloudfront.net/70/MODEL/tracmaxx-privilotx2.png","20.91","145","65","15","T","72","","false","C","C","70","2","C1","10.0","TRACMAX","BUDGET","X-PRIVILO TX2"
"2354518ZTO4071600","4981910541745","4071600","235/45R18 TOYO PXCM 98W XL (CAR SUMMER)","https://dcjqgkl774ppl.cloudfront.net/70/model/m_6193_pxcm.png","71.18","235","45","18","W","98","XL","false","C","A","71","2","C1","1.0","TOYO","MID RANGE PREMIUM","PXCM"
"1556513TTRXPRIV","6956647619560","TX2R1303","155/65R13 TRACMAX X-PRIVILO TX2 73T (CAR SUMMER)","https://dcjqgkl774ppl.cloudfront.net/70/MODEL/tracmaxx-privilotx2.png","17.85","155","65","13","T","73","","false","C","C","70","2","C1","8.0","TRACMAX","BUDGET","X-PRIVILO TX2"
"1556015TTRTX2","6956647619553","TX2R1503","155/60R15 TRACMAX X-PRIVILO TX2 74T (CAR SUMMER)","https://dcjqgkl774ppl.cloudfront.net/70/MODEL/tracmaxx-privilotx2.png","21.93","155","60","15","T","74","","false","C","C","70","2","C1","7.0","TRACMAX","BUDGET","X-PRIVILO TX2"
"2754521ZCO3579510000","4019238762747","03579510000","275/45R21 CONTINENTAL SPORTCONTACT 6 107Y SL MO (CAR SUMMER)","https://dcjqgkl774ppl.cloudfront.net/tyrecat/sportcontact-6-tire-image.png","167.43","275","45","21","Y","107","","false","B","A","72","2","C1","1.0","CONTINENTAL","PREMIUM","SPORTCONTACT 6"
"2457016HRARZD0034","8886459516529","RZD0034","245/70R16 RADAR RENEGADE A/T AT-5 111H XL (4X4 / SUV SUMMER)","https://dcjqgkl774ppl.cloudfront.net/tyrecat/renegade-at5.jpg","71.35","245","70","16","H","111","XL","false","D","D","72","2","C1","13.0","RADAR","BUDGET","RENEGADE A/T AT-5"
"2457516TRARZD0035","8886459516536","RZD0035","245/75R16 RADAR RENEGADE A/T AT-5 111T (4X4 / SUV SUMMER)","https://dcjqgkl774ppl.cloudfront.net/tyrecat/renegade-at5.jpg","72.37","245","75","16","T","111","","false","D","D","72","2","C1","4.0","RADAR","BUDGET","RENEGADE A/T AT-5"
"2855020QPAPANCCN0163","8886459561024","PANCCN0163","285/50R20 PATRIOT RENEGADE RT+ 119/116Q (4X4 / SUV SUMMER)","https://dcjqgkl774ppl.cloudfront.net/70/model/m_6168_patriot_rt.png","135.61","285","50","20","Q","119/116","","false","NA","NA","NA","NA","C2","1.0","PATRIOT","","RENEGADE RT+"
"31105015SRARZD0021","8886459516390","RZD0021","31/10.50R15 RADAR RENEGADE A/T AT-5 109S (4X4 / SUV SUMMER)","https://dcjqgkl774ppl.cloudfront.net/tyrecat/renegade-at5.jpg","78.49","31","10","15","S","109","","false","C","C","72","2","C1","13.0","RADAR","BUDGET","RENEGADE A/T AT-5"
"2357515TRARZD0032","8886459516505","RZD0032","235/75R15 RADAR RENEGADE A/T AT-5 109T XL (4X4 / SUV SUMMER)","https://dcjqgkl774ppl.cloudfront.net/tyrecat/renegade-at5.jpg","64.21","235","75","15","T","109","XL","false","D","D","72","2","C1","28.0","RADAR","BUDGET","RENEGADE A/T AT-5"
"2255519VGO581657","4038526076311","581657","225/55R19 GOODYEAR EFFICIENTGRIP 2 SUV 99V SL (4X4 / SUV SUMMER)","https://dcjqgkl774ppl.cloudfront.net/tyrecat/goodyear/efficientgrip2suv_efficientgrip-2-suv.png","92.08","225","55","19","V","99","SL","false","B","A","70","2","C1","2.0","GOODYEAR","PREMIUM","EFFICIENTGRIP 2 SUV"
"2156017HMI21391MI","6975991411361","21391MI","215/60R17 MINNELL SAFY M06 96H (4X4 / SUV SUMMER)","","38.25","215","60","17","H","96","","false","C","C","71","2","","5.0","MINNELL","BUDGET WHOLESALE","SAFY M06"
"2456517HRARZD0037","8886459516550","RZD0037","245/65R17 RADAR RENEGADE A/T AT-5 111H XL (4X4 / SUV SUMMER)","https://dcjqgkl774ppl.cloudfront.net/tyrecat/renegade-at5.jpg","72.37","245","65","17","H","111","XL","false","D","D","72","2","C1","24.0","RADAR","BUDGET","RENEGADE A/T AT-5"
"2857516RRARZD0030","8886459516482","RZD0030","285/75R16 RADAR RENEGADE A/T AT-5 126/123R (4X4 / SUV SUMMER)","https://dcjqgkl774ppl.cloudfront.net/tyrecat/renegade-at5.jpg","92.77","285","75","16","R","126/123","","false","D","C","74","2","C1","26.0","RADAR","BUDGET","RENEGADE A/T AT-5"
"2657516SRARZD0017","8886459516352","RZD0017","265/75R16 RADAR RENEGADE A/T AT-5 116S (4X4 / SUV SUMMER)","https://dcjqgkl774ppl.cloudfront.net/tyrecat/renegade-at5.jpg","81.55","265","75","16","S","116","","false","D","D","72","2","C1","22.0","RADAR","BUDGET","RENEGADE A/T AT-5"
"2657016HRARZD0016","8886459516345","RZD0016","265/70R16 RADAR RENEGADE A/T AT-5 112H (4X4 / SUV SUMMER)","https://dcjqgkl774ppl.cloudfront.net/tyrecat/renegade-at5.jpg","74.41","265","70","16","H","112","","false","D","D","72","2","C1","13.0","RADAR","BUDGET","RENEGADE A/T AT-5"
"2358516SRARZD0022","8886459516406","RZD0022","235/85R16 RADAR RENEGADE A/T AT-5 120/116S (4X4 / SUV SUMMER)","https://dcjqgkl774ppl.cloudfront.net/tyrecat/renegade-at5.jpg","77.47","235","85","16","S","120/116","","false","C","C","72","2","C1","30.0","RADAR","BUDGET","RENEGADE A/T AT-5"
"2356517VGO581672","4038526076465","581672","235/65R17 GOODYEAR EFFICIENTGRIP 2 SUV 104V SL (4X4 / SUV SUMMER)","https://dcjqgkl774ppl.cloudfront.net/tyrecat/goodyear/efficientgrip2suv_efficientgrip-2-suv.png","77.47","235","65","17","V","104","SL","false","C","A","70","2","C1","28.0","GOODYEAR","PREMIUM","EFFICIENTGRIP 2 SUV"
"2055517ZMI21181MI","6975991411330","21181MI","205/55R17 MINNELL SAFY M06 91W (CAR SUMMER)","https://dcjqgkl774ppl.cloudfront.net/70/model/m_6384_minnellmo6.jpg","34.63","205","55","17","W","91","","false","D","C","71","2","C1","30.0","MINNELL","BUDGET WHOLESALE","SAFY M06"
"2257516RRARZD0041","8886459516598","RZD0041","225/75R16 RADAR RENEGADE A/T AT-5 115/112R (4X4 / SUV SUMMER)","https://dcjqgkl774ppl.cloudfront.net/tyrecat/renegade-at5.jpg","72.37","225","75","16","R","115/112","","false","C","C","72","2","C1","14.0","RADAR","BUDGET","RENEGADE A/T AT-5"
"1957015SUN0452343000","4024068005995","04523430000","195/70R15 UNIROYAL RAIN MAX 5 104/102S (VAN SUMMER)","https://dcjqgkl774ppl.cloudfront.net/tyrecat/uniroyal/rainmax5_rainmax5.png","57.48","195","70","15","S","104/102","","false","C","B","72","2","C2","4.0","UNIROYAL","MID RANGE PREMIUM","RAIN MAX 5"
"2056516TGO582492","4038526085962","582492","205/65R16 GOODYEAR EFFICIENTGRIP CARGO 2 107/105T (VAN SUMMER)","https://dcjqgkl774ppl.cloudfront.net/tyrecat/goodyear/efficientgripcargo2_efficientgrip-cargo-2.png","97.51","205","65","16","T","107/105","","false","C","B","72","2","C2","4.0","GOODYEAR","PREMIUM","EFFICIENTGRIP CARGO 2"
"2454019ZRARASYCN0840","8886459599195","RASYCN0840","245/40R19 RADAR DIMAX R8 + 94Y RUNFLAT (CAR SUMMER)","https://dcjqgkl774ppl.cloudfront.net/70/model/m_3666_dimaxr8+_0.jpg","72.37","245","40","19","Y","94","XL","true","D","B","71","2","C1","4.0","RADAR","BUDGET","DIMAX R8+ RFT"
"2257516RUN0452348000","4024068006114","0452348000","225/75R16 UNIROYAL RAIN MAX 5 121/120R (VAN SUMMER)","https://dcjqgkl774ppl.cloudfront.net/tyrecat/uniroyal/rainmax5_rainmax5.png","102.28","225","75","16","R","121/120","","false","C","B","72","2","C2","1.0","UNIROYAL","MID RANGE PREMIUM","RAIN MAX 5"
"2255517TUN0452362000","4024068006091","04523620000","225/55R17 UNIROYAL RAIN MAX 5 109/104/107T (VAN SUMMER)","https://dcjqgkl774ppl.cloudfront.net/tyrecat/uniroyal/rainmax5_rainmax5.png","114.31","225","55","17","T","109/104/107","","false","C","B","72","2","C2","4.0","UNIROYAL","MID RANGE PREMIUM","RAIN MAX 5"
"2356516RUN0452363000","4024068006121","04523630000","235/65R16 UNIROYAL RAIN MAX 5 115/113R (VAN SUMMER)","https://dcjqgkl774ppl.cloudfront.net/tyrecat/uniroyal/rainmax5_rainmax5.png","93.52","235","65","16","R","115/113","","false","C","B","72","2","C2","6.0","UNIROYAL","MID RANGE PREMIUM","RAIN MAX 5"
"2255018ZACPHIR","8997020616231","1200036562","225/50R18 ACCELERA PHI R 99W XL (CAR SUMMER)","https://dcjqgkl774ppl.cloudfront.net/70/images/acc phir.jpg","45.85","225","50","18","W","99","XL","false","C","C","72","2","C1","12.0","ACCELERA","BUDGET","PHI R"
"2056515HKU2305683","8808956320430","2305683","205/65R15 KUMHO HS52 94H (CAR SUMMER)","https://dcjqgkl774ppl.cloudfront.net/70/model/m_6801_kumho-ecsta-hs52.png","48.35","205","65","15","H","94","","false","C","B","71","2","C1","5.0","KUMHO","MID RANGE PREMIUM","HS52"
"3054022VRADSC0134","8886459507725","DSC0134","305/40R22 RADAR DIMAX R8+ 114V XL (4X4 / SUV SUMMER)","https://dcjqgkl774ppl.cloudfront.net/tyrecat/dimax-r8-plus.jpg","91.75","305","40","22","V","114","XL","false","C","B","75","2","C1","9.0","RADAR","BUDGET","DIMAX R8+"
"2554019ZMI20001MI","6975991411903","20001MI","255/40R19 MINNELL SAFY M06 100W (4X4 / SUV SUMMER)","","44.83","255","40","19","W","100","","false","C","C","73","2","","20.0","MINNELL","BUDGET WHOLESALE","SAFY M06"
"2155516HMI424262","3528704242627","424262","215/55R16 MICHELIN ALPIN 7 93H (CAR WINTER)","","106.37","215","55","16","H","93","","false","D","B","071","2","C1","1.0","MICHELIN","PREMIUM","ALPIN 7"
"2454019ZMI18391MI","6975991411859","18391MI","245/40R19 MINNELL SAFY M06 98W (CAR SUMMER)","","42.79","245","40","19","W","98","","false","C","C","72","2","C1","7.0","MINNELL","BUDGET WHOLESALE","SAFY M06"
"2054018ZMI212451MI","6975991411552","212451MI","205/40R18 MINNELL SAFY M06 86W XL (CAR SUMMER)","","37.69","205","40","18","W","86","XL","false","D","C","72","2","C1","18.0","MINNELL","BUDGET WHOLESALE","SAFY M06"
"2155518VCO357395000","4019238772418","0357395","215/55R18 CONTINENTAL CONTIECOCONTACT 5 99V XL NIS (CAR SUMMER)","https://dcjqgkl774ppl.cloudfront.net/70/images/cn-eco5.jpg","87.67","215","55","18","V","99","XL","false","B","B","71","2","C1","7.0","CONTINENTAL","PREMIUM","CONTIECOCONTACT 5"
"2354519ZMI21261MI","6975991411798","21261MI","235/45R19 MINNELL SAFY M06 99W (4X4 / SUV SUMMER)","","46.87","235","45","19","W","99","","false","C","C","72","2","","23.0","MINNELL","BUDGET WHOLESALE","SAFY M06"
"2454518ZGO582548","4038526086617","582548","245/45R18 GOODYEAR EAGLE F1 (ASYMMETRIC) 5 100Y XL * (CAR SUMMER)","https://dcjqgkl774ppl.cloudfront.net/tyrecat/eagle_f1_asym_5.png","89.71","245","45","18","Y","100","XL","false","A","B","70","2","C1","2.0","GOODYEAR","PREMIUM","EAGLE F1 (ASYMMETRIC) 5"
"1955516VBLBA2233","6973307192492","BA2233","195/55R16 BLACKARROW P16 87V (CAR SUMMER)","https://dcjqgkl774ppl.cloudfront.net/70/model/m_7890_p16.jpg","27.03","195","55","16","V","87","","false","C","C","70","2","C1","30.0","BLACKARROW","BUDGET WHOLESALE","P16"
"1856515TMI710107","3528707101075","710107","185/65R15 MICHELIN CROSSCLIMATE 2 92T XL (CAR ALL SEASON)","https://dcjqgkl774ppl.cloudfront.net/tyrecat/michelin/crossclimate2_crossclimate_2.png","66.46","185","65","15","T","92","XL","false","C","B","069","2","C1","2.0","MICHELIN","PREMIUM","CROSSCLIMATE 2"
"2155517ZAVS460312","0029142846468","589720","215/55R17 AVON ZV7 94W (CAR SUMMER)","https://dcjqgkl774ppl.cloudfront.net/70/model/m_3024_avonzv7200x300engineeredintheukflag.png","59.11","215","55","17","W","94","","false","C","A","69","2","C1","3.0","AVON","MID RANGE 2","ZV7"
"2155518VACIOTAST68","8997020616033","1200040472","215/55R18 ACCELERA IOTA ST-68 99V XL (4X4 / SUV SUMMER)","https://dcjqgkl774ppl.cloudfront.net/70/MODEL/iotast-68.jpg","41.77","215","55","18","V","99","XL","false","C","C","68","1","C1","30.0","ACCELERA","BUDGET","IOTA ST-68"
"2553520ZKU2247703","8808956254087","2247703","255/35R20 KUMHO PS71 97Y XL (CAR SUMMER)","https://dcjqgkl774ppl.cloudfront.net/tyrecat/ps71.png","91.65","255","35","20","Y","97","XL","false","D","A","72","2","C1","1.0","KUMHO","MID RANGE PREMIUM","PS71"
"2356018VGO585699","4038526333629","585699","235/60R18 GOODYEAR EAGLE F1 (ASYMMETRIC) SUV AT 107V XL J LR STFP (4X4 / SUV SUMMER)","http://ordering.vandenban.nl/profielen/goodyear_f1 asym suv xl.jpg","90.73","235","60","18","V","107","XL","false","A","C","72","2","C1","30.0","GOODYEAR","PREMIUM","EAGLE F1 (ASYMMETRIC) SUV AT"
"2254519ZGO549691","5452000824615","549691","225/45R19 GOODYEAR EAGLE F1 (ASYMMETRIC) 5 96W XL (CAR SUMMER)","https://dcjqgkl774ppl.cloudfront.net/tyrecat/eagle_f1_asym_5.png","129.33","225","45","19","W","96","XL","false","C","A","71","2","C1","1.0","GOODYEAR","PREMIUM","EAGLE F1 (ASYMMETRIC) 5"
"2555020ZPI1780500","8019227178050","1780500","255/50R20 PIRELLI SCORPION ZERO 109Y XL (4X4 / SUV SUMMER)","http://www.etyre.net/preview/t3/pi-scorzeroxl.jpg","147.27","255","50","20","Y","109","XL","false","C","B","72","2","C1","6.0","PIRELLI","PREMIUM","SCORPION ZERO"
"2356018VGO581670","4038526076441","581670","235/60R18 GOODYEAR EFFICIENTGRIP 2 SUV 103V (4X4 / SUV SUMMER)","https://dcjqgkl774ppl.cloudfront.net/tyrecat/goodyear/efficientgrip2suv_efficientgrip-2-suv.png","96.57","235","60","18","V","103","","false","C","A","70","2","C1","4.0","GOODYEAR","PREMIUM","EFFICIENTGRIP 2 SUV"
"1856515HKU2270863","8808956281403","2270863","185/65R15 KUMHO HA32 88H (CAR ALL SEASON)","https://dcjqgkl774ppl.cloudfront.net/tyrecat/kumho/ha32_ha32.png","40.75","185","65","15","H","88","","false","D","B","71","2","C1","30.0","KUMHO","MID RANGE PREMIUM","HA32"
"2555019ZKU2263293","8808956271305","2263293","255/50R19 KUMHO PS71 107Y XL (4X4 / SUV SUMMER)","https://dcjqgkl774ppl.cloudfront.net/tyrecat/ps71.png","83.04","255","50","19","Y","107","XL","false","C","A","72","2","C2","2.0","KUMHO","MID RANGE PREMIUM","PS71"
"2255517ZBLBA2223","6973307192331","BA2223","225/55R17 BLACKARROW P16 101W XL (CAR SUMMER)","https://dcjqgkl774ppl.cloudfront.net/70/model/m_7890_p16.jpg","34.63","225","55","17","W","101","XL","false","C","C","71","2","","30.0","BLACKARROW","BUDGET WHOLESALE","P16"
"2254018ZFA303061","4250427407227","303061","225/40R18 FALKEN ZE914B 92W XL (CAR SUMMER)","https://dcjqgkl774ppl.cloudfront.net/tyrecat/ze914_full_side.png","66.25","225","40","18","W","92","XL","false","D","A","68","1","C1","20.0","FALKEN","MID RANGE 3","ZE914"
"2355519VKU2230183","8808956233068","2230183","235/55R19 KUMHO HP71 101V (4X4 / SUV SUMMER)","https://dcjqgkl774ppl.cloudfront.net/tyrecat/hp71.png","76.78","235","55","19","V","101","","false","D","C","71","2","C2","7.0","KUMHO","MID RANGE PREMIUM","HP71"
"2355519VAC1200055320","8994234022575","1200055320","235/55R19 ACCELERA IOTA ST-68 105V XL (4X4 / SUV SUMMER)","http://images.tyresoft.co.uk/70/MODEL/iotast-68.jpg","51.97","235","55","19","V","105","XL","false","C","C","68","1","","6.0","ACCELERA","BUDGET","IOTA ST68"
"2056016VKU2244673","8808956249724","2244673","205/60R16 KUMHO PS71 96V XL (CAR SUMMER)","https://dcjqgkl774ppl.cloudfront.net/tyrecat/ps71.png","51.9","205","60","16","V","96","XL","false","C","B","70","2","C1","1.0","KUMHO","MID RANGE PREMIUM","PS71"
"2456517HTRXPRIV","6958460910961","RF10R1707","245/65R17 TRACMAX X-PRIVILO H/T 111H XL (4X4 / SUV SUMMER)","https://dcjqgkl774ppl.cloudfront.net/70/MODEL/tracmaxx-priviloht.png","51.97","245","65","17","H","111","XL","false","C","C","71","2","C1","4.0","TRACMAX","BUDGET","X-PRIVILO H/T"
"2355517VKU2230203","8808956233105","2230203","235/55R17 KUMHO HP71 103V XL (4X4 / SUV SUMMER)","https://dcjqgkl774ppl.cloudfront.net/tyrecat/hp71.png","67.99","235","55","17","V","103","XL","false","D","D","71","2","C2","1.0","KUMHO","MID RANGE PREMIUM","HP71"
"2456018HTRXPRIV","6958460910954","RF10R1803","245/60R18 TRACMAX XPRIVILO H/T 105H (4X4 / SUV SUMMER)","https://dcjqgkl774ppl.cloudfront.net/70/MODEL/tracmaxx-priviloht.png","51.97","245","60","18","H","105","","false","C","C","72","2","C1","6.0","TRACMAX","BUDGET","X-PRIVILO H/T"
"2554519ZPI3980400","8019227398045","3980400","255/45R19 PIRELLI P-ZERO (PZ4) 104Y XL (T0)NCS ELT (CAR SUMMER)","https://dcjqgkl774ppl.cloudfront.net/tyrecat/pzero.png","169.27","255","45","19","Y","104","XL","false","B","B","69","1","C1","4.0","PIRELLI","PREMIUM","P-ZERO (PZ4)"
"2256018VTRRF10R1809","6958460910930","RF10R1809","225/60R18 TRACMAX X-PRIVILO H/T 100V (4X4 / SUV SUMMER)","https://dcjqgkl774ppl.cloudfront.net/70/MODEL/tracmaxx-priviloht.png","46.87","225","60","18","V","100","","false","C","C","71","2","C1","8.0","TRACMAX","BUDGET","X-PRIVILO H/T"
"2357016HTRSPRIV","6958460910879","RF10R1604","235/70R16 TRACMAX X-PRIVILO H/T 106H XL (4X4 / SUV SUMMER)","https://dcjqgkl774ppl.cloudfront.net/70/MODEL/tracmaxx-privilotx3.jpg","45.85","235","70","16","H","106","XL","false","C","C","71","2","C1","30.0","TRACMAX","BUDGET","X-PRIVILO H/T"
"2356017HTRXPRIVHT","6958460910497","RF10R1705","235/60R17 TRACMAX X-PRIVILO H/T 106H XL (4X4 / SUV SUMMER)","https://dcjqgkl774ppl.cloudfront.net/70/MODEL/tracmaxx-priviloht.png","44.83","235","60","17","H","106","XL","false","C","C","71","2","C1","2.0","TRACMAX","BUDGET","X-PRIVILO H/T"
"2254018ZCO0358922000","4019238012996","03589220000","225/40R18 CONTINENTAL ECOCONTACT 6 92Y XL * (CAR SUMMER)","https://dcjqgkl774ppl.cloudfront.net/tyrecat/ecocontact_6.png","70.61","225","40","18","Y","92","XL","false","A","B","72","2","C1","25.0","CONTINENTAL","PREMIUM","ECOCONTACT 6"
"2255518ZCO0313256000","4019238097573","0313256","225/55R18 CONTINENTAL ECOCONTACT 6 Q 102Y XL *MO (CAR SUMMER)","https://dcjqgkl774ppl.cloudfront.net/tyrecat/continental/ecocontact6q_ecocontact-6q.png","90.12","225","55","18","Y","102","XL","false","A","B","69","1","C1","7.0","CONTINENTAL","PREMIUM","ECOCONTACT 6 Q"
"2154017ZAVS460299","0029142900733","S460299","215/40R17 AVON ZV7 87Y XL (CAR SUMMER)","https://dcjqgkl774ppl.cloudfront.net/70/model/m_3024_avonzv7200x300engineeredintheukflag.png","59.12","215","40","17","Y","87","XL","false","D","A","70","2","C1","6.0","AVON","MID RANGE 2","ZV7"
"2156517HTRXPRIVHT","6958460910855","RF10R1702","215/65R17 TRACMAX X-PRIVILO H/T 99H (4X4 / SUV SUMMER)","https://dcjqgkl774ppl.cloudfront.net/70/MODEL/tracmaxx-priviloht.png","43.81","215","65","17","H","99","","false","C","C","71","2","C1","13.0","TRACMAX","BUDGET","X-PRIVILO H/T"
"2454519ZCO0311783000","4019238097658","03117830000","245/45R19 CONTINENTAL ECOCONTACT 6 Q 102Y XL *MO (CAR SUMMER)","https://dcjqgkl774ppl.cloudfront.net/tyrecat/continental/ecocontact6q_ecocontact-6q.png","135.11","245","45","19","Y","102","XL","false","A","B","69","1","C1","2.0","CONTINENTAL","PREMIUM","ECOCONTACT 6 Q"
"2554518ZTRTX3","6956647621068","TX3R1813","255/45R18 TRACMAX X-PRIVILO TX3 103Y XL (CAR SUMMER)","https://dcjqgkl774ppl.cloudfront.net/tyrecat/x-privilotx3.png","44.83","255","45","18","Y","103","XL","false","C","B","69","2","C1","17.0","TRACMAX","BUDGET","X-PRIVILO TX3"
"2353519ZCO0311240000","4019238097597","03112400000","235/35R19 CONTINENTAL SPORTCONTACT 6 91Y XL * (CAR SUMMER)","https://dcjqgkl774ppl.cloudfront.net/tyrecat/sportcontact-6-tire-image.png","106.08","235","35","19","Y","91","XL","false","B","B","72","2","C1","3.0","CONTINENTAL","PREMIUM","SPORTCONTACT 6"
"2155518VMI627258","3528706272585","627258","215/55R18 MICHELIN PRIMACY 4 99V XL S1 (CAR SUMMER)","https://dcjqgkl774ppl.cloudfront.net/tyrecat/primacy_4.png","109.46","215","55","18","V","99","XL","false","A","B","68","1","C1","7.0","MICHELIN","PREMIUM","PRIMACY 4"
"2155516ZTO4055300","4981910517443","4055300","215/55R16 TOYO PXTR1 93W (CAR SUMMER)","https://dcjqgkl774ppl.cloudfront.net/tyrecat/pxtr1.png","51.97","215","55","16","W","93","","false","D","B","70","2","C1","30.0","TOYO","MID RANGE PREMIUM","PXTR1"
"2454020ZCO0311790000","4019238097627","03117900000","245/40R20 CONTINENTAL ECOCONTACT 6 Q 99Y XL *MO (CAR SUMMER)","https://dcjqgkl774ppl.cloudfront.net/tyrecat/continental/ecocontact6q_ecocontact-6q.png","159.73","245","40","20","Y","99","XL","false","A","B","69","1","C1","4.0","CONTINENTAL","PREMIUM","ECOCONTACT 6 Q"
"2753520ZCO0311784000","4019238097771","03117840000","275/35R20 CONTINENTAL ECOCONTACT 6 Q 102Y XL *MO (CAR SUMMER)","https://dcjqgkl774ppl.cloudfront.net/tyrecat/continental/ecocontact6q_ecocontact-6q.png","164.17","275","35","20","Y","102","XL","false","A","B","70","1","C1","6.0","CONTINENTAL","PREMIUM","ECOCONTACT 6 Q"
"2653019ZTRXPRIV","6956647621105","TX3R1912","265/30R19 TRACMAX X-PRIVILO TX3 93W XL (CAR SUMMER)","https://dcjqgkl774ppl.cloudfront.net/tyrecat/x-privilotx3.png","49.93","265","30","19","W","93","XL","false","C","B","69","2","C1","9.0","TRACMAX","BUDGET","X-PRIVILO TX3"
"2753019ZTRXPRIV","6956647621112","TX3R1913","275/30R19 TRACMAX X-PRIVILO TX3 96Y XL (CAR SUMMER)","https://dcjqgkl774ppl.cloudfront.net/tyrecat/x-privilotx3.png","44.83","275","30","19","Y","96","XL","false","C","B","70","2","C1","23.0","TRACMAX","BUDGET","X-PRIVILO TX3"
"2055015VTO4054300","4981910519065","4054300","205/50R15 TOYO PXTR1 89V XL (CAR SUMMER)","https://dcjqgkl774ppl.cloudfront.net/tyrecat/pxtr1.png","52.54","205","50","15","V","89","XL","false","D","B","70","2","C1","5.0","TOYO","MID RANGE PREMIUM","PXTR1"
"1955515VTO4054600","4981910516866","4054600","195/55R15 TOYO PXTR1 85V (CAR SUMMER)","https://dcjqgkl774ppl.cloudfront.net/tyrecat/pxtr1.png","41.77","195","55","15","V","85","","false","D","B","70","2","C1","1.0","TOYO","MID RANGE PREMIUM","PXTR1"
"1855515VTO4054200","4981910516873","4054200","185/55R15 TOYO PXTR1 82V (CAR SUMMER)","https://dcjqgkl774ppl.cloudfront.net/tyrecat/pxtr1.png","42.75","185","55","15","V","82","","false","D","B","70","2","C1","9.0","TOYO","MID RANGE PREMIUM","PXTR1"
"2154517ZHA1026079","8808563476100","1026079","215/45R17 HANKOOK VENTUS S1 EVO3 K127 91W XL AUDI (CAR SUMMER)","https://dcjqgkl774ppl.cloudfront.net/tyrecat/k127.png","62.51","215","45","17","W","91","XL","false","B","B","71","2","C1","1.0","HANKOOK","MID RANGE 2","VENTUS S1 EVO3 K127"
"1757014TTR109","6958460910367","109CR1402","175/70R14 TRACMAX RADIAL 109 95/93T (VAN SUMMER)","https://dcjqgkl774ppl.cloudfront.net/tyrecat/radial109.png","24.99","175","70","14","T","95/93","","false","D","D","72","2","C2","30.0","TRACMAX","BUDGET","RADIAL 109"
"2454020ZRARASYCN0387","8886459588144","RASYCN0387","245/40R20 RADAR DIMAX R8+ 99Y XL (CAR SUMMER)","http://omni-united.com/wp-content/uploads/2016/06/dimax-r8-plus.jpg","59.11","245","40","20","Y","99","XL","false","C","B","72","2","C1","23.0","RADAR","BUDGET","DIMAX R8+"
"2454517ZTRXPRIV","6956647620948","TX3R1716","245/45R17 TRACMAX X-PRIVILO TX3 99W XL (CAR SUMMER)","https://dcjqgkl774ppl.cloudfront.net/tyrecat/x-privilotx3.png","37.23","245","45","17","W","99","XL","false","C","B","69","2","C1","30.0","TRACMAX","BUDGET","X-PRIVILO TX3"
"2454518ZTRTX3","6956647620962","TX3R1810","245/45R18 TRACMAX X-PRIVILO TX3 100Y XL (CAR SUMMER)","https://dcjqgkl774ppl.cloudfront.net/tyrecat/x-privilotx3.png","40.75","245","45","18","Y","100","XL","false","C","B","69","2","C1","30.0","TRACMAX","BUDGET","X-PRIVILO TX3"
"2254517ZHA1016652","8808563367484","1016652","225/45R17 HANKOOK VENTUS S1 EVO 2 K117 91W OE (CAR SUMMER)","http://www.etyre.net/preview/t3/ha-k117xl.jpg","51.4","225","45","17","W","91","","false","C","A","70","2","C1","1.0","HANKOOK","MID RANGE 2","VENTUS S1 EVO 2 K117"
"3153022ZCO0358126000","4019238014952","0358126","315/30R22 CONTINENTAL ECOCONTACT 6 107Y XL * (CAR SUMMER)","https://dcjqgkl774ppl.cloudfront.net/tyrecat/ecocontact_6.png","239.98","315","30","22","Y","107","XL","false","A","A","75","2","C1","18.0","CONTINENTAL","PREMIUM","ECOCONTACT 6"
"2553019ZTRXPRIV","6956647620993","TX3R1909","255/30R19 TRACMAX X-PRIVILO TX3 91Y XL (CAR SUMMER)","https://dcjqgkl774ppl.cloudfront.net/tyrecat/x-privilotx3.png","46.87","255","30","19","Y","91","XL","false","C","B","69","2","C1","5.0","TRACMAX","BUDGET","X-PRIVILO TX3"
"2553020ZPI1876000","8019227187601","1876000","255/30R20 PIRELLI PZERO 92Y XL (RO1) (CAR SUMMER)","https://dcjqgkl774ppl.cloudfront.net/70/images/pi-pzero.jpg","167.09","255","30","20","Y","92","XL","false","D","A","73","2","C1","1.0","PIRELLI","PREMIUM","PZERO"
"2553519ZTRTX3","6956647621044","TX3R1910","255/35R19 TRACMAX X-PRIVILO TX3 96Y XL (CAR SUMMER)","https://dcjqgkl774ppl.cloudfront.net/tyrecat/x-privilotx3.png","46.87","255","35","19","Y","96","XL","false","C","B","69","2","C1","30.0","TRACMAX","BUDGET","X-PRIVILO TX3"
"2553518ZTRTX3","6956647621020","TX3R1811","255/35R18 TRACMAX X-PRIVILO TX3 94Y XL (CAR SUMMER)","https://dcjqgkl774ppl.cloudfront.net/tyrecat/x-privilotx3.png","40.75","255","35","18","Y","94","XL","false","C","B","69","2","C1","2.0","TRACMAX","BUDGET","X-PRIVILO TX3"
"1856515HMI1409A1MI","6975991410579","1409A1MI","185/65R15 MINNELL RADIAL P07 88H (CAR SUMMER)","https://dcjqgkl774ppl.cloudfront.net/70/model/m_8111_p07.jpg","23.97","185","65","15","H","88","","false","D","C","70","2","","21.0","MINNELL","BUDGET WHOLESALE","RADIAL P07"
"2354517ZTRXPRIVILO","6956647620818","TX3R1713","235/45R17 TRACMAX X-PRIVILO TX3 97W XL (CAR SUMMER)","https://dcjqgkl774ppl.cloudfront.net/tyrecat/x-privilotx3.png","37.69","235","45","17","W","97","XL","false","C","B","69","2","C1","30.0","TRACMAX","BUDGET","X-PRIVILO TX3"
"2055516VATPOLARBEAR","5420068656738","","205/55R16 ATLAS POLARBEAR UHP 91V (CAR WINTER)","","41.77","205","55","16","V","91","","false","D","D","68","A","C1","6.0","ATLAS","BUDGET","POLARBEAR1"
"2453519ZTRXPRIV","6956647620887","TX3R1906","245/35R19 TRACMAX X-PRIVILO TX3 93Y XL (CAR SUMMER)","https://dcjqgkl774ppl.cloudfront.net/tyrecat/x-privilotx3.png","39.73","245","35","19","Y","93","XL","false","C","B","69","2","C1","30.0","TRACMAX","BUDGET","X-PRIVILO TX3"
"2454018ZTRTX3","6956647620917","TX3R1809","245/40R18 TRACMAX X-PRIVILO TX3 97Y XL (CAR SUMMER)","https://dcjqgkl774ppl.cloudfront.net/tyrecat/x-privilotx3.png","39.73","245","40","18","Y","97","XL","false","C","B","69","2","C1","5.0","TRACMAX","BUDGET","X-PRIVILO TX3"
"2454017ZTRTX3","6956647620894","TX3R1715","245/40R17 TRACMAX X-PRIVILO TX3 95W XL (CAR SUMMER)","https://dcjqgkl774ppl.cloudfront.net/tyrecat/x-privilotx3.png","39.73","245","40","17","W","95","XL","false","C","B","69","2","C1","30.0","TRACMAX","BUDGET","X-PRIVILO TX3"
"2356516RKU2287243","8808956297800","2287243","235/65R16 KUMHO CX11 115/113R (VAN ALL SEASON)","","88.23","235","65","16","R","115/113","","false","C","B","71","2","C2","11.0","KUMHO","MID RANGE PREMIUM","CX11"
"2254518ZTRTX3","6956647620726","TX3R1804","225/45R18 TRACMAX X-PRIVILO TX3 95Y XL (CAR SUMMER)","https://dcjqgkl774ppl.cloudfront.net/tyrecat/x-privilotx3.png","36.67","225","45","18","Y","95","XL","false","C","B","69","2","C1","30.0","TRACMAX","BUDGET","X-PRIVILO TX3"
"2255017ZTRTX3","6956647620740","TX3R1711","225/50R17 TRACMAX X-PRIVILO TX3 98Y XL (CAR SUMMER)","https://dcjqgkl774ppl.cloudfront.net/tyrecat/x-privilotx3.png","36.21","225","50","17","Y","98","XL","false","C","B","69","2","C1","5.0","TRACMAX","BUDGET","X-PRIVILO TX3"
"2356018VPI2423300","8019227242331","2423300","235/60R18 PIRELLI SCORPION VERDE ALL S 107V XL (LR) (4X4 / SUV SUMMER)","https://dcjqgkl774ppl.cloudfront.net/70/images/pi-verde.jpg","99.28","235","60","18","V","107","XL","false","C","C","71","2","C1","6.0","PIRELLI","PREMIUM","SCORPION VERDE ALL S"
"2354517ZTO4054400","4981910516262","4054400","235/45R17 TOYO PXTR1 97W XL (CAR SUMMER)","https://dcjqgkl774ppl.cloudfront.net/tyrecat/pxtr1.png","60.15","235","45","17","W","97","XL","false","D","B","70","2","C1","6.0","TOYO","MID RANGE PREMIUM","PXTR1"
"2254019ZTRXPRIV","6956647620689","TX3R1903","225/40R19 TRACMAX X-PRIVILO TX3 93Y XL (CAR SUMMER)","https://dcjqgkl774ppl.cloudfront.net/tyrecat/x-privilotx3.png","42.79","225","40","19","Y","93","XL","false","C","B","69","2","C1","25.0","TRACMAX","BUDGET","X-PRIVILO TX3"
"2153518ZTO4055500","4981910523307","4055500","215/35R18 TOYO PXTR1 84W XL (CAR SUMMER)","https://dcjqgkl774ppl.cloudfront.net/tyrecat/pxtr1.png","67.27","215","35","18","W","84","XL","false","D","B","70","2","C1","22.0","TOYO","MID RANGE PREMIUM","PXTR1"
"2055517VGO547498","5452000806222","547498","205/55R17 GOODYEAR EFFICIENTGRIP PERFORMANCE 91V (CAR SUMMER)","https://dcjqgkl774ppl.cloudfront.net/70/images/gy-effigripperf.jpg","71.35","205","55","17","V","91","","false","B","B","71","2","C1","30.0","GOODYEAR","PREMIUM","EFFICIENTGRIP PERFORMANCE"
"1958015RRARGD0069","8886459513115","RGD0069","195/80R15 RADAR ARGONITE RV-4 106/104R (VAN SUMMER)","https://dcjqgkl774ppl.cloudfront.net/tyrecat/radar/argoniterv-4_argoniterv-4(45).jpg","42.79","195","80","15","R","106/104","","false","C","B","72","2","C2","14.0","RADAR","BUDGET","ARGONITE RV-4"
"3153522ZCO0358092000","4019238803105","0358092","315/35R22 CONTINENTAL PREMIUMCONTACT 6 111Y XL RUNFLAT * (CAR SUMMER)","https://dcjqgkl774ppl.cloudfront.net/70/model/m_3564_continentalpremiumcontact.jpg","296.46","315","35","22","Y","111","XL","true","B","B","75","2","C1","3.0","CONTINENTAL","PREMIUM","PREMIUMCONTACT 6"
"2155017ZTRTX3","6956647620603","TX3R1708","215/50R17 TRACMAX X-PRIVILO TX3 95W XL (CAR SUMMER)","https://dcjqgkl774ppl.cloudfront.net/tyrecat/x-privilotx3.png","34.17","215","50","17","W","95","XL","false","C","B","69","2","C1","9.0","TRACMAX","BUDGET","X-PRIVILO TX3"
"2354518ZMI149203","3528701492032","149203","235/45R18 MICHELIN PILOT SPORT 4 98Y XL A T0 (CAR SUMMER)","https://dcjqgkl774ppl.cloudfront.net/70/MODEL/michps4.png","144.04","235","45","18","Y","98","XL","false","B","B","71","2","C1","1.0","MICHELIN","PREMIUM","PILOT SPORT 4"
"3153022ZCO0358880000","4019238097856","0358880","315/30R22 CONTINENTAL PREMIUMCONTACT 6 107Y XL * (CAR SUMMER)","https://dcjqgkl774ppl.cloudfront.net/70/model/m_3564_continentalpremiumcontact.jpg","233.53","315","30","22","Y","107","XL","false","B","B","73","2","C1","13.0","CONTINENTAL","PREMIUM","PREMIUMCONTACT 6"
"2154517ZTRXPRIV","6956647620597","TX3R1707","215/45R17 TRACMAX X-PRIVILO TX3 91W XL (CAR SUMMER)","https://dcjqgkl774ppl.cloudfront.net/tyrecat/x-privilotx3.png","31.11","215","45","17","W","91","XL","false","C","B","69","1","C1","30.0","TRACMAX","BUDGET","X-PRIVILO TX3"
"2753522ZCO0358865000","4019238097788","0358865","275/35R22 CONTINENTAL PREMIUMCONTACT 6 104Y XL * (CAR SUMMER)","https://dcjqgkl774ppl.cloudfront.net/70/model/m_3564_continentalpremiumcontact.jpg","198.35","275","35","22","Y","104","XL","false","B","B","73","2","C1","26.0","CONTINENTAL","PREMIUM","PREMIUMCONTACT 6"
"2253519ZTRXPRIV","6956647620658","TX3R1902","225/35R19 TRACMAX X-PRIVILO TX3 88Y XL (CAR SUMMER)","https://dcjqgkl774ppl.cloudfront.net/tyrecat/x-privilotx3.png","36.67","225","35","19","Y","88","XL","false","C","B","69","2","C1","5.0","TRACMAX","BUDGET","X-PRIVILO TX3"
"2754020VGO581400","4038526073334","581400","275/40R20 GOODYEAR ULTRAGRIP PERFORMANCE + SUV 106V XL (4X4 / SUV WINTER)","https://dcjqgkl774ppl.cloudfront.net/tyrecat/goodyear/ultragripperformance_plussuv_ultragrip-performance-plus-suv.png","101.95","275","40","20","V","106","XL","false","C","C","72","2","C1","1.0","GOODYEAR","PREMIUM","ULTRAGRIP PERFORMANCE + SUV"
"2253019ZTRTX3","6956647620634","TX3R1901","225/30R19 TRACMAX X-PRIVILO TX3 84Y XL (CAR SUMMER)","https://dcjqgkl774ppl.cloudfront.net/tyrecat/x-privilotx3.png","36.67","225","30","19","Y","84","XL","false","C","B","69","1","C1","15.0","TRACMAX","BUDGET","X-PRIVILO TX3"
"3153522ZMI212952MI","6975991413877","212952MI","315/35R22 MINNELL SAFY M06 108W RUNFLAT (4X4 / SUV SUMMER)","https://dcjqgkl774ppl.cloudfront.net/70/model/m_6384_minnellmo6.jpg","114.19","315","35","22","W","108","","true","C","C","74","2","","12.0","MINNELL","BUDGET WHOLESALE","SAFY M06"
"2255015VTO4055000","4981910520740","4055000","225/50R15 TOYO PXTR1 91V (CAR SUMMER)","https://dcjqgkl774ppl.cloudfront.net/tyrecat/pxtr1.png","51.97","225","50","15","V","91","","false","D","B","70","2","C1","9.0","TOYO","MID RANGE PREMIUM","PXTR1"
"2654520ZBR5541","3286340554114","5541","265/45R20 BRIDGESTONE DUELER H/P SPORT 104Y RUNFLAT MOEXTENDED (4X4 / SUV SUMMER)","http://www.etyre.net/preview/t3/br-dsport.jpg","183.55","265","45","20","Y","104","","true","D","C","71","2","C1","1.0","BRIDGESTONE","PREMIUM","DUELER H/P SPORT"
"3153520ZMI20062MI","6975991413778","20062MI","315/35R20 MINNELL SAFY M06 110W RUNFLAT XL (4X4 / SUV SUMMER)","https://dcjqgkl774ppl.cloudfront.net/70/model/m_6384_minnellmo6.jpg","94.81","315","35","20","W","110","XL","true","C","C","74","2","","30.0","MINNELL","BUDGET WHOLESALE","SAFY M06"
"2753519ZMI18462MI","6975991413570","18462MI","275/35R19 MINNELL SAFY M06 100W XL RUNFLAT (CAR SUMMER)","https://dcjqgkl774ppl.cloudfront.net/70/model/m_6384_minnellmo6.jpg","82.57","275","35","19","W","100","","true","C","C","73","2","","9.0","MINNELL","BUDGET WHOLESALE","SAFY M06"
"1955516VTO4054500","4981910517436","4054500","195/55R16 TOYO PXTR1 91V XL (CAR SUMMER)","https://dcjqgkl774ppl.cloudfront.net/tyrecat/pxtr1.png","53.14","195","55","16","V","91","XL","false","D","B","70","2","C1","3.0","TOYO","MID RANGE PREMIUM","PXTR1"
"2153518ZTRTX3","6956647620566","TX3R1801","215/35R18 TRACMAX X-PRIVILO TX3 84W XL (CAR SUMMER)","https://dcjqgkl774ppl.cloudfront.net/tyrecat/x-privilotx3.png","37.69","215","35","18","W","84","XL","false","C","B","69","2","C1","21.0","TRACMAX","BUDGET","X-PRIVILO TX3"
"2055016ZTO4057300","4981910519096","4057300","205/50R16 TOYO PXTR1 87W (CAR SUMMER)","https://dcjqgkl774ppl.cloudfront.net/tyrecat/pxtr1.png","54.9","205","50","16","W","87","","false","D","B","70","2","C1","3.0","TOYO","MID RANGE PREMIUM","PXTR1"
"2055517ZTRXPRIV","6956647620559","TX3R1705","205/55R17 TRACMAX X-PRIVILO TX3 95W XL (CAR SUMMER)","https://dcjqgkl774ppl.cloudfront.net/tyrecat/x-privilotx3.png","36.67","205","55","17","W","95","XL","false","C","B","69","2","C1","30.0","TRACMAX","BUDGET","X-PRIVILO TX3"
"1954516ZTO4052900","4981910517429","4052900","195/45R16 TOYO PXTR1 84W XL (CAR SUMMER)","https://dcjqgkl774ppl.cloudfront.net/tyrecat/pxtr1.png","49.34","195","45","16","W","84","XL","false","D","B","70","2","C1","16.0","TOYO","MID RANGE PREMIUM","PXTR1"
"2054516ZTO4053400","4981910517412","4053400","205/45R16 TOYO PXTR1 87W XL (CAR SUMMER)","https://dcjqgkl774ppl.cloudfront.net/tyrecat/pxtr1.png","56.64","205","45","16","W","87","XL","false","D","B","70","2","C1","17.0","TOYO","MID RANGE PREMIUM","PXTR1"
"2255516ZTRXPRIV","6956647620443","TX1R1612","225/55R16 TRACMAX X-PRIVILO TX1 99W XL (CAR SUMMER)","https://dcjqgkl774ppl.cloudfront.net/70/MODEL/tracmaxx-privilotx2.png","36.67","225","55","16","W","99","XL","false","C","B","69","2","C1","30.0","TRACMAX","BUDGET","X-PRIVILO TX1"
"2254516ZTO4054100","4981910520764","4054100","225/45R16 TOYO PXTR1 93W XL (CAR SUMMER)","https://dcjqgkl774ppl.cloudfront.net/tyrecat/pxtr1.png","68.8","225","45","16","W","93","XL","false","D","B","70","2","C1","4.0","TOYO","MID RANGE PREMIUM","PXTR1"
"1957015RKU2287043","8808956297602","2287043","195/70R15 KUMHO CX11 104/102R (VAN ALL SEASON)","","51.57","195","70","15","R","104/102","","false","C","B","71","2","C2","1.0","KUMHO","MID RANGE PREMIUM","CX11"
"2056516TKU2287083","8808956297640","2287083","205/65R16 KUMHO CX11 107/105T (VAN ALL SEASON)","","72.24","205","65","16","T","107/105","","false","C","B","71","2","C2","12.0","KUMHO","MID RANGE PREMIUM","CX11"
"2753520ZMI21532MI","6975991413754","21532MI","275/35R20 MINNELL SAFY M06 102W XL  RUNFLAT (CAR SUMMER)","https://dcjqgkl774ppl.cloudfront.net/70/model/m_6384_minnellmo6.jpg","82.57","275","35","20","W","102","","true","C","C","73","2","C1","30.0","MINNELL","BUDGET WHOLESALE","SAFY M06"
"1856514HKU2287383","8808956298319","2287383","185/65R14 KUMHO HA32 86H (CAR ALL SEASON)","https://dcjqgkl774ppl.cloudfront.net/tyrecat/kumho/ha32_ha32.png","39.26","185","65","14","H","86","","false","D","B","71","2","C1","1.0","KUMHO","MID RANGE PREMIUM","HA32"
"1954515VTRTX3","6956647620481","TX3R1501","195/45R15 TRACMAX X-PRIVILO TX3 78V (CAR SUMMER)","https://dcjqgkl774ppl.cloudfront.net/tyrecat/x-privilotx3.png","28.05","195","45","15","V","78","","false","C","B","69","2","C1","7.0","TRACMAX","BUDGET","X-PRIVILO TX3"
"2255017ZTO4054900","4981910517467","4054900","225/50R17 TOYO PXTR1 94W (CAR SUMMER)","https://dcjqgkl774ppl.cloudfront.net/tyrecat/pxtr1.png","58.09","225","50","17","W","94","","false","D","B","70","2","C1","30.0","TOYO","MID RANGE PREMIUM","PXTR1"
"2256016VTRTX1","6956647620474","TX1R1614","225/60R16 TRACMAX X-PRIVILO TX1 102V XL (CAR SUMMER)","https://dcjqgkl774ppl.cloudfront.net/70/MODEL/tracmaxx-privilotx2.png","41.77","225","60","16","V","102","XL","false","C","B","69","2","C1","30.0","TRACMAX","BUDGET","X-PRIVILO TX1"
"2154517ZTO4053700","4981910517450","4053700","215/45R17 TOYO PXTR1 91W XL (CAR SUMMER)","https://dcjqgkl774ppl.cloudfront.net/tyrecat/pxtr1.png","54.21","215","45","17","W","91","XL","false","D","B","70","2","C1","19.0","TOYO","MID RANGE PREMIUM","PXTR1"
"2754520VGO583723","4038526101181","583723","275/45R20 GOODYEAR ULTRAGRIP PERFORMANCE + 110V XL (CAR WINTER)","https://dcjqgkl774ppl.cloudfront.net/tyrecat/goodyear/ultragripperformance+_ultragrip_performance_plus.png","211.29","275","45","20","V","110","XL","false","C","C","70","1","C1","1.0","GOODYEAR","PREMIUM","ULTRAGRIP PERFORMANCE +"
"2054517ZMI13082MI","6975991413143","13082MI","205/45R17 MINNELL SPORT M01 88W XL RUNFLAT (CAR SUMMER)","https://dcjqgkl774ppl.cloudfront.net/70/model/m_8110_mo1.jpeg","43.81","205","45","17","W","88","XL","true","C","C","71","2","C1","30.0","MINNELL","BUDGET WHOLESALE","SPORT M01"
"2055017ZAV589628","0029142846055","589628","205/50R17 AVON ZV7 93W XL (CAR SUMMER)","https://dcjqgkl774ppl.cloudfront.net/70/model/m_3024_avonzv7200x300engineeredintheukflag.png","45.47","205","50","17","W","93","XL","false","C","A","70","2","C1","16.0","AVON","MID RANGE 2",""
"2255017ZGO578625","4038526040671","578625","225/50R17 GOODYEAR EAGLE F1 (ASYMMETRIC) 5 98Y XL (CAR SUMMER)","https://dcjqgkl774ppl.cloudfront.net/tyrecat/eagle_f1_asym_5.png","89.71","225","50","17","Y","98","XL","false","C","A","70","2","C1","2.0","GOODYEAR","PREMIUM","EAGLE F1 (ASYMMETRIC) 5"
"2055017ZMI14123MI","6975991413150","14123MI","205/50R17 MINNELL SPORT M01 93W XL RUNFLAT (CAR SUMMER)","https://dcjqgkl774ppl.cloudfront.net/70/model/m_8110_mo1.jpeg","51.97","205","50","17","W","93","XL","true","C","C","72","2","C1","30.0","MINNELL","BUDGET WHOLESALE","SPORT M01"
"1756016HKU2287413","8808956298340","2287413","175/60R16 KUMHO HA32 82H (CAR ALL SEASON)","https://dcjqgkl774ppl.cloudfront.net/tyrecat/kumho/ha32_ha32.png","48.59","175","60","16","H","82","","false","D","B","71","2","C1","1.0","KUMHO","MID RANGE PREMIUM","HA32"
"2254518ZGO547520","5452000804617","547520","225/45R18 GOODYEAR EAGLE F1 (ASYMMETRIC) 5 91Y SL (CAR SUMMER)","https://dcjqgkl774ppl.cloudfront.net/tyrecat/eagle_f1_asym_5.png","101.69","225","45","18","Y","91","SL","false","B","A","70","2","C1","2.0","GOODYEAR","PREMIUM","EAGLE F1 (ASYMMETRIC) 5"
"2455019ZMI212472MI","6975991413648","212472MI","245/50R19 MINNELL SAFY M06 101W RUNFLAT (CAR SUMMER)","https://dcjqgkl774ppl.cloudfront.net/70/model/m_6384_minnellmo6.jpg","82.57","245","50","19","W","101","","true","C","C","71","2","C1","12.0","MINNELL","BUDGET WHOLESALE","SAFY M06"
"3153521ZMI212962MI","6975991412399","212962MI","315/35R21 MINNELL SAFY M06 111W XL (4X4 / SUV SUMMER)","https://dcjqgkl774ppl.cloudfront.net/70/model/m_6384_minnellmo6.jpg","81.55","315","35","21","W","111","","false","C","C","75","2","","30.0","MINNELL","BUDGET WHOLESALE","SAFY M06"
"2055517ZMI21182MI","6975991413242","21182MI","205/55R17 MINNELL SAFY M06 91W RUNFLAT (CAR SUMMER)","https://dcjqgkl774ppl.cloudfront.net/70/model/m_6384_minnellmo6.jpg","59.11","205","55","17","W","91","","true","D","C","71","2","C1","30.0","MINNELL","BUDGET WHOLESALE","SAFY M06"
"1955516VACPHIR","8997020614527","1200034472","195/55R16 ACCELERA PHI R 91V XL (CAR SUMMER)","https://dcjqgkl774ppl.cloudfront.net/70/images/acc phir.jpg","31.11","195","55","16","V","91","XL","false","D","C","72","2","C1","30.0","ACCELERA","BUDGET","PHI R"
"2054516ZACPHIR","8997020614541","1200034470","205/45R16 ACCELERA PHI R 87W XL (CAR SUMMER)","https://dcjqgkl774ppl.cloudfront.net/70/images/acc phir.jpg","30.09","205","45","16","W","87","XL","false","D","C","72","2","C1","6.0","ACCELERA","BUDGET","PHI R"
"2156017TNAEB301","4718022010339","EB301","215/60R17 NANKANG CW-20 109/107T (VAN SUMMER)","https://dcjqgkl774ppl.cloudfront.net/tyrecat/cw20.png","64.25","215","60","17","T","109/107","","false","C","C","72","2","","5.0","NANKANG","BUDGET","CW-20"
"2353519ZMI17431MI","6975991411828","17431MI","235/35R19 MINNELL SAFY M06 91W XL (CAR SUMMER)","https://dcjqgkl774ppl.cloudfront.net/70/model/m_6384_minnellmo6.jpg","36.67","235","35","19","W","91","XL","false","D","C","72","2","C1","30.0","MINNELL","BUDGET WHOLESALE","SAFY M06"
"2754021ZMI212941MI","6975991412368","212941MI","275/40R21 MINNELL SAFY M06 107W XL (4X4 / SUV SUMMER)","","70.21","275","40","21","W","107","XL","false","C","C","73","2","C1","30.0","MINNELL","BUDGET WHOLESALE","SAFY M06"
"2354519VMI194722","3528701947228","194722","235/45R19 MICHELIN PILOT SPORT 4 SUV 95V RUNFLAT FRV (4X4 / SUV SUMMER)","https://dcjqgkl774ppl.cloudfront.net/tyrecat/pilot-sport-4-suv.png","176.02","235","45","19","V","95","","true","D","A","70","2","C1","1.0","MICHELIN","PREMIUM","PILOT SPORT 4 SUV"
"2157516RMI132621","3528701326214","132621","215/75R16 MICHELIN AGILIS 3 116/114R (VAN SUMMER)","https://dcjqgkl774ppl.cloudfront.net/tyrecat/michelin/agilis3_agilis3.png","131.89","215","75","16","R","116/114","","false","B","A","72","2","C2","2.0","MICHELIN","PREMIUM","AGILIS 3"
"2453520ZMI17332MI","6975991413808","17332MI","245/35R20 MINNELL SAFY M06 95W XL RUNFLAT (CAR SUMMER)","https://dcjqgkl774ppl.cloudfront.net/70/model/m_6384_minnellmo6.jpg","81.55","245","35","20","W","95","XL","true","C","C","72","2","C1","29.0","MINNELL","BUDGET WHOLESALE","SAFY M06"
"2554018ZUN03611020000","4024068003021","03611020000","255/40R18 UNIROYAL RAINSPORT 5 99Y XL (CAR SUMMER)","https://dcjqgkl774ppl.cloudfront.net/70/model/m_5279_rs5.jpg","110.79","255","40","18","Y","99","XL","false","C","A","73","2","C1","1.0","UNIROYAL","MID RANGE PREMIUM","RAINSPORT 5"
"2654021ZMI21651MI","6975991412351","21651MI","265/40R21 MINNELL SAFY M06 105W XL (4X4 / SUV SUMMER)","","62.17","265","40","21","W","105","","false","C","C","73","2","","30.0","MINNELL","BUDGET WHOLESALE","SAFY M06"
"2553019ZUN03610980000","4024068002529","03610980000","255/30R19 UNIROYAL RAINSPORT 5 91Y XL (CAR SUMMER)","https://dcjqgkl774ppl.cloudfront.net/70/model/m_5279_rs5.jpg","121.39","255","30","19","Y","91","XL","false","D","A","73","2","C1","4.0","UNIROYAL","MID RANGE PREMIUM","RAINSPORT 5"
"2754020ZMI17371MI","6975991412238","17371MI","275/40R20 MINNELL SAFY M06 106W XL (4X4 / SUV SUMMER)","https://dcjqgkl774ppl.cloudfront.net/70/model/m_6384_minnellmo6.jpg","55.03","275","40","20","W","106","XL","false","C","C","73","2","","30.0","MINNELL","BUDGET WHOLESALE","SAFY M06"
"2555519VUN03611120000","4024068003106","03611120000","255/55R19 UNIROYAL RAINSPORT 5 111V XL (CAR SUMMER)","https://dcjqgkl774ppl.cloudfront.net/70/model/m_5279_rs5.jpg","94.49","255","55","19","V","111","XL","false","C","A","73","2","C1","6.0","UNIROYAL","MID RANGE PREMIUM","RAINSPORT 5"
"1757014DE6924590246843","6924590246843","6924590246843","175/70R14 DELMAX DM517 95/93S (VAN SUMMER)","","25.45","175","70","14","","95/93","","false","C","C","72","2","C2","1.0","DELMAX","BUDGET WHOLESALE","DM517"
"2554520ZUN03611080000","4024068003311","03611080000","255/45R20 UNIROYAL RAINSPORT 5 105Y XL (CAR SUMMER)","https://dcjqgkl774ppl.cloudfront.net/70/model/m_5279_rs5.jpg","132.21","255","45","20","Y","105","XL","false","C","A","73","2","C1","6.0","UNIROYAL","MID RANGE PREMIUM","RAINSPORT 5"
"1955516VDE6924590248861","6924590248861","6924590248861","195/55R16 DELMAX ULTIMEPRO UP1 87V (CAR SUMMER)","","27.03","195","55","16","V","87","","false","C","C","71","B","C1","30.0","DELMAX","BUDGET WHOLESALE","ULTIMEPRO UP1"
"2654020ZMI21051MI","6975991412030","21051MI","265/40R20 MINNELL SAFY M06 104W XL (4X4 / SUV SUMMER)","","58.09","265","40","20","W","104","","false","C","C","73","2","","3.0","MINNELL","BUDGET WHOLESALE","SAFY M06"
"2453518ZUN03610880000","4024068002727","03610880000","245/35R18 UNIROYAL RAINSPORT 5 92Y XL (CAR SUMMER)","https://dcjqgkl774ppl.cloudfront.net/70/model/m_5279_rs5.jpg","87.94","245","35","18","Y","92","XL","false","D","A","72","2","C1","20.0","UNIROYAL","MID RANGE PREMIUM","RAINSPORT 5"
"2355019VUN03610800000","4024068003175","03610800000","235/50R19 UNIROYAL RAINSPORT 5 99V (CAR SUMMER)","https://dcjqgkl774ppl.cloudfront.net/70/model/m_5279_rs5.jpg","91.51","235","50","19","V","99","","false","C","A","71","2","C1","9.0","UNIROYAL","MID RANGE PREMIUM","RAINSPORT 5"
"2453520ZUN03610900000","4024068003199","03610900000","245/35R20 UNIROYAL RAINSPORT 5 95Y XL (CAR SUMMER)","https://dcjqgkl774ppl.cloudfront.net/70/model/m_5279_rs5.jpg","112.25","245","35","20","Y","95","XL","false","D","A","72","2","C1","16.0","UNIROYAL","MID RANGE PREMIUM","RAINSPORT 5"
"2453519ZUN03610890000","4024068002512","03610890000","245/35R19 UNIROYAL RAINSPORT 5 93Y XL (CAR SUMMER)","https://dcjqgkl774ppl.cloudfront.net/70/model/m_5279_rs5.jpg","109.07","245","35","19","Y","93","XL","false","C","A","72","2","C1","26.0","UNIROYAL","MID RANGE PREMIUM","RAINSPORT 5"
"2253520ZUN03610530000","4024068003236","03610530000","225/35R20 UNIROYAL RAINSPORT 5 90Y XL (CAR SUMMER)","https://dcjqgkl774ppl.cloudfront.net/70/model/m_5279_rs5.jpg","111.22","225","35","20","Y","90","XL","false","C","A","72","2","C1","2.0","UNIROYAL","MID RANGE PREMIUM","RAINSPORT 5"
"2155517ZUN03610480000","4024068002642","03610480000","215/55R17 UNIROYAL RAINSPORT 5 98W XL (CAR SUMMER)","https://dcjqgkl774ppl.cloudfront.net/70/model/m_5279_rs5.jpg","77.55","215","55","17","W","98","XL","false","C","A","72","2","C1","4.0","UNIROYAL","MID RANGE PREMIUM","RAINSPORT 5"
"2754021ZMI212942MI","6975991413853","212942MI","275/40R21 MINNELL SAFY M06 107W XL RUNFLAT (4X4 / SUV SUMMER)","https://dcjqgkl774ppl.cloudfront.net/70/model/m_6384_minnellmo6.jpg","77.47","275","40","21","W","107","XL","true","C","C","73","2","C1","28.0","MINNELL","BUDGET WHOLESALE","SAFY M06"
"2253519ZMI17412MI","6975991413600","17412MI","225/35R19 MINNELL SAFY M06 88W XL RUNFLAT (CAR SUMMER)","https://dcjqgkl774ppl.cloudfront.net/70/model/m_6384_minnellmo6.jpg","59.11","225","35","19","W","88","XL","true","D","C","72","2","C1","30.0","MINNELL","BUDGET WHOLESALE","SAFY M06"
"2254019ZUN03610550000","4024068003038","03610550000","225/40R19 UNIROYAL RAINSPORT 5 93Y XL (CAR SUMMER)","https://dcjqgkl774ppl.cloudfront.net/70/model/m_5279_rs5.jpg","102.15","225","40","19","Y","93","XL","false","D","A","72","2","C1","26.0","UNIROYAL","MID RANGE PREMIUM","RAINSPORT 5"
"2556020ZMI507346","3528705073466","507346","255/60R20 MICHELIN PRIMACY 113Y XL LR (CAR ALL SEASON)","","128.47","255","60","20","Y","113","XL","false","NA","NA","NA","NA","C1","1.0","MICHELIN","PREMIUM","PRIMACY ALL SEASON"
"3054020ZMI212061MI","6975991413716","212061MI","305/40R20 MINNELL SAFY M06 112W XL RUNFLAT (4X4 / SUV SUMMER)","https://dcjqgkl774ppl.cloudfront.net/70/model/m_6384_minnellmo6.jpg","95.83","305","40","20","W","112","","true","C","C","75","2","","30.0","MINNELL","BUDGET WHOLESALE","SAFY M06"
"2253520ZMI17422MI","6975991413815","17422MI","225/35R20 MINNELL SAFY M06 90W XL RUNFLAT (CAR SUMMER)","https://dcjqgkl774ppl.cloudfront.net/70/model/m_6384_minnellmo6.jpg","88.69","225","35","20","W","90","XL","true","D","C","72","2","","24.0","MINNELL","BUDGET WHOLESALE","SAFY M06"
"2554020ZUN03611040000","4024068003243","03611040000","255/40R20 UNIROYAL RAINSPORT 5 101Y XL (CAR SUMMER)","https://dcjqgkl774ppl.cloudfront.net/70/model/m_5279_rs5.jpg","122.63","255","40","20","Y","101","XL","false","C","A","73","2","C1","1.0","UNIROYAL","MID RANGE PREMIUM","RAINSPORT 5"
"2654021ZUN03611160000","4024068002451","03611160000","265/40R21 UNIROYAL RAINSPORT 5 105Y XL (CAR SUMMER)","https://dcjqgkl774ppl.cloudfront.net/70/model/m_5279_rs5.jpg","144.54","265","40","21","Y","105","XL","false","C","A","73","2","C1","5.0","UNIROYAL","MID RANGE PREMIUM","RAINSPORT 5"
"2853523ZTO4022500","4981910524687","4022500","285/35R23 TOYO PXSPS 107Y XL (4X4 / SUV SUMMER)","https://dcjqgkl774ppl.cloudfront.net/tyrecat/pxsps.png","164.17","285","35","23","Y","107","XL","false","C","B","74","2","C1","30.0","TOYO","MID RANGE PREMIUM","PXSPS"
"2553518ZMI17342MI","6975991413471","17342MI","255/35R18 MINNELL SAFY M06 94W XL RUNFLAT (CAR SUMMER)","","61.15","255","35","18","W","94","XL","true","D","C","73","2","C1","11.0","MINNELL","BUDGET WHOLESALE","SAFY M06"
"2954022ZTO4021200","4981910519331","4021200","295/40R22 TOYO PXSPS 112Y XL (4X4 / SUV SUMMER)","https://dcjqgkl774ppl.cloudfront.net/tyrecat/pxsps.png","119.29","295","40","22","Y","112","XL","false","C","A","71","2","C1","9.0","TOYO","MID RANGE PREMIUM","PXSPS"
"2454020ZMI21522MI","6975991413761","21522MI","245/40R20 MINNELL SAFY M06 99W XL RUNFLAT (CAR SUMMER)","https://dcjqgkl774ppl.cloudfront.net/70/model/m_6384_minnellmo6.jpg","78.49","245","40","20","W","99","","true","C","C","72","2","C1","30.0","MINNELL","BUDGET WHOLESALE","SAFY M06"
"2155017ZUN3610070000","4024068001348","03610070000","215/50R17 UNIROYAL ALLSEASONEXPERT 2 95W XL (CAR ALL SEASON)","https://dcjqgkl774ppl.cloudfront.net/tyrecat/allseasonexpert2.png","84.04","215","50","17","W","95","XL","false","D","C","72","2","C1","1.0","UNIROYAL","MID RANGE PREMIUM","ALLSEASONEXPERT 2"
"2554019ZMI20002MI","6975991413556","20002MI","255/40R19 MINNELL SAFY M06 100W RUNFLAT (4X4 / SUV SUMMER)","","67.27","255","40","19","W","100","","true","C","C","73","2","","4.0","MINNELL","BUDGET WHOLESALE","SAFY M06"
"2454019ZMI18392MI","6975991413587","18392MI","245/40R19 MINNELL SAFY M06 98W XL RUNFLAT (CAR SUMMER)","https://dcjqgkl774ppl.cloudfront.net/70/model/m_6384_minnellmo6.jpg","70.33","245","40","19","W","98","XL","true","C","C","72","2","C1","30.0","MINNELL","BUDGET WHOLESALE","SAFY M06"
"2754020ZMI17373MI","6975991413792","17373MI","275/40R20 MINNELL SAFY M06 106W XL RUNFLAT (4X4 / SUV SUMMER)","","85.63","275","40","20","W","106","XL","true","C","C","73","2","","30.0","MINNELL","BUDGET WHOLESALE","SAFY M06"
"2754019ZMI20042MI","6975991413655","20042MI","275/40R19 MINNELL SAFY M06 105W RUNFLAT XL (CAR SUMMER)","","76.45","275","40","19","W","105","","true","C","C","73","2","C1","8.0","MINNELL","BUDGET WHOLESALE","SAFY M06"
"2554020ZMI21022MI","6975991413730","21022MI","255/40R20 MINNELL SAFY M06 101W XL RUNFLAT (CAR SUMMER)","https://dcjqgkl774ppl.cloudfront.net/70/model/m_6384_minnellmo6.jpg","77.47","255","40","20","W","101","XL","true","C","C","73","2","C1","3.0","MINNELL","BUDGET WHOLESALE","SAFY M06"
"2454520ZMI18442MI","6975991413693","18442MI","245/45R20 MINNELL SAFY M06 103W XL RUNFLAT (CAR SUMMER)","https://dcjqgkl774ppl.cloudfront.net/70/model/m_6384_minnellmo6.jpg","71.35","245","45","20","W","103","","true","C","C","72","2","C1","3.0","MINNELL","BUDGET WHOLESALE","SAFY M06"
"2653520ZTO4015400","4981910501510","4015400","265/35R20 TOYO PXSP 99Y XL (CAR SUMMER)","https://dcjqgkl774ppl.cloudfront.net/tyrecat/pxsp-proxes_sport.jpg","123.04","265","35","20","Y","99","XL","false","C","A","73","2","C1","1.0","TOYO","MID RANGE PREMIUM","PXSP"
"2454519ZMI17303MI","6975991413594","17303MI","245/45R19 MINNELL SAFY M06 102W XL RUNFLAT (CAR SUMMER)","https://dcjqgkl774ppl.cloudfront.net/70/model/m_6384_minnellmo6.jpg","66.25","245","45","19","W","102","XL","true","C","C","72","2","","26.0","MINNELL","BUDGET WHOLESALE","SAFY M06"
"1957516SGO577375","4038526031426","577375","195/75R16 GOODYEAR VECTOR 4SEASONS CARGO 107/105S (VAN ALL SEASON)","https://dcjqgkl774ppl.cloudfront.net/tyrecat/vector-4seasons-cargo.png","72.37","195","75","16","S","107/105","","false","C","B","71","B","C1","10.0","GOODYEAR","PREMIUM","VECTOR 4SEASONS CARGO"
"2554520ZMI21222MI","6975991413709","21222MI","255/45R20 MINNELL SAFY M06 105W XL RUNFLAT (4X4 / SUV SUMMER)","","78.49","255","45","20","W","105","XL","true","C","C","73","2","C1","17.0","MINNELL","BUDGET WHOLESALE","SAFY M06"
"2454017ZTO3900300","4981910527275","3900300","245/40R17 TOYO PX R888R 91W (CAR SUMMER)","https://dcjqgkl774ppl.cloudfront.net/tyrecat/pxr8r.png","82.57","245","40","17","W","91","","false","D","D","72","2","","4.0","TOYO","MID RANGE PREMIUM","R888R"
"2255519VTO3398200","4981910754800","3398200","225/55R19 TOYO PXR36C 99V (CAR SUMMER)","https://dcjqgkl774ppl.cloudfront.net/70/MODEL/pxr36c.jpg","75.43","225","55","19","V","99","","false","C","C","69","2","C1","30.0","TOYO","MID RANGE PREMIUM","PXR36C"
"2256517VUN3626640000","4024068000976","03626640000","225/65R17 UNIROYAL ALLSEASONEXPERT 2 106V XL (4X4 / SUV ALL SEASON)","https://dcjqgkl774ppl.cloudfront.net/tyrecat/allseasonexpert2.png","71.35","225","65","17","V","106","XL","false","D","C","72","2","C1","1.0","UNIROYAL","MID RANGE PREMIUM","ALLSEASONEXPERT 2"
"2054018ZGO574436","5452000831699","574436","205/40R18 GOODYEAR ULTRAGRIP PERFORMANCE + 86W XL (CAR WINTER)","https://dcjqgkl774ppl.cloudfront.net/tyrecat/goodyear/ultragripperformance+_ultragrip_performance_plus.png","101.95","205","40","18","W","86","XL","false","D","B","71","2","C1","2.0","GOODYEAR","PREMIUM","ULTRAGRIP PERFORMANCE +"
"2657516STO3834800","4981910514961","3834800","265/75R16 TOYO OPAT+ 119S (4X4 / SUV SUMMER)","https://dcjqgkl774ppl.cloudfront.net/70/MODEL/to-openat.jpg","95.83","265","75","16","S","119","","false","D","D","72","2","","1.0","TOYO","MID RANGE PREMIUM","OPAT+"
"2156016VKU2271013","8808956281557","2271013","215/60R16 KUMHO HA32 99V XL (CAR ALL SEASON)","https://dcjqgkl774ppl.cloudfront.net/tyrecat/kumho/ha32_ha32.png","62.58","215","60","16","V","99","XL","false","C","B","72","2","C1","1.0","KUMHO","MID RANGE PREMIUM","HA32"
"2454518ZMI21642MI","6975991413365","21642MI","245/45R18 MINNELL SAFY M06 96W RUNFLAT (CAR SUMMER)","","57.07","245","45","18","W","96","","true","C","C","71","2","C1","30.0","MINNELL","BUDGET WHOLESALE","SAFY M06"
"2354520VPI3788700","8019227378870","3788700","235/45R20 PIRELLI P-ZERO (PZ4) 100V XL (VOL) ELT (4X4 / SUV SUMMER)","https://dcjqgkl774ppl.cloudfront.net/tyrecat/pzero.png","149.09","235","45","20","V","100","XL","false","A","B","71","2","C1","4.0","PIRELLI","PREMIUM","P-ZERO (PZ4)"
"2354519ZMI21262MI","6975991413518","21262MI","235/45R19 MINNELL SAFY M06 99W XL RUNFLAT (4X4 / SUV SUMMER)","https://dcjqgkl774ppl.cloudfront.net/70/model/m_6384_minnellmo6.jpg","72.37","235","45","19","W","99","XL","true","C","C","72","2","C1","30.0","MINNELL","BUDGET WHOLESALE","SAFY M06"
"1758013RHIS2000","6953913102504","","175/80R13 HIFLY SUPER2000 97/95R (VAN SUMMER)","https://dcjqgkl774ppl.cloudfront.net/70/images/hi-super2000.jpg","27.49","175","80","13","R","97","","false","D","C","72","2","C2","3.0","HIFLY","BUDGET WHOLESALE","SUPER2000"
"2254518ZMI17243MI","6975991413464","17243MI","225/45R18 MINNELL SAFY M06 95W XL RUNFLAT (CAR SUMMER)","https://dcjqgkl774ppl.cloudfront.net/70/model/m_6384_minnellmo6.jpg","56.05","225","45","18","W","95","XL","true","C","C","72","2","","30.0","MINNELL","BUDGET WHOLESALE","SAFY M06"
"2554519THA1027027","8808563508818","1027027","255/45R19 HANKOOK VENTUS S1 EVO3 EV K127E 100T VW ID7 VW ID7 (CAR SUMMER)","https://dcjqgkl774ppl.cloudfront.net/tyrecat/hankook/ventuss1evo3evk127e_ventuss1evo3.png","162.06","255","45","19","T","100","","false","A","A","69","1","C1","3.0","HANKOOK","MID RANGE 2","VENTUS S1 EVO3 EV K127E"
"2353520ZPI3828000","8019227382808","3828000","235/35R20 PIRELLI P-ZERO (PZ4) 92Y XL (T0)NCS ELT (CAR SUMMER)","https://dcjqgkl774ppl.cloudfront.net/tyrecat/pzero.png","174.37","235","35","20","Y","92","XL","false","C","A","70","2","C1","18.0","PIRELLI","PREMIUM","P-ZERO (PZ4)"
"2356018VGO586273","4038526336583","586273","235/60R18 GOODYEAR EAGLE F1 (ASYMMETRIC) SUV AT 107V XL J LR (4X4 / SUV SUMMER)","http://ordering.vandenban.nl/profielen/goodyear_f1 asym suv xl.jpg","89.71","235","60","18","V","107","XL","false","A","C","72","2","C1","2.0","GOODYEAR","PREMIUM","EAGLE F1 (ASYMMETRIC) SUV AT"
"2055015VKU2165713","8808956148430","2165713","205/50R15 KUMHO HS51 86V (CAR SUMMER)","https://dcjqgkl774ppl.cloudfront.net/70/MODEL/hs51.jpeg","50.66","205","50","15","V","86","","false","D","B","71","2","C1","4.0","KUMHO","MID RANGE PREMIUM","HS51"
"1855515HKU2270833","8808956281373","2270833","185/55R15 KUMHO HA32 86H XL (CAR ALL SEASON)","https://dcjqgkl774ppl.cloudfront.net/tyrecat/kumho/ha32_ha32.png","48.43","185","55","15","H","86","XL","false","D","B","71","2","C1","3.0","KUMHO","MID RANGE PREMIUM","HA32"
"2054517VUN0363379000","4024068005032","03633790000","205/45R17 UNIROYAL ALLSEASONEXPERT 2 88V XL (CAR ALL SEASON)","https://dcjqgkl774ppl.cloudfront.net/tyrecat/allseasonexpert2.png","83.94","205","45","17","V","88","XL","false","D","C","72","2","C1","1.0","UNIROYAL","MID RANGE PREMIUM","ALLSEASONEXPERT 2"
"2256018HKU2301023","8808956313913","2301023","225/60R18 KUMHO HP91 104H XL (4X4 / SUV SUMMER)","http://images.tyresoft.co.uk/70/MODEL/hp91.jpg","75.63","225","60","18","H","104","XL","false","A","C","72","2","C1","10.0","KUMHO","MID RANGE PREMIUM","HP91"
"2655019ZUN03611180000","4024068002543","03611180000","265/50R19 UNIROYAL RAINSPORT 5 110Y XL (CAR SUMMER)","https://dcjqgkl774ppl.cloudfront.net/70/model/m_5279_rs5.jpg","110.82","265","50","19","Y","110","XL","false","C","A","73","2","C1","4.0","UNIROYAL","MID RANGE PREMIUM","RAINSPORT 5"
"2654520ZUN03611170000","4024068002550","03611170000","265/45R20 UNIROYAL RAINSPORT 5 108Y XL (CAR SUMMER)","https://dcjqgkl774ppl.cloudfront.net/70/model/m_5279_rs5.jpg","132.09","265","45","20","Y","108","XL","false","C","A","73","2","C1","8.0","UNIROYAL","MID RANGE PREMIUM","RAINSPORT 5"
"2754019ZUN03611220000","4024068002406","03611220000","275/40R19 UNIROYAL RAINSPORT 5 101Y (CAR SUMMER)","https://dcjqgkl774ppl.cloudfront.net/70/model/m_5279_rs5.jpg","118.1","275","40","19","Y","101","","false","C","A","72","2","C1","2.0","UNIROYAL","MID RANGE PREMIUM","RAINSPORT 5"
"2753519ZUN03611200000","4024068002413","03611200000","275/35R19 UNIROYAL RAINSPORT 5 100Y XL (CAR SUMMER)","https://dcjqgkl774ppl.cloudfront.net/70/model/m_5279_rs5.jpg","128.02","275","35","19","Y","100","XL","false","C","A","73","2","C1","2.0","UNIROYAL","MID RANGE PREMIUM","RAINSPORT 5"
"2054517VKU2270933","8808956281472","2270933","205/45R17 KUMHO HA32 88V XL (CAR ALL SEASON)","https://dcjqgkl774ppl.cloudfront.net/tyrecat/kumho/ha32_ha32.png","65.23","205","45","17","V","88","XL","false","D","B","72","2","C1","14.0","KUMHO","MID RANGE PREMIUM","HA32"
"2055015VTRYSTX1R1510","6958460910411","YSTX1R1510","205/50R15 TRACMAX X-PRIVILO TX1 86V (CAR SUMMER)","http://images.tyresoft.co.uk/70/MODEL/tracmaxx-privilotx1.jpg","26.01","205","50","15","V","86","","false","C","B","69","2","C1","6.0","TRACMAX","BUDGET","X-PRIVILO TX1"
"2155018VCO0312159000","4019238065060","03121590000","215/50R18 CONTINENTAL ECOCONTACT 6 96V XL (CAR SUMMER)","https://dcjqgkl774ppl.cloudfront.net/tyrecat/ecocontact_6.png","110.98","215","50","18","V","96","XL","false","A","B","72","2","C1","2.0","CONTINENTAL","PREMIUM","ECOCONTACT 6"
"1955520HUN03611290000","4024068003335","03611290000","195/55R20 UNIROYAL RAINSPORT 5 95H XL (CAR SUMMER)","https://dcjqgkl774ppl.cloudfront.net/70/model/m_5279_rs5.jpg","67.11","195","55","20","H","95","XL","false","C","A","72","2","C1","5.0","UNIROYAL","MID RANGE PREMIUM","RAINSPORT 5"
"2654521ZTRYSRS01R2113","6958460924784","YSRS01R2113","265/45R21 TRACMAX X-PRIVILO RS01+ 108Y (4X4 / SUV SUMMER)","","67.27","265","45","21","Y","108","","false","C","C","72","B","C1","2.0","TRACMAX","BUDGET","X-PRIVILO RS01+"
"2055519VHA1027187","8808563515267","1027187","205/55R19 HANKOOK VENTUS S1 EVO3 K127 97V XL (CAR SUMMER)","https://dcjqgkl774ppl.cloudfront.net/tyrecat/k127.png","82.57","205","55","19","V","97","XL","false","C","A","72","2","C1","13.0","HANKOOK","MID RANGE 2","VENTUS S1 EVO3 K127"
"2355020ZKUPASSIONP9","6974845080685","210011KU","235/50R20 KUSTONE PASSION P9 104W XL (4X4 / SUV SUMMER)","","59.11","235","50","20","W","104","","false","C","B","71","2","C1","30.0","KUSTONE","BUDGET WHOLESALE","PASSION P9"
"2156516TZE03.040.01","6921109015150","03.040.01","215/65R16 ZETA ZTR18 109/107T 8PR (VAN SUMMER)","https://dcjqgkl774ppl.cloudfront.net/70/images/ze-ztr18.jpg","51.97","215","65","16","T","109/107","","false","D","C","72","2","C2","30.0","ZETA","House Brand","ZTR18"
"1756514TCO0355714000","4019238059557","0355714","175/65R14 CONTINENTAL ALLSEASONCONTACT 82T (CAR ALL SEASON)","https://dcjqgkl774ppl.cloudfront.net/70/MODEL/allseasoncontact.jpg","51.92","175","65","14","T","82","","false","C","B","71","2","C1","1.0","CONTINENTAL","PREMIUM","ALLSEASONCONTACT"
"2056016VLUDK558","6972985750796","","205/60R16 LUISTONE DK558 92V (CAR SUMMER)","","28.05","205","60","16","V","92","","false","D","C","71","2","C1","1.0","LUISTONE","BUDGET WHOLESALE","DK558"
"2155018ZAC1200045257","8997020617849","1200045257","215/50R18 ACCELERA PHIR 97W XL (CAR SUMMER)","https://dcjqgkl774ppl.cloudfront.net/70/MODEL/accphir.jpg","45.85","215","50","18","W","97","XL","false","C","C","70","2","C1","1.0","ACCELERA","BUDGET","PHIR"
"1856015TGO548571","5452000816214","548571","185/60R15 GOODYEAR ULTRAGRIP 9+ MS 88T XL (CAR WINTER)","https://dcjqgkl774ppl.cloudfront.net/tyrecat/goodyear/ultragrip9+ms_ultragrip_9_plus_ms.png","44.83","185","60","15","T","88","XL","false","D","B","71","2","C1","1.0","GOODYEAR","PREMIUM","ULTRAGRIP 9+ MS"
"2156516VACECOP","8997020614497","1200035476","215/65R16 ACCELERA ECO PLUSH 102V XL (CAR SUMMER)","https://dcjqgkl774ppl.cloudfront.net/70/MODEL/accecoplush.jpg","37.23","215","65","16","V","102","XL","false","D","C","68","1","C1","1.0","ACCELERA","BUDGET","ECO PLUSH"
"3154021ZMI072380","3528700723809","072380","315/40R21 MICHELIN LATITUDE SPORT 3 111Y AMO-S (4X4 / SUV SUMMER)","https://dcjqgkl774ppl.cloudfront.net/70/images/mi-latisport.jpg","211.09","315","40","21","Y","111","","false","C","A","70","2","C1","1.0","MICHELIN","PREMIUM","LATITUDE SPORT 3"
"1957015RKU2218393","8808956218775","2218393","195/70R15 KUMHO KC53 104/102R (VAN SUMMER)","http://images.tyresoft.co.uk/70/MODEL/kc53.jpg","46.65","195","70","15","R","104/102","","false","D","C","72","2","C2","21.0","KUMHO","MID RANGE PREMIUM","KC53"
"1956515TVRAP1956515TQT6A02","8714692358128","AP19565015TQT6A02","195/65R15 VREDESTEIN QUATRAC 95T XL (CAR ALL SEASON)","https://dcjqgkl774ppl.cloudfront.net/tyrecat/vredestein/quatrac_quatrac.png","41.25","195","65","15","T","95","XL","false","C","B","70","2","C1","14.0","VREDESTEIN","MID RANGE 2","QUATRAC"
"1955516HVRAP1955516HQT6A00","8714692358210","","195/55R16 VREDESTEIN QUATRAC 87H (CAR ALL SEASON)","https://dcjqgkl774ppl.cloudfront.net/tyrecat/vredestein/quatrac_quatrac.png","62.43","195","55","16","H","87","","false","C","B","70","2","C1","5.0","VREDESTEIN","MID RANGE 2","QUATRAC"
"2255518ZKU2310403","8808956326098","2310403","225/55R18 KUMHO HS52 102W XL (CAR SUMMER)","https://dcjqgkl774ppl.cloudfront.net/70/model/m_6801_kumho-ecsta-hs52.png","70.87","225","55","18","W","102","XL","false","B","A","72","2","C1","10.0","KUMHO","MID RANGE PREMIUM","HS52"
"2653020ZUN0361113000","4024068003267","03611130000","265/30R20 UNIROYAL RAINSPORT 5 94Y XL (CAR SUMMER)","https://dcjqgkl774ppl.cloudfront.net/70/model/m_5279_rs5.jpg","134.39","265","30","20","Y","94","XL","false","C","A","73","2","C1","6.0","UNIROYAL","MID RANGE PREMIUM","RAINSPORT 5"
"2554021ZUN0361105000","4024068003113","03611050000","255/40R21 UNIROYAL RAINSPORT 5 102Y XL (CAR SUMMER)","https://dcjqgkl774ppl.cloudfront.net/70/model/m_5279_rs5.jpg","142.09","255","40","21","Y","102","XL","false","C","A","73","2","C1","14.0","UNIROYAL","MID RANGE PREMIUM","RAINSPORT 5"
"2055516VVRAP2055516VQT6A00","8714692358081","","205/55R16 VREDESTEIN QUATRAC 91V (CAR ALL SEASON)","https://dcjqgkl774ppl.cloudfront.net/tyrecat/vredestein/quatrac_quatrac.png","48.77","205","55","16","V","91","","false","C","B","70","2","C1","30.0","VREDESTEIN","MID RANGE 2","QUATRAC"
"2157015TKU2210793","8808956170233","2210793","215/70R15 KUMHO KC53 109/107T (VAN SUMMER)","http://images.tyresoft.co.uk/70/MODEL/kc53.jpg","58.13","215","70","15","T","109/107","","false","C","C","72","2","C2","30.0","KUMHO","MID RANGE PREMIUM","KC53"
"2154018ZVRAP21540018YULAAA2","8714692808319","AP21540018YULAAB2","215/40R18 VREDESTEIN ULTRAC * 89Y XL (CAR SUMMER)","https://dcjqgkl774ppl.cloudfront.net/tyrecat/vredestein/ultrac_ultrac.png","79.26","215","40","18","Y","89","XL","false","A","A","70","2","C1","9.0","VREDESTEIN","MID RANGE 2","ULTRAC"
"2154017ZMI272776","3528702727768","272776","215/40R17 MICHELIN PILOT SPORT 5 87Y XL (CAR SUMMER)","https://dcjqgkl774ppl.cloudfront.net/tyrecat/michelin/pilotsport5_pilot5.png","111.51","215","40","17","Y","87","XL","false","C","A","072","2","C1","5.0","MICHELIN","PREMIUM","PILOT SPORT 5"
"2254516ZTO3843900","4981910519300","3843900","225/45R16 TOYO PXR888R 93W (CAR SUMMER)","https://dcjqgkl774ppl.cloudfront.net/tyrecat/pxr8r.png","92.77","225","45","16","W","93","","false","D","D","72","2","","2.0","TOYO","MID RANGE PREMIUM","R888R"
"1856015HVRAP1856015HQT6A02","8714692358173","","185/60R15 VREDESTEIN QUATRAC 88H XL (CAR ALL SEASON)","https://dcjqgkl774ppl.cloudfront.net/tyrecat/vredestein/quatrac_quatrac.png","46.84","185","60","15","H","88","XL","false","C","B","70","2","C1","2.0","VREDESTEIN","MID RANGE 2","QUATRAC"
"2454018ZTO3845100","4981910519256","3845100","245/40R18 TOYO PXR888R 97Y (CAR SUMMER)","https://dcjqgkl774ppl.cloudfront.net/tyrecat/pxr8r.png","102.97","245","40","18","Y","97","","false","D","D","72","2","","2.0","TOYO","MID RANGE PREMIUM","R888R"
"1756515HVRQUATRAC","8714692358203","","175/65R15 VREDESTEIN QUATRAC 84H (CAR ALL SEASON)","https://dcjqgkl774ppl.cloudfront.net/tyrecat/vredestein/quatrac_quatrac.png","43.95","175","65","15","H","84","","false","C","B","70","2","C1","4.0","VREDESTEIN","MID RANGE 2","QUATRAC"
"2553520ZVRAP2553520YUVPA02","8714692505805","","255/35R20 VREDESTEIN ULTRAC VORTI+ 97Y XL (CAR SUMMER)","https://dcjqgkl774ppl.cloudfront.net/tyrecat/vredestein/ultracvorti_plus_ultrac_vorti_plus.png","101.11","255","35","20","Y","97","XL","false","D","B","70","1","C1","4.0","VREDESTEIN","MID RANGE 2","ULTRAC VORTI+"
"2454018ZVRAP2454018YUVPA02","8714692506178","","245/40R18 VREDESTEIN ULTRAC VORTI+ 97Y XL (CAR SUMMER)","https://dcjqgkl774ppl.cloudfront.net/tyrecat/vredestein/ultracvorti_plus_ultrac_vorti_plus.png","84.14","245","40","18","Y","97","XL","false","D","B","70","2","C1","6.0","VREDESTEIN","MID RANGE 2","ULTRAC VORTI+"
"16515HRARACHCN0011","8886459598143","RACHCN0011","165/80R15 RADAR DIMAX CLASSIC 86H (CAR SUMMER)","https://dcjqgkl774ppl.cloudfront.net/70/model/m_3838_dimaxclassicbsw(45).jpg","44.83","165","15","15","H","86","","false","NA","NA","NA","NA","C1","4.0","RADAR","BUDGET","DIMAX CLASSIC"
"2553019ZRARASYCN0381","8886459588083","RASYCN0381","255/30R19 RADAR DIMAX R8+ 91Y XL (CAR SUMMER)","http://omni-united.com/wp-content/uploads/2016/06/dimax-r8-plus.jpg","55.03","255","30","19","Y","91","XL","false","C","B","73","2","C1","22.0","RADAR","BUDGET","DIMAX R8+"
"2953022ZRARASYCN0469","8886459588960","RASYCN0469","295/30R22 RADAR DIMAX R8+ 103Y XL (4X4 / SUV SUMMER)","http://omni-united.com/wp-content/uploads/2016/06/dimax-r8-plus.jpg","87.67","295","30","22","Y","103","XL","false","C","B","75","2","C1","19.0","RADAR","BUDGET","DIMAX R8+"
"2155516ZUN03610460000","4024068002482","03610460000","215/55R16 UNIROYAL RAINSPORT 5 97Y XL (CAR SUMMER)","https://dcjqgkl774ppl.cloudfront.net/70/model/m_5279_rs5.jpg","79.5","215","55","16","Y","97","XL","false","C","A","72","2","C1","5.0","UNIROYAL","MID RANGE PREMIUM","RAINSPORT 5"
"2853522ZRARASYCN0444","8886459588717","RASYCN0444","285/35R22 RADAR DIMAX R8+ 106Y XL (4X4 / SUV SUMMER)","http://omni-united.com/wp-content/uploads/2016/06/dimax-r8-plus.jpg","72.37","285","35","22","Y","106","XL","false","C","B","75","2","C1","30.0","RADAR","BUDGET","DIMAX R8+"
"2554020ZRARASYCN0438","8886459588656","RASYCN0438","255/40R20 RADAR DIMAX R8+ 101Y XL (4X4 / SUV SUMMER)","http://omni-united.com/wp-content/uploads/2016/06/dimax-r8-plus.jpg","67.27","255","40","20","Y","101","XL","false","C","B","73","2","C1","9.0","RADAR","BUDGET","DIMAX R8+"
"1955516HUN03610170000","4024068002581","03610170000","195/55R16 UNIROYAL RAINSPORT 5 87H (CAR SUMMER)","https://dcjqgkl774ppl.cloudfront.net/70/model/m_5279_rs5.jpg","58.58","195","55","16","H","87","","false","C","A","71","2","C1","30.0","UNIROYAL","MID RANGE PREMIUM","RAINSPORT 5"
"2654021ZRARASYCN0441","8886459588687","RASYCN0441","265/40R21 RADAR DIMAX R8+ 105Y XL (4X4 / SUV SUMMER)","http://omni-united.com/wp-content/uploads/2016/06/dimax-r8-plus.jpg","79.51","265","40","21","Y","105","XL","false","C","B","73","2","C1","30.0","RADAR","BUDGET","DIMAX R8+"
"1955516VUN03610180000","4024068002598","03610180000","195/55R16 UNIROYAL RAINSPORT 5 91V XL (CAR SUMMER)","https://dcjqgkl774ppl.cloudfront.net/70/model/m_5279_rs5.jpg","67.75","195","55","16","V","91","XL","false","C","A","72","2","C1","4.0","UNIROYAL","MID RANGE PREMIUM","RAINSPORT 5"
"2054517VUN03610230000","4024068002901","03610230000","205/45R17 UNIROYAL RAINSPORT 5 88V XL (CAR SUMMER)","https://dcjqgkl774ppl.cloudfront.net/70/model/m_5279_rs5.jpg","67.83","205","45","17","V","88","XL","false","C","A","72","2","C1","30.0","UNIROYAL","MID RANGE PREMIUM","RAINSPORT 5"
"2354518ZVRAP23545018YUVPA02","8714692506215","","235/45R18 VREDESTEIN ULTRAC VORTI+ 98Y XL (CAR SUMMER)","https://dcjqgkl774ppl.cloudfront.net/tyrecat/vredestein/ultracvorti_plus_ultrac_vorti_plus.png","83.43","235","45","18","Y","98","XL","false","D","B","70","2","C1","4.0","VREDESTEIN","MID RANGE 2","ULTRAC VORTI+"
"3153520ZRARASYCN0795","8886459594794","RASYCN0795","315/35R20 RADAR DIMAX R8+ 110Y XL RUNFLAT (4X4 / SUV SUMMER)","http://omni-united.com/wp-content/uploads/2016/06/dimax-r8-plus.jpg","102.97","315","35","20","Y","110","XL","true","D","B","75","2","C1","14.0","RADAR","BUDGET","DIMAX R8+"
"2454519ZMI064413","3528700644135","064413","245/45R19 MICHELIN PILOT SPORT 3 102Y XL A T0 (CAR SUMMER)","http://www.etyre.net/preview/t3/mi-sport3xl.jpg","170.97","245","45","19","Y","102","XL","false","C","A","71","2","C1","1.0","MICHELIN","PREMIUM","PILOT SPORT 3"
"3153022ZKU220122KU","6974845083280","220122KU","315/30R22 KUSTONE PASSION P9S 107W RUNFLAT (CAR SUMMER)","","87.67","315","30","22","W","107","","true","B","B","73","2","C1","1.0","KUSTONE","BUDGET WHOLESALE","PASSION P9S"
"2854021ZCO03114490000","4019238039528","03114490000","285/40R21 CONTINENTAL CONTISPORTCONTACT 5 109Y XL AO (CAR SUMMER)","https://dcjqgkl774ppl.cloudfront.net/70/images/cn-sc5.jpg","201.25","285","40","21","Y","109","XL","false","B","A","75","2","C1","4.0","CONTINENTAL","PREMIUM","CONTISPORTCONTACT 5"
"2754522ZKU213521KU","6974845083143","213521KU","275/45R22 KUSTONE PASSION P9 112W (CAR SUMMER)","","75.43","275","45","22","W","112","","false","C","B","71","2","C1","2.0","KUSTONE","BUDGET WHOLESALE","PASSION P9"
"2156515TNE15073","6945080150730","15073NX","215/65R15 NEXEN ROADIAN CT8 104T (VAN SUMMER)","https://dcjqgkl774ppl.cloudfront.net/tyrecat/roadian_ct8.png","75.85","215","65","15","T","104","","false","D","D","71","2","C1","1.0","NEXEN","BUDGET","ROADIAN CT8"
"2554521ZMI089081","3528700890815","089081","255/45R21 MICHELIN PILOT SPORT EV 106Y XL NE0 (CAR SUMMER)","","237.39","255","45","21","Y","106","XL","false","B","B","072","2","C1","4.0","MICHELIN","PREMIUM","PILOT SPORT EV"
"1957015RHA2001978","8808563331249","2001978","195/70R15 HANKOOK RA18 VANTRA LT 104/102R REP (VAN SUMMER)","https://dcjqgkl774ppl.cloudfront.net/70/images/ha-ra18.jpg","56.7","195","70","15","R","104/102","","false","C","B","70","2","C2","2.0","HANKOOK","MID RANGE 2","RA18 VANTRA LT"
"2355519VHI200H3108","6953913104805","","235/55R19 HIFLY VIGOROUS HP801 105V XL (4X4 / SUV SUMMER)","https://dcjqgkl774ppl.cloudfront.net/tyrecat/hp801.png","47.89","235","55","19","V","105","XL","false","C","D","71","2","C1","1.0","HIFLY","BUDGET WHOLESALE","VIGOROUS HP801"
"2554518ZRARASYCN0379","8886459588069","RASYCN0379","255/45R18 RADAR DIMAX R8+ 103Y XL (CAR SUMMER)","http://omni-united.com/wp-content/uploads/2016/06/dimax-r8-plus.jpg","55.03","255","45","18","Y","103","XL","false","C","B","73","2","C1","25.0","RADAR","BUDGET","DIMAX R8+"
"2156516TCO04516800000","4019238035490","04516800000","215/65R16 CONTINENTAL CONTIVANCONTACT 100 109/106/107T (VAN SUMMER)","https://www.etyre.net/preview/t3/co-vanco100.jpg","82.49","215","65","16","T","109/106/107","","false","C","B","72","2","C2","16.0","CONTINENTAL","PREMIUM","CONTIVANCONTACT 100"
"2256018VUN0361200000","4024068004516","03612000000","225/60R18 UNIROYAL RAINEXPERT 5 100V (4X4 / SUV SUMMER)","https://dcjqgkl774ppl.cloudfront.net/70/model/m_6657_uniroyal__rainexpert-5__productpicture__30.png","91.15","225","60","18","V","100","","false","C","A","71","2","C1","18.0","UNIROYAL","MID RANGE PREMIUM","RAINEXPERT 5"
"1856515HCO3584060000","4019238033113","0358406","185/65R15 CONTINENTAL ECOCONTACT 6 88H OPE (CAR SUMMER)","https://dcjqgkl774ppl.cloudfront.net/tyrecat/ecocontact_6.png","54.01","185","65","15","H","88","","false","A","A","70","2","C1","1.0","CONTINENTAL","PREMIUM","ECOCONTACT 6"
"2354521ZMI956060","3528709560603","956060","235/45R21 MICHELIN PILOT SPORT 4 SUV 101Y XL AMO-S (4X4 / SUV SUMMER)","https://dcjqgkl774ppl.cloudfront.net/tyrecat/pilot-sport-4-suv.png","218.25","235","45","21","Y","101","XL","false","B","A","72","2","C1","4.0","MICHELIN","PREMIUM","PILOT SPORT 4 SUV"
"2753518ZRA","","","275/35R18 RADAR DIMAX R8+ 95Y RUNFLAT DOT 19  (CAR SUMMER)","","51.97","275","35","18","Y","95","","true","D","B","72","2","C1","30.0","RADAR","BUDGET","DIMAX R8 +"
"2155019TGO548002","5452000809070","548002","215/50R19 GOODYEAR EFFICIENTGRIP PERFORMANCE 93T SL C+ (CAR SUMMER)","https://dcjqgkl774ppl.cloudfront.net/70/images/gy-effigripperf.jpg","92.77","215","50","19","T","93","SL","false","A","B","68","1","C1","11.0","GOODYEAR","PREMIUM","EFFICIENTGRIP PERFORMANCE"
"2954021ZMI436708","3528704367085","436708","295/40R21 MICHELIN PILOT SPORT EV 111Y XL NE0 (CAR SUMMER)","","225.98","295","40","21","Y","111","XL","false","B","B","074","2","C1","4.0","MICHELIN","PREMIUM","PILOT SPORT EV"
"2155518HTO3398800","4981910523697","3398800","215/55R18 TOYO PROXES PXR56 95H (4X4 / SUV SUMMER)","https://dcjqgkl774ppl.cloudfront.net/tyrecat/toyo/proxesr45_proxes-r45.png","76.45","215","55","18","H","95","","false","C","C","67","1","C1","20.0","TOYO","MID RANGE PREMIUM","PROXES R45"
"2254517ZMI371721","3528703717218","371721","225/45R17 MICHELIN PILOT SPORT 5 94Y XL (CAR SUMMER)","https://dcjqgkl774ppl.cloudfront.net/tyrecat/michelin/pilotsport5_pilot5.png","74.57","225","45","17","Y","94","XL","false","C","A","072","2","C1","8.0","MICHELIN","PREMIUM","PILOT SPORT 5"
"2056016HCO03588380000","4019238020205","0358838","205/60R16 CONTINENTAL PREMIUMCONTACT 6 96H XL (CAR SUMMER)","https://dcjqgkl774ppl.cloudfront.net/70/MODEL/contiprem6.png","78.87","205","60","16","H","96","XL","false","A","A","72","2","C1","2.0","CONTINENTAL","PREMIUM","PREMIUMCONTACT 6"
"1955516HCO0311750000","4019238046854","03117500000","195/55R16 CONTINENTAL ECOCONTACT 6 87H CONTISEAL (CAR SUMMER)","https://dcjqgkl774ppl.cloudfront.net/tyrecat/ecocontact_6.png","60.13","195","55","16","H","87","","false","A","B","71","2","C1","30.0","CONTINENTAL","PREMIUM","ECOCONTACT 6"
"2853021ZBR27881","3286342788111","27881","285/30R21 BRIDGESTONE POTENZA SPORT 100Y XL (CAR SUMMER)","https://dcjqgkl774ppl.cloudfront.net/tyrecat/bridgestone/potenzasport_potenza_sport.png","257.47","285","30","21","Y","100","XL","false","D","A","073","2","C1","1.0","BRIDGESTONE","PREMIUM","POTENZA SPORT"
"2255017ZMI923382","3528709233828","923382","225/50R17 MICHELIN PRIMACY 4+ 98Y XL (CAR SUMMER)","https://dcjqgkl774ppl.cloudfront.net/tyrecat/michelin/primacy4_plus_primacy-4.png","102.28","225","50","17","Y","98","XL","false","B","A","070","2","C1","7.0","MICHELIN","PREMIUM","PRIMACY 4+"
"2256017HHA1020873","8808563410067","1020873","225/60R17 HANKOOK VENTUS PRIME 2 K115 99H OE (CAR SUMMER)","http://www.etyre.net/preview/t3/ha-k115.jpg","83.14","225","60","17","H","99","","false","C","B","71","2","C1","14.0","HANKOOK","MID RANGE 2","VENTUS PRIME 2 K115"
"2656018VTO4018600","4981910512837","4018600","265/60R18 TOYO PROXES SPORT SUV 110V (4X4 / SUV SUMMER)","https://dcjqgkl774ppl.cloudfront.net/tyrecat/pxsps.png","95.3","265","60","18","V","110","","false","C","A","70","2","","1.0","TOYO","MID RANGE PREMIUM","PROXES SPORT SUV"
"2555019VRO3220007713","6959655450910","3220007713","255/50R19 ROADX RXMOTION U11 103V RUNFLAT (4X4 / SUV SUMMER)","https://dcjqgkl774ppl.cloudfront.net/tyrecat/roadx/rxmotionu11_rxmotion-u11.png","74.08","255","50","19","V","103","","true","C","C","72","2","C1","2.0","ROADX","BUDGET","RXMOTION U11"
"2655019ZTO4019400","4981910508830","4019400","265/50R19 TOYO PROXES SPORT SUV 110Y XL (4X4 / SUV SUMMER)","https://dcjqgkl774ppl.cloudfront.net/tyrecat/pxsps.png","92.77","265","50","19","Y","110","XL","false","C","A","70","1","","29.0","TOYO","MID RANGE PREMIUM","PROXES SPORT SUV"
"2854519ZTO4019700","4981910508816","4019700","285/45R19 TOYO PROXES SPORT SUV 111Y XL (4X4 / SUV SUMMER)","https://dcjqgkl774ppl.cloudfront.net/tyrecat/pxsps.png","82.57","285","45","19","Y","111","XL","false","C","D","72","1","","10.0","TOYO","MID RANGE PREMIUM","PROXES SPORT SUV"
"2255519VCO0358484000","4019238051810","03584840000","225/55R19 CONTINENTAL PREMIUMCONTACT 6 99V (CAR SUMMER)","https://dcjqgkl774ppl.cloudfront.net/70/model/m_3564_continentalpremiumcontact.jpg","99.65","225","55","19","V","99","","false","B","A","71","2","C1","4.0","CONTINENTAL","PREMIUM","PREMIUMCONTACT 6"
"2254019ZBR28403","3286342840314","28403","225/40R19 BRIDGESTONE TURANZA T005 93Y XL RUNFLAT * (CAR SUMMER)","http://images.tyresoft.biz/70/MODEL/turanzat005.jpg","146.5","225","40","19","Y","93","XL","true","B","B","070","2","C1","2.0","BRIDGESTONE","PREMIUM","TURANZA T005"
"2154515VTO4053600","4981910525431","4053600","215/45R15 TOYO PROXES TR1 85V XL (CAR SUMMER)","https://dcjqgkl774ppl.cloudfront.net/tyrecat/pxtr1.png","51.97","215","45","15","V","84","XL","false","D","B","70","2","C1","4.0","TOYO","MID RANGE PREMIUM","PROXES TR1"
"1656014HHA","8808563459240","","165/60R14 HANKOOK KLNERGY ECO2 K435 75H (CAR SUMMER)","","29.53","165","60","14","H","75","","false","NA","NA","NA","NA","C1","30.0","HANKOOK","MID RANGE 2","KLNERGY ECO2 K435"
"2054018ZCO03584130000","4019238023473","0358413","205/40R18 CONTINENTAL PREMIUMCONTACT 6 86W XL (CAR SUMMER)","https://dcjqgkl774ppl.cloudfront.net/70/MODEL/contiprem6.png","114.05","205","40","18","W","86","XL","false","B","A","72","2","C1","3.0","CONTINENTAL","PREMIUM","PREMIUMCONTACT 6"
"2054017ZNENFERA","8807622169700","","205/40R17 NEXEN N FERA SU4 84W XL (CAR SUMMER)","","46.87","205","40","17","W","84","XL","false","C","B","72","2","C1","9.0","NEXEN","BUDGET","N FERA SU4"
"2254518ZCO356409000","4019238659153","03564090000","225/45R18 CONTINENTAL CONTISPORTCONTACT 5 95Y XL MO (CAR SUMMER)","https://dcjqgkl774ppl.cloudfront.net/70/images/cn-sc5.jpg","100.46","225","45","18","Y","95","XL","false","C","A","72","2","C1","1.0","CONTINENTAL","PREMIUM","CONTISPORTCONTACT 5"
"2057015STRRF19CR1504","6958460920458","YSRF19CR1504","205/70R15 TRACMAX X-PRIVILIO RF19 106/104S (VAN SUMMER)","https://dcjqgkl774ppl.cloudfront.net/70/model/m_5440_rf19.jpg","44.83","205","70","15","S","106/104","","false","C","C","71","2","","16.0","TRACMAX","BUDGET","X-PRIVILO RF19"
"2753520XKU2349413","8808956373924","2349413","275/35R20 KUMHO PS72S 102X XL (CAR SUMMER)","","106.79","275","35","20","X","102","XL","false","C","A","72","2","C1","18.0","KUMHO","MID RANGE PREMIUM","P72S"
"2553521ZAC1200059435","8994234023121","1200059435","255/35R21 ACCELERA PHI 98Y (4X4 / SUV SUMMER)","","65.23","255","35","21","Y","98","","false","C","C","70","A","C1","6.0","ACCELERA","BUDGET","PHI"
"2356018VAV4250113-1","0029142848301","589753","235/60R18 AVON ZX7 103V (4X4 / SUV SUMMER)","https://dcjqgkl774ppl.cloudfront.net/70/model/m_3026_avonzx7200x300engineeredintheukflag.png","82.57","235","60","18","V","103","","false","C","A","70","2","C1","27.0","AVON","MID RANGE 2","ZX7"
"2453518ZRADSC0073-1","8886459594282","RASYCN0759","245/35R18 RADAR DIMAX R8+ 92Y XL RUNFLAT (CAR SUMMER)","http://omni-united.com/wp-content/uploads/2016/06/dimax-r8-plus.jpg","78.49","245","35","18","Y","92","XL","true","D","A","72","2","C1","30.0","RADAR","BUDGET","DIMAX R8+"
"2253517ZAC8997020616422","8997020616422","1200041254","225/35R17 ACCELERA PHI R 86Y XL (CAR SUMMER)","https://dcjqgkl774ppl.cloudfront.net/tyrecat/phi-r.png","46.87","225","35","17","Y","86","XL","false","D","C","73","2","C1","3.0","ACCELERA","BUDGET","PHI R"
"185014RKU2196263","8808956152444","2196263","185/0R14 KUMHO KC53 102/100R (VAN SUMMER)","http://images.tyresoft.co.uk/70/MODEL/kc53.jpg","51.6","185","0","14","R","102/100","","false","E","C","72","2","C2","6.0","KUMHO","MID RANGE PREMIUM","KC53"
"3153521ZTRYSRS01R2108","6958460919483","YSRS01R2108","315/35R21 TRACMAX X-PRIVILO RS01+ 111Y XL (4X4 / SUV SUMMER)","https://dcjqgkl774ppl.cloudfront.net/tyrecat/x-privilors01plus.png","70.33","315","35","21","Y","111","XL","false","C","C","72","1","","6.0","TRACMAX","BUDGET","X-PRIVILO RS01+"
"2157016TKU2203563","8808956159214","2203563","215/70R16 KUMHO KC53 108/106T (VAN SUMMER)","http://images.tyresoft.co.uk/70/MODEL/kc53.jpg","74.85","215","70","16","T","108/106","","false","C","C","72","2","C2","7.0","KUMHO","MID RANGE PREMIUM","KC53"
"2055516VMI444057","3528704440573","444057","205/55R16 MICHELIN PRIMACY 4+ 91V (CAR SUMMER)","https://dcjqgkl774ppl.cloudfront.net/tyrecat/michelin/primacy4_plus_primacy-4.png","67.71","205","55","16","V","91","","false","C","A","069","2","C1","30.0","MICHELIN","PREMIUM","PRIMACY 4+"
"2653520ZPI2034700","8019227203479","2034700","265/35R20 PIRELLI PZERO 99Y XL (AO) (CAR SUMMER)","https://dcjqgkl774ppl.cloudfront.net/70/images/pi-pzero.jpg","156.57","265","35","20","Y","99","XL","false","D","A","73","2","C1","6.0","PIRELLI","PREMIUM","PZERO"
"2054517VHA1029201","8808563545110","1029201","205/45R17 HANKOOK VENTUS PRIME 4 (2 PLACES) K135 88V XL (CAR SUMMER)","https://dcjqgkl774ppl.cloudfront.net/tyrecat/hankook/ventusprime4(2places)k135_k135.png","61.15","205","45","17","V","88","XL","false","B","B","69","1","C1","30.0","HANKOOK","MID RANGE 2","VENTUS PRIME 4 (2 PLACES) K135"
"1954516VHI5060189442904","5060189442904","5060189442904","195/45R16 HIFLY HF805 84V XL (CAR SUMMER)","https://dcjqgkl774ppl.cloudfront.net/70/images/hi-hf805.jpg","27.03","195","45","16","V","84","XL","false","D","C","71","2","","16.0","HIFLY","BUDGET WHOLESALE","HF805"
"2354518ZYOR4591","4968814963255","R4591","235/45R18 YOKOHAMA AE51 94W (CAR SUMMER)","https://dcjqgkl774ppl.cloudfront.net/tyrecat/ae51.jpg","78.63","235","45","18","W","94","","false","B","A","71","2","C1","8.0","YOKOHAMA","MID RANGE 2","AE51"
"2657016HTRXPRIVHT","6958460911104","RF10R1607","265/70R16 TRACMAX XPRIVILO H/T 112H (4X4 / SUV SUMMER)","https://dcjqgkl774ppl.cloudfront.net/70/MODEL/tracmaxx-priviloht.png","56.05","265","70","16","H","112","","false","C","C","72","2","C1","30.0","TRACMAX","BUDGET","X-PRIVILO H/T"
"2655019ZAC1200053178","8994234021943","1200053178","265/50R19 ACCELERA IOTA ST-68 110Y XL (4X4 / SUV SUMMER)","https://dcjqgkl774ppl.cloudfront.net/70/MODEL/iotast-68.jpg","65.23","265","50","19","Y","110","XL","false","C","C","68","1","C1","1.0","ACCELERA","BUDGET","IOTA ST68"
"2056016HVRAP2056016HQT6A02","8714692358265","","205/60R16 VREDESTEIN QUATRAC 96H XL (CAR ALL SEASON)","https://dcjqgkl774ppl.cloudfront.net/tyrecat/vredestein/quatrac_quatrac.png","68.78","205","60","16","H","96","XL","false","C","B","70","2","C1","4.0","VREDESTEIN","MID RANGE 2","QUATRAC"
"2156516TGO571845","5452000681058","571845","215/65R16 GOODYEAR VECTOR 4SEASONS CARGO 106T (VAN ALL SEASON)","https://dcjqgkl774ppl.cloudfront.net/tyrecat/no_image.png","91.75","215","65","16","T","106","","false","D","C","72","2","C2","30.0","GOODYEAR","PREMIUM","VECTOR 4SEASONS CARGO"
"2554520ZAC1200053795","8994234021554","1200053795","255/45R20 ACCELERA IOTA ST-68 105W XL (4X4 / SUV SUMMER)","https://dcjqgkl774ppl.cloudfront.net/70/MODEL/iotast-68.jpg","62.17","255","45","20","W","105","XL","false","C","C","68","1","","7.0","ACCELERA","BUDGET","IOTA ST68"
"2454519ZHA1013885","8808563337708","1013885","245/45R19 HANKOOK VENTUS S1 EVO2 K117B 98Y RUNFLAT * (CAR SUMMER)","https://dcjqgkl774ppl.cloudfront.net/70/images/ha-k117.jpg","130.08","245","45","19","Y","98","","true","C","A","71","2","C1","14.0","HANKOOK","MID RANGE 2","VENTUS S1 EVO2 K117B"
"2154517ZYOR5187","4968814979317","R5187","215/45R17 YOKOHAMA AD08 RS 87W (CAR SUMMER)","https://www.etyre.net/preview/t3/yo-ad08.jpg","102.43","215","45","17","W","87","","false","D","B","70","2","C1","1.0","YOKOHAMA","MID RANGE 2","AD08"
"2254518ZCO350960000","4019238485448","03509600000","225/45R18 CONTINENTAL CONTISPORTCONTACT 5 91Y RUNFLAT * (CAR SUMMER)","https://dcjqgkl774ppl.cloudfront.net/70/images/cn-sc5.jpg","111.71","225","45","18","Y","91","","true","D","B","71","2","C1","1.0","CONTINENTAL","PREMIUM","CONTISPORTCONTACT 5"
"2854522HYOR2246","4968814923044","R2246","285/45R22 YOKOHAMA G015 114H XL (4X4 / SUV SUMMER)","https://dcjqgkl774ppl.cloudfront.net/tyrecat/g015.jpg","149.89","285","45","22","H","114","XL","false","E","C","71","1","","10.0","YOKOHAMA","MID RANGE 2","G015"
"2556019ZGO574334","5452000830951","574334","255/60R19 GOODYEAR EAGLE F1 (ASYMMETRIC) SUV AT 113W XL LR (4X4 / SUV SUMMER)","http://ordering.vandenban.nl/profielen/goodyear_f1 asym suv xl.jpg","108.07","255","60","19","W","113","XL","false","B","C","71","2","C1","12.0","GOODYEAR","PREMIUM","EAGLE F1 (ASYMMETRIC) SUV AT"
"2453518ZBR7282","3286340728218","7282","245/35R18 BRIDGESTONE POTENZA S001 92Y XL RUNFLAT * (CAR SUMMER)","http://www.etyre.net/preview/t3/br-s001rft.jpg","115.34","245","35","18","Y","92","XL","true","D","B","72","2","C1","9.0","BRIDGESTONE","PREMIUM","POTENZA S001"
"2356516RVRAP2356516RCAPA00","8714692361562","","235/65R16 VREDESTEIN COMTRAC 2 ALL SEASON+ 115/113R (VAN ALL SEASON)","https://dcjqgkl774ppl.cloudfront.net/tyrecat/vredestein/comtrac2allseason_plus_contrac_2_as_plus.png","83.8","235","65","16","R","115/113","","false","C","B","73","2","C2","5.0","VREDESTEIN","MID RANGE 2","COMTRAC 2 ALL SEASON+"
"2857017RAC1200045267","8997020617313","1200045267","285/70R17 ACCELERA OMIKRON AT 121/118R (4X4 / SUV SUMMER)","","78.49","285","70","17","R","121/118","","false","C","A","72","2","C1","1.0","ACCELERA","BUDGET","OMIKRON AT"
"2054517VVRAP20545017VQT5AG2","8714692350894","","205/45R17 VREDESTEIN QUATRAC 5 88V XL (CAR ALL SEASON)","https://dcjqgkl774ppl.cloudfront.net/tyrecat/quatrac_5.png","72.3","205","45","17","V","88","XL","false","D","C","70","2","C1","4.0","VREDESTEIN","MID RANGE 2","QUATRAC 5"
"2255517VGO547495","5452000803092","547495","225/55R17 GOODYEAR EAGLE F1 (ASYMMETRIC) 3 101V XL J (CAR SUMMER)","https://dcjqgkl774ppl.cloudfront.net/70/MODEL/eaglef1(asymmetric)3.jpg","75.43","225","55","17","V","101","XL","false","A","B","70","2","C1","7.0","GOODYEAR","PREMIUM","EAGLE F1 (ASYMMETRIC) 3"
"2256017VRARSC0089","8886459506988","RSC0089","225/60R17 RADAR RPX-800+ 99V RUNFLAT (4X4 / SUV SUMMER)","http://images.tyresoft.biz/tyrecat/rpx-800.jpg","81.55","225","60","17","V","99","","true","D","B","71","2","C1","3.0","RADAR","BUDGET","RPX-800+"
"2054517ZYOR6112","4968814998219","R6112","205/45R17 YOKOHAMA V103 84V RUNFLAT (CAR SUMMER)","https://dcjqgkl774ppl.cloudfront.net/70/images/yo-v103.jpg","67.27","205","45","17","V","84","","true","D","C","71","2","C1","10.0","YOKOHAMA","MID RANGE 2","V103"
"3054020ZKU24042KU","6974845082474","24042KU","305/40R20 KUSTONE PASSION P9S 112W XL RUNFLAT (CAR SUMMER)","","95.83","305","40","20","W","112","","true","B","B","73","2","C1","1.0","KUSTONE","BUDGET WHOLESALE","PASSION P9S"
"2254519ZMI120853","3528701208534","120853","225/45R19 MICHELIN PILOT SPORT 5 96Y XL (CAR SUMMER)","https://dcjqgkl774ppl.cloudfront.net/tyrecat/michelin/pilotsport5_pilot5.png","146.05","225","45","19","Y","96","XL","false","C","A","072","2","C1","5.0","MICHELIN","PREMIUM","PILOT SPORT 5"
"2457016HTRXPRIV","6958460911074","RF10R1605","245/70R16 TRACMAX H/T XPRIV 111H XL (4X4 / SUV SUMMER)","https://dcjqgkl774ppl.cloudfront.net/tyrecat/x-priviloh-t.png","51.97","245","70","16","H","111","XL","false","C","C","71","2","C1","14.0","TRACMAX","BUDGET","X-PRIVILO H/T"
"2055516VVRAP2055516VQT6A02","8714692358098","","205/55R16 VREDESTEIN QUATRAC 94V XL (CAR ALL SEASON)","https://dcjqgkl774ppl.cloudfront.net/tyrecat/vredestein/quatrac_quatrac.png","51.07","205","55","16","V","94","XL","false","C","B","70","2","C1","1.0","VREDESTEIN","MID RANGE 2","QUATRAC"
"1856015HHI5060189443185","5060189443185","5060189443185","185/60R15 HIFLY HF201 84H (CAR SUMMER)","https://dcjqgkl774ppl.cloudfront.net/70/MODEL/hf201.jpg","22.95","185","60","15","H","84","","false","E","C","71","3","","18.0","HIFLY","BUDGET WHOLESALE","HF201"
"2055519VVRAP2055519VQPRA02","8714692806247","AP20555019VQPRA02","205/55R19 VREDESTEIN QUATRAC PRO 97V XL (CAR ALL SEASON)","https://dcjqgkl774ppl.cloudfront.net/tyrecat/quatrac-pro.png","85.08","205","55","19","V","97","XL","false","B","B","71","2","C1","1.0","VREDESTEIN","MID RANGE 2","QUATRAC PRO"
"1957015RVRAP1957015RCAPA00","8714692361685","","195/70R15 VREDESTEIN COMTRAC 2 ALL SEASON+ 104/102R (VAN ALL SEASON)","https://dcjqgkl774ppl.cloudfront.net/tyrecat/vredestein/comtrac2allseason_plus_contrac_2_as_plus.png","48.86","195","70","15","R","104/102","","false","D","B","73","2","C2","2.0","VREDESTEIN","MID RANGE 2","COMTRAC 2 ALL SEASON+"
"2954020ZTRYSRS01R2008","6958460924746","YSRS01R2008","295/40R20 TRACMAX X-PRIVILO RS01+ 110Y (4X4 / SUV SUMMER)","","66.25","295","40","20","Y","110","","false","C","C","72","B","C1","3.0","TRACMAX","BUDGET","X-PRIVILO RS01+"
"2056516TVRAP2056516TCAPA00","8714692361593","","205/65R16 VREDESTEIN COMTRAC 2 ALL SEASON+ 107/105T (VAN ALL SEASON)","https://dcjqgkl774ppl.cloudfront.net/tyrecat/vredestein/comtrac2allseason_plus_contrac_2_as_plus.png","67.91","205","65","16","T","107/105","","false","D","B","73","2","C2","4.0","VREDESTEIN","MID RANGE 2","COMTRAC 2 ALL SEASON+"
"2754020ZHA1012743","8808563325385","1012743","275/40R20 HANKOOK VENTUS S1 EVO2 SUV K117A 106Y XL REP (4X4 / SUV SUMMER)","https://dcjqgkl774ppl.cloudfront.net/70/images/ha-k117.jpg","111.13","275","40","20","Y","106","XL","false","D","A","73","2","C1","1.0","HANKOOK","MID RANGE 2","VENTUS S1 EVO2 SUV K117A"
"2353519ZTO2393601","4981910779445","2393601","235/35R19 TOYO PXR888R 91Y XL SEMI SLICK (CAR SUMMER)","https://dcjqgkl774ppl.cloudfront.net/tyrecat/r888r.png","102.97","235","35","19","Y","91","XL","false","D","D","72","2","C1","8.0","TOYO","MID RANGE PREMIUM","R888R"
"2454021ZTR999037","6958460924753","999037","245/40R21 TRACMAX X-PRIVILO RS01+ 100Y XL (4X4 / SUV SUMMER)","","51.97","245","40","21","Y","100","","false","C","C","71","B","C1","1.0","TRACMAX","BUDGET","X-PRIVILO RS01+"
"2156017HYOR5690","4968814988463","R5690","215/60R17 YOKOHAMA G058 96H (4X4 / SUV SUMMER)","https://dcjqgkl774ppl.cloudfront.net/tyrecat/yokohama/g058_g058.png","64.77","215","60","17","H","96","","false","D","B","71","2","","10.0","YOKOHAMA","MID RANGE 2","G058#"
"3153020ZTO3950400","4981910781646","3950400","315/30R20 TOYO R888R 101Y (CAR SUMMER)","https://dcjqgkl774ppl.cloudfront.net/tyrecat/r888r.png","102.97","315","30","20","Y","101","","false","D","D","74","2","C1","4.0","TOYO","MID RANGE PREMIUM","R888R"
"2055517VACPHIR","8997020616439","1200041255","205/55R17 ACCELERA PHI R 95V XL (CAR SUMMER)","https://dcjqgkl774ppl.cloudfront.net/70/images/acc phir.jpg","37.69","205","55","17","V","95","XL","false","C","C","72","2","C1","30.0","ACCELERA","BUDGET","PHI R"
"2853520ZTO3950300","4981910781639","3950300","285/35R20 TOYO R888R 100Y (CAR SUMMER)","https://dcjqgkl774ppl.cloudfront.net/tyrecat/r888r.png","102.97","285","35","20","Y","100","","false","D","D","74","2","C1","4.0","TOYO","MID RANGE PREMIUM","R888R"
"2155518VYOR5691","4968814988470","R5691","215/55R18 YOKOHAMA GO58 99V XL (4X4 / SUV SUMMER)","https://dcjqgkl774ppl.cloudfront.net/tyrecat/yokohama/g058_g058.png","72.37","215","55","18","V","99","XL","false","D","B","71","2","","2.0","YOKOHAMA","MID RANGE 2","G058"
"2653520ZKU220031KU","6974845083136","","265/35R20 KUSTONE PASSION P9 99W XL (CAR SUMMER)","","60.13","265","35","20","W","99","XL","false","C","B","71","2","C1","12.0","KUSTONE","BUDGET WHOLESALE","PASSION P9"
"2054517ZYOR4614","4968814963484","R4614","205/45R17 YOKOHAMA AE51 88W XL (CAR SUMMER)","https://dcjqgkl774ppl.cloudfront.net/tyrecat/ae51.jpg","63.19","205","45","17","W","88","XL","false","C","A","71","2","","9.0","YOKOHAMA","MID RANGE 2","AE51"
"1856014TAVS290011","0029142839842","589605","185/60R14 AVON WT7 SNOW 82T (CAR WINTER)","https://dcjqgkl774ppl.cloudfront.net/tyrecat/avonwt7-oblique.jpg","41.22","185","60","14","T","82","","false","D","B","69","2","C1","1.0","AVON","MID RANGE 2","WT7(T) SNOW"
"1856515TMI254413","3528702544136","254413","185/65R15 MICHELIN CROSSCLIMATE+ 92T XL (CAR ALL SEASON)","https://dcjqgkl774ppl.cloudfront.net/70/MODEL/michelin-cross-climate.jpg","61.43","185","65","15","T","92","XL","false","C","B","68","1","C1","1.0","MICHELIN","PREMIUM","CROSSCLIMATE+"
"2156516TVRAP2156516TCAPA00","8714692361586","","215/65R16 VREDESTEIN COMTRAC 2 ALL SEASON+ 109/107T (VAN ALL SEASON)","https://dcjqgkl774ppl.cloudfront.net/tyrecat/vredestein/comtrac2allseason_plus_contrac_2_as_plus.png","71.39","215","65","16","T","109/107","","false","D","B","73","2","C2","1.0","VREDESTEIN","MID RANGE 2","COMTRAC 2 ALL SEASON+"
"2256516RVRAP2256516RCAPA00","8714692361579","","225/65R16 VREDESTEIN COMTRAC 2 ALL SEASON+ 112/110R (VAN ALL SEASON)","https://dcjqgkl774ppl.cloudfront.net/tyrecat/vredestein/comtrac2allseason_plus_contrac_2_as_plus.png","79.47","225","65","16","R","112/110","","false","C","B","73","2","C2","15.0","VREDESTEIN","MID RANGE 2","COMTRAC 2 ALL SEASON+"
"2755520ZMI813918","3528708139183","813918","275/55R20 MICHELIN PRIMACY ALL SEASON 117W XL LR (CAR ALL SEASON)","","100.93","275","55","20","W","117","XL","false","A","C","072","2","C1","1.0","MICHELIN","PREMIUM","PRIMACY ALL SEASON"
"2255516VVRAP2255516VQT6A00","8714692358388","","225/55R16 VREDESTEIN QUATRAC 95V (CAR ALL SEASON)","https://dcjqgkl774ppl.cloudfront.net/tyrecat/vredestein/quatrac_quatrac.png","89.86","225","55","16","V","95","","false","C","B","71","2","C1","2.0","VREDESTEIN","MID RANGE 2","QUATRAC"
"1955510NKE674605","5707562674605","","195/55R10 KENDA KR101 98/96N (VAN SUMMER)","https://dcjqgkl774ppl.cloudfront.net/70/MODEL/4897_kenda-kr-101-275x300.jpg","31.21","195","55","10","N","98/96","","false","NA","NA","NA","NA","C2","21.0","KENDA","BUDGET WHOLESALE","KR101"
"2254517ZZE03.023.03","6921109034274","03.023.03","225/45R17 ZETA ALVENTI 94W XL (CAR SUMMER)","https://dcjqgkl774ppl.cloudfront.net/70/images/ze-alveti.jpg","42.79","225","45","17","W","94","XL","false","B","B","72","2","C1","30.0","ZETA","House Brand","ALVENTI"
"2255018ZKU213483KU","6974845083235","213483KU","225/50R18 KUSTONE PASSION P9 99W XL RUNFLAT (CAR SUMMER)","","71.35","225","50","18","W","99","","true","C","B","71","2","C1","2.0","KUSTONE","BUDGET WHOLESALE","PASSION P9"
"1956515HHA1019315","8808563390079","1019315","195/65R15 HANKOOK VENTUS PRIME3 K125 91H REP (CAR SUMMER)","https://dcjqgkl774ppl.cloudfront.net/70/MODEL/hankookk125.png","46.92","195","65","15","H","91","","false","C","A","71","2","C1","1.0","HANKOOK","MID RANGE 2","VENTUS PRIME3 K125"
"2255517ZMI","3528701397689","","225/55R17 MICHELIN E PRIMACY 97W (CAR SUMMER)","","81.55","225","55","17","W","97","","false","A","B","69","2","C1","1.0","MICHELIN","PREMIUM","E PRIMACY S1"
"2355519VCO-1","4019238039344","","235/55R19 CONTINENTAL ECO CONTACT 6 105V XL (CAR SUMMER)","","98.89","235","55","19","V","105","XL","false","A","A","72","B","C1","17.0","CONTINENTAL","PREMIUM","ECO CONTACT 6"
"2154518ZHA1024307","8808563453996","1024307","215/45R18 HANKOOK VENTUS S1 EVO3 K127 93Y XL REP (CAR SUMMER)","https://dcjqgkl774ppl.cloudfront.net/tyrecat/k127.png","82.57","215","45","18","Y","93","XL","false","C","A","72","2","C1","1.0","HANKOOK","MID RANGE 2","VENTUS S1 EVO3 K127"
"1955016VCO0312336000","4019238066555","03123360000","195/50R16 CONTINENTAL ULTRACONTACT 88V XL (CAR SUMMER)","https://dcjqgkl774ppl.cloudfront.net/tyrecat/continental/ultracontact_ultracontact.png","105.05","195","50","16","V","88","XL","false","B","A","69","1","C1","1.0","CONTINENTAL","PREMIUM","ULTRACONTACT"
"2254518ZCO3143590000","4019238403169","03143590000","225/45R18 CONTINENTAL SPORTCONTACT 7 95Y XL *|EVC CONTISILENT (CAR SUMMER)","https://dcjqgkl774ppl.cloudfront.net/tyrecat/continental/sportcontact7_sportcontact7.jpg","114.24","225","45","18","Y","95","XL","false","C","A","72","2","C1","1.0","CONTINENTAL","PREMIUM","SPORTCONTACT 7"
"2156517THA1022457","8808563429618","1022457","215/65R17 HANKOOK VANTRA LT RA18 104T XL OE (VAN SUMMER)","https://www.etyre.net/preview/t3/ha-ra188pr.jpg","78.27","215","65","17","T","104","XL","false","C","C","70","2","C2","2.0","HANKOOK","MID RANGE 2","VANTRA LT RA18"
"2254018ZHA1024314","8808563454061","1024314","225/40R18 HANKOOK VENTUS S1 EVO3 K127 92Y XL REP (CAR SUMMER)","https://dcjqgkl774ppl.cloudfront.net/tyrecat/k127.png","56.34","225","40","18","Y","92","XL","false","C","A","72","2","C1","12.0","HANKOOK","MID RANGE 2","VENTUS S1 EVO3 K127"
"2854522ZYOR4182","4968814954727","R4182","285/45R22 YOKOHAMA V107 114Y XL MO1 (CAR SUMMER)","https://dcjqgkl774ppl.cloudfront.net/tyrecat/yokohama/v107_v107.png","139.69","285","45","22","Y","114","XL","false","C","A","72","2","C1","4.0","YOKOHAMA","MID RANGE 2","V107"
"2255018ZHA1024305","8808563453972","1024305","225/50R18 HANKOOK VENTUS S1 EVO3 K127 99Y XL REP (CAR SUMMER)","https://dcjqgkl774ppl.cloudfront.net/tyrecat/k127.png","80.53","225","50","18","Y","99","XL","false","C","A","72","2","C1","5.0","HANKOOK","MID RANGE 2","VENTUS S1 EVO3 K127"
"2553519ZBR7919","3286340791915","07919","255/35R19 BRIDGESTONE POTENZA S001 96Y XL RUNFLAT * (CAR SUMMER)","http://www.etyre.net/preview/t3/br-s001rft.jpg","135.61","255","35","19","Y","96","XL","true","D","B","73","2","C1","22.0","BRIDGESTONE","PREMIUM","POTENZA S001"
"2254519ZHA1024286","8808563453781","1024286","225/45R19 HANKOOK VENTUS S1 EVO3 K127 96Y XL REP (CAR SUMMER)","https://dcjqgkl774ppl.cloudfront.net/tyrecat/k127.png","96.85","225","45","19","Y","96","XL","false","C","A","72","2","C1","8.0","HANKOOK","MID RANGE 2","VENTUS S1 EVO3 K127"
"2854022ZYOR4183","4968814954758","R4183","285/40R22 YOKOHAMA 110Y XL MO (CAR SUMMER)","https://dcjqgkl774ppl.cloudfront.net/tyrecat/yokohama/v107_v107.png","177.43","285","40","22","Y","110","XL","false","C","A","72","1","C1","8.0","YOKOHAMA","MID RANGE 2","V107"
"2255519VTO4073000","4981910541844","4073000","225/55R19 TOYO PXCMS 99V (CAR SUMMER)","https://dcjqgkl774ppl.cloudfront.net/tyrecat/toyo/proxescomfort_proxes-comfort.png","79.51","225","55","19","V","99","","false","C","A","70","2","C1","9.0","TOYO","MID RANGE PREMIUM","PXCMS"
"2354518ZHA1024308","8808563454009","1024308","235/45R18 HANKOOK VENTUS S1 EVO3 K127 98Y XL REP (CAR SUMMER)","https://dcjqgkl774ppl.cloudfront.net/tyrecat/k127.png","89.71","235","45","18","Y","98","XL","false","C","A","72","2","C1","10.0","HANKOOK","MID RANGE 2","VENTUS S1 EVO3 K127"
"2356516QNAEG168","4718022021434","EG168","235/65R16 NANKANG AT-5 115/113Q (4X4 / SUV SUMMER)","https://dcjqgkl774ppl.cloudfront.net/tyrecat/nankang/at-5_at-5plus.png","92.76","235","65","16","Q","115/113","","false","NA","NA","NA","NA","C2","19.0","NANKANG","BUDGET","AT-5"
"2353519ZHA1024295","8808563453873","1024295","235/35R19 HANKOOK VENTUS S1 EVO3 K127 91Y XL REP (CAR SUMMER)","https://dcjqgkl774ppl.cloudfront.net/tyrecat/k127.png","86.88","235","35","19","Y","91","XL","false","C","A","72","2","C1","5.0","HANKOOK","MID RANGE 2","VENTUS S1 EVO3 K127"
"2255018ZTRTX3","6958460919360","YSTX3R1825","225/50R18 TRACMAX X-PRIVILO TX3 99W XL (CAR SUMMER)","https://dcjqgkl774ppl.cloudfront.net/70/model/m_4603_tracmaxx-privilotx3.jpg","43.81","225","50","18","W","99","XL","false","C","B","69","1","C1","30.0","TRACMAX","BUDGET","X-PRIVILO TX3"
"2155517ZYOR4596","4968814963309","R4596","215/55R17 YOKOHAMA AE51 98W (CAR SUMMER)","https://dcjqgkl774ppl.cloudfront.net/tyrecat/ae51.jpg","72.37","215","55","17","W","98","","false","B","A","71","2","C1","8.0","YOKOHAMA","MID RANGE 2","AE51"
"3253522ZYOR4308","4968814956363","R4308","325/35R22 YOKOHAMA V107 114Y XL MO (CAR SUMMER)","https://dcjqgkl774ppl.cloudfront.net/tyrecat/yokohama/v107_v107.png","203.95","325","35","22","Y","114","XL","false","C","A","72","1","","5.0","YOKOHAMA","MID RANGE 2","V107"
"2254517VKU2341773","8808956366162","2341773","225/45R17 KUMHO WP52 94V XL (CAR WINTER)","","58.62","225","45","17","V","94","XL","false","C","B","72","2","C1","2.0","KUMHO","MID RANGE PREMIUM","WP52"
"2454018ZHA1024255","8808563453415","1024255","245/40R18 HANKOOK VENTUS S1 EVO3 K127 97Y XL REP (CAR SUMMER)","https://dcjqgkl774ppl.cloudfront.net/tyrecat/k127.png","76.74","245","40","18","Y","97","XL","false","C","A","72","2","C1","1.0","HANKOOK","MID RANGE 2","VENTUS S1 EVO3 K127"
"2753020ZTRTX3","6958460917182","YSTX3R2008","275/30R20 TRACMAX X-PRIVILO TX3 97Y XL (CAR SUMMER)","https://dcjqgkl774ppl.cloudfront.net/70/model/m_4603_tracmaxx-privilotx3.jpg","51.97","275","30","20","Y","97","XL","false","C","B","71","2","C1","1.0","TRACMAX","BUDGET","X-PRIVILO TX3"
"2255518VBR7224","3286340722414","07224","225/55R18 BRIDGESTONE TURANZA T001 98V (CAR SUMMER)","http://www.etyre.net/preview/t3/br-t001.jpg","82.57","225","55","18","V","98","","false","C","B","70","2","C1","3.0","BRIDGESTONE","PREMIUM","TURANZA T001"
"1656012HYOR6094","4968814998035","R6094","165/60R12 YOKOHAMA A539 71H (CAR SUMMER)","https://www.etyre.net/preview/t3/yo-a539.jpg","38.45","165","60","12","H","71","","false","D","C","69","2","C1","7.0","YOKOHAMA","MID RANGE 2","A539"
"2554019ZGO581476","4038526075017","581476","255/40R19 GOODYEAR EAGLE F1 ASYMMETRIC 6 100Y XL (CAR SUMMER)","https://dcjqgkl774ppl.cloudfront.net/tyrecat/goodyear/eaglef1asymmetric6_eagle-f1-asymmetric-6.png","97.87","255","40","19","Y","100","XL","false","C","A","71","2","C1","30.0","GOODYEAR","PREMIUM","EAGLE F1 ASYMMETRIC 6"
"2154517ZCO357344000","4019238709773","0357344","215/45R17 CONTINENTAL CONTISPORTCONTACT 5 91W XL (CAR SUMMER)","https://dcjqgkl774ppl.cloudfront.net/70/images/cn-sc5.jpg","67.27","215","45","17","W","91","XL","false","C","A","72","2","C1","16.0","CONTINENTAL","PREMIUM","CONTISPORTCONTACT 5"
"2553518ZTO","4981910516507","3844800","255/35R18 TOYO R888R 94Y XL (CAR SUMMER)","https://dcjqgkl774ppl.cloudfront.net/tyrecat/pxr8r.png","102.97","255","35","18","Y","94","","false","D","D","73","2","","4.0","TOYO","MID RANGE PREMIUM","R888R"
"2154517ZBR19266","3286341926613","19266","215/45R17 BRIDGESTONE TURANZA T005 91W XL AO (CAR SUMMER)","http://images.tyresoft.biz/70/MODEL/turanzat005.jpg","76.73","215","45","17","W","91","XL","false","B","A","70","2","C1","3.0","BRIDGESTONE","PREMIUM","TURANZA T005"
"2754520ZUN03611250000","4024068002437","03611250000","275/45R20 UNIROYAL RAINSPORT 5 110Y XL (4X4 / SUV SUMMER)","https://dcjqgkl774ppl.cloudfront.net/70/model/m_5279_rs5.jpg","121.85","275","45","20","Y","110","XL","false","C","A","73","2","C1","4.0","UNIROYAL","MID RANGE PREMIUM","RAINSPORT 5"
"1956515HHA1032194","8808563580661","1032194","195/65R15 HANKOOK KINERGY ECO K425 95H XL FORD (CAR SUMMER)","https://dcjqgkl774ppl.cloudfront.net/70/images/ha-k425.jpg","43.52","195","65","15","H","95","XL","false","A","B","72","2","C1","5.0","HANKOOK","MID RANGE 2","KINERGY ECO K425"
"2156515HNE13884NX","8807622388408","13884NX","215/65R15 NEXEN N-BLUE HD PLUS 96H (CAR SUMMER)","https://dcjqgkl774ppl.cloudfront.net/tyrecat/nblue-hd-plus.jpg","49.92","215","65","15","H","96","","false","C","B","69","1","C1","2.0","NEXEN","BUDGET","N-BLUE HD PLUS"
"1955016VTO4072000","4981910541875","4072000","195/50R16 TOYO PXCM 88V XL (CAR SUMMER)","https://dcjqgkl774ppl.cloudfront.net/70/model/m_6193_pxcm.png","46.87","195","50","16","V","88","XL","false","C","A","70","2","C1","13.0","TOYO","MID RANGE PREMIUM","PXCM"
"2355517VTO4073100","4981910541851","4073100","235/55R17 TOYO PXCMS 99V (CAR SUMMER)","https://dcjqgkl774ppl.cloudfront.net/tyrecat/toyo/proxescomfort_proxes-comfort.png","70.89","235","55","17","V","99","","false","C","A","71","2","C1","30.0","TOYO","MID RANGE PREMIUM","PXCMS"
"1756515HTRXPRIV","6956647619836","TX2R1508","175/65R15 TRACMAX XPRIVILO TX2 84H (CAR SUMMER)","https://dcjqgkl774ppl.cloudfront.net/70/MODEL/tracmaxx-privilotx2.png","22.95","175","65","15","H","84","","false","C","C","70","2","C1","18.0","TRACMAX","BUDGET","X-PRIVILO TX2"
"2753521ZKU23931KU","6974845082511","23931KU","275/35R21 KUSTONE PASSION P9S 103W RUNFLAT (CAR SUMMER)","","108.07","275","35","21","W","103","","true","B","B","73","2","C1","5.0","KUSTONE","BUDGET WHOLESALE","PASSION P9S"
"2754021ZKU23951KU","6974845082528","23951KU","275/40R21 KUSTONE PASSION P9S 107W XL RUNFLAT (CAR SUMMER)","","92.77","275","40","21","W","107","XL","true","B","B","73","2","C1","2.0","KUSTONE","BUDGET WHOLESALE","PASSION P9S"
"1956016HTO4073500","4981910541882","4073500","195/60R16 TOYO PXCM 89H (CAR SUMMER)","https://dcjqgkl774ppl.cloudfront.net/70/model/m_6193_pxcm.png","61.27","195","60","16","H","89","","false","D","A","70","2","C1","1.0","TOYO","MID RANGE PREMIUM","PXCM"
"2354519ZZEALVENTI","6921109031471","03.176.01","235/45R19 ZETA ALVENTI 99W XL (4X4 / SUV SUMMER)","https://dcjqgkl774ppl.cloudfront.net/70/images/ze-alveti.jpg","58.09","235","45","19","W","99","XL","false","D","B","72","3","C1","30.0","ZETA","House Brand","ALVENTI"
"2154518ZTO3397900-1","4981910516446","3397900","215/45R18 TOYO PXR51A 89W (4X4 / SUV SUMMER)","https://dcjqgkl774ppl.cloudfront.net/tyrecat/toyo/proxesr51a_proxes-r51a.png","77.47","215","45","18","W","89","","false","C","C","69","2","","13.0","TOYO","MID RANGE PREMIUM","PXR51A"
"2754022VZEIMP","6921109025425","03.183.01","275/40R22 ZETA IMPERO 108V XL (4X4 / SUV SUMMER)","http://images.tyresoft.biz/70/MODEL/zeta-impero.jpg","85.63","275","40","22","V","108","XL","false","C","B","71","2","C1","8.0","ZETA","House Brand","IMPERO"
"2155516ZTO4072800","4981910541790","4072800","215/55R16 TOYO PXCM 97W XL (CAR SUMMER)","https://dcjqgkl774ppl.cloudfront.net/70/model/m_6193_pxcm.png","60.07","215","55","16","W","97","XL","false","C","A","70","2","C1","21.0","TOYO","MID RANGE PREMIUM","PXCM"
"2154516VTO4071400","4981910541738","4071400","215/45R16 TOYO PXCM 90V XL (CAR SUMMER)","https://dcjqgkl774ppl.cloudfront.net/70/model/m_6193_pxcm.png","62.54","215","45","16","V","90","XL","false","D","A","70","2","C1","7.0","TOYO","MID RANGE PREMIUM","PXCM"
"2255516ZTO4072900","4981910541837","4072900","225/55R16 TOYO PXCM 99W XL (CAR SUMMER)","https://dcjqgkl774ppl.cloudfront.net/70/model/m_6193_pxcm.png","69.38","225","55","16","W","99","XL","false","C","A","70","2","","2.0","TOYO","MID RANGE PREMIUM","PXCM"
"2254518ZCO356568000","4019238708196","03565680000","225/45R18 CONTINENTAL CONTISPORTCONTACT 5 95Y XL (CAR SUMMER)","https://dcjqgkl774ppl.cloudfront.net/70/images/cn-sc5.jpg","100.46","225","45","18","Y","95","XL","false","C","A","72","2","C1","1.0","CONTINENTAL","PREMIUM","CONTISPORTCONTACT 5"
"2055017VTO4072100","4981910541714","4072100","205/50R17 TOYO PXCM 93V XL (CAR SUMMER)","https://dcjqgkl774ppl.cloudfront.net/70/model/m_6193_pxcm.png","59.51","205","50","17","V","93","XL","false","C","A","70","2","","13.0","TOYO","MID RANGE PREMIUM","PXCM"
"2055517VTO4072600","4981910541813","4072600","205/55R17 TOYO PXCM 95V XL (CAR SUMMER)","https://dcjqgkl774ppl.cloudfront.net/70/model/m_6193_pxcm.png","61.68","205","55","17","V","95","XL","false","C","A","70","2","C1","24.0","TOYO","MID RANGE PREMIUM","PXCM"
"2354517ZPI4003000","8019227400304","4003000","235/45R17 PIRELLI POWERGY 97Y XL (CAR SUMMER)","https://dcjqgkl774ppl.cloudfront.net/tyrecat/pirelli/powergy_powergy.jpg","69.92","235","45","17","Y","97","XL","false","B","A","71","2","C1","4.0","PIRELLI","PREMIUM","POWERGY"
"2554520ZZEALVENTI","6921109031686","03.170.01","255/45R20 ZETA ALVENTI 105W XL (4X4 / SUV SUMMER)","https://dcjqgkl774ppl.cloudfront.net/70/images/ze-alveti.jpg","66.26","255","45","20","W","105","XL","false","C","B","73","2","C1","11.0","ZETA","House Brand","ALVENTI"
"2854022ZCO356483000","4019238624830","0356483","285/40R22 CONTINENTAL CONTISPORTCONTACT 5P 106Y MO (CAR SUMMER)","http://www.etyre.net/preview/t3/co-csc5pxlro2.jpg","236.21","285","40","22","Y","106","","false","D","A","74","2","C1","14.0","CONTINENTAL","PREMIUM","CONTISPORTCONTACT 5P"
"3253522ZCO356482000","4019238624847","03564820000","325/35R22 CONTINENTAL CONTISPORTCONTACT 5P 110Y SL MO (CAR SUMMER)","http://www.etyre.net/preview/t3/co-csc5pxlro2.jpg","249.59","325","35","22","Y","110","","false","D","A","74","2","C1","5.0","CONTINENTAL","PREMIUM","CONTISPORTCONTACT 5P"
"2356516RCO4515580000","4019238007039","04515580000","235/65R16 CONTINENTAL CONTIVANCONTACT 200 115/113R MB (VAN SUMMER)","https://www.etyre.net/preview/t3/co-vanco200.jpg","110.65","235","65","16","R","115/113","","false","B","A","72","2","C2","4.0","CONTINENTAL","PREMIUM","CONTIVANCONTACT 200"
"2255517ZYOR4452","4968814959111","R4452","225/55R17 YOKOHAMA AW21 101W XL (CAR ALL SEASON)","https://dcjqgkl774ppl.cloudfront.net/tyrecat/aw21.jpg","73.39","225","55","17","W","101","XL","false","C","B","72","2","C1","1.0","YOKOHAMA","MID RANGE 2","AW21"
"2355018VCO354396000","4019238657081","03543960000","235/50R18 CONTINENTAL CONTISPORTCONTACT 5 97V AO (4X4 / SUV SUMMER)","https://dcjqgkl774ppl.cloudfront.net/70/images/cn-sc5.jpg","104.36","235","50","18","V","97","","false","C","A","71","2","C1","2.0","CONTINENTAL","PREMIUM","CONTISPORTCONTACT 5"
"2157016HHA1024446","8808563456256","1024446","215/70R16 HANKOOK VENTUS PRIME 2 K115 100H OE (CAR SUMMER)","https://dcjqgkl774ppl.cloudfront.net/70/images/ha-k115.jpg","78.17","215","70","16","H","100","","false","C","C","71","2","C1","2.0","HANKOOK","MID RANGE 2","VENTUS PRIME 2 K115"
"2057516RKU2210663","8808956166700","2210663","205/75R16 KUMHO KC53 110/108R (VAN SUMMER)","https://dcjqgkl774ppl.cloudfront.net/70/MODEL/kc53.jpg","63.35","205","75","16","R","110/108","","false","D","C","72","2","C2","15.0","KUMHO","MID RANGE PREMIUM","KC53"
"2257516RKU2210683","8808956166724","2210683","225/75R16 KUMHO KC53 121/120R (VAN SUMMER)","https://dcjqgkl774ppl.cloudfront.net/70/MODEL/kc53.jpg","87.01","225","75","16","R","121/120","","false","C","C","72","2","C2","30.0","KUMHO","MID RANGE PREMIUM","KC53"
"2554518ZACPHI","8997020614909","1200037330","255/45R18 ACCELERA PHI 103Y XL (CAR SUMMER)","https://dcjqgkl774ppl.cloudfront.net/70/MODEL/accphi.jpg","47.89","255","45","18","Y","103","XL","false","C","C","72","2","C1","15.0","ACCELERA","BUDGET","PHI"
"2754018ZACPHIR","8997020615173","1200037329","275/40R18 ACCELERA PHI-2 103Y XL (CAR SUMMER)","https://dcjqgkl774ppl.cloudfront.net/70/MODEL/accelera_phi_2.jpg","56.05","275","40","18","Y","103","XL","false","C","C","72","2","C1","1.0","ACCELERA","BUDGET","PHI-2"
"2056516TKU2210603","8808956166649","2210603","205/65R16 KUMHO KC53 107/105T (VAN SUMMER)","https://dcjqgkl774ppl.cloudfront.net/70/MODEL/kc53.jpg","68.49","205","65","16","T","107/105","","false","D","C","72","2","C2","29.0","KUMHO","MID RANGE PREMIUM","KC53"
"2356516TYOE4747","4968814939045","E4747","235/65R16 YOKOHAMA RY55 115/113T (VAN SUMMER)","https://dcjqgkl774ppl.cloudfront.net/tyrecat/ry55.jpg","72.37","235","65","16","T","115/113","","false","C","B","71","2","C2","1.0","YOKOHAMA","MID RANGE 2","RY55"
"2454517ZRADSC0369","8886459522704","DSC0369","245/45R17 RADAR DIMAX R8 99Y XL (CAR SUMMER)","https://dcjqgkl774ppl.cloudfront.net/70/MODEL/dimaxr8_(45).jpg","45.39","245","45","17","Y","99","XL","false","C","B","72","2","C1","30.0","RADAR","BUDGET","DIMAX R8"
"2355520ZKU21011KU","6974845080951","21011KU","235/55R20 KUSTONE SAFY M06 105W XL (CAR SUMMER)","","59.11","235","55","20","W","105","XL","false","C","C","71","2","C1","8.0","KUSTONE","BUDGET WHOLESALE","SAFY M06"
"2454518ZPI3794500","8019227379457","3794500","245/45R18 PIRELLI P-ZERO (PZ4) 100Y XL (I*) (CAR SUMMER)","https://dcjqgkl774ppl.cloudfront.net/tyrecat/pzero.png","89.48","245","45","18","Y","100","XL","false","A","B","70","2","C1","20.0","PIRELLI","PREMIUM","P-ZERO (PZ4)"
"2055017ZRADSC0583","8886459530501","DSC0583","205/50R17 RADAR DIMAX R8 93Y XL (CAR SUMMER)","https://dcjqgkl774ppl.cloudfront.net/70/MODEL/dimaxr8_(45).jpg","38.25","205","50","17","Y","93","XL","false","C","B","72","2","C1","30.0","RADAR","BUDGET","DIMAX R8"
"2653521ZRADSC0147","8886459509750","DSC0147","265/35R21 RADAR DIMAX R8+ 96Y XL (CAR SUMMER)","http://omni-united.com/wp-content/uploads/2016/06/dimax-r8-plus.jpg","77.47","265","35","21","Y","96","XL","false","C","B","73","2","C1","10.0","RADAR","BUDGET","DIMAX R8+"
"2854021ZRADSC0161","8886459511630","DSC0161","285/40R21 RADAR DIMAX R8+ 109Y XL (4X4 / SUV SUMMER)","http://omni-united.com/wp-content/uploads/2016/06/dimax-r8-plus.jpg","94.81","285","40","21","Y","109","XL","false","C","B","75","2","C1","7.0","RADAR","BUDGET","DIMAX R8+"
"1656014HDUR3229","5420068613229","","165/60R14 DURATURN MOZZO 4S 75H (CAR SUMMER)","https://dcjqgkl774ppl.cloudfront.net/70/MODEL/duraturnmozzo4s.jpg","20.91","165","60","14","H","75","","false","C","B","70","2","C1","16.0","DURATURN","BUDGET WHOLESALE","MOZZO 4S"
"2855020HTO3868100","4981910552468","3868100","285/50R20 TOYO OPAT3 112H (4X4 / SUV SUMMER)","","119.29","285","50","20","H","112","","false","D","D","75","2","C1","30.0","TOYO","MID RANGE PREMIUM","OPAT3"
"2453521ZAC1200047652","8997020617740","1200047652","245/35R21 ACCELERA PHIR 96Y XL (CAR SUMMER)","https://dcjqgkl774ppl.cloudfront.net/70/MODEL/accphir.jpg","59.11","245","35","21","Y","96","","false","C","C","70","2","","3.0","ACCELERA","BUDGET","PHI-R"
"2054018ZUN03612110000","4024068005735","03612110000","205/40R18 UNIROYAL RAINSPORT 5 86Y XL (CAR SUMMER)","https://dcjqgkl774ppl.cloudfront.net/70/model/m_5279_rs5.jpg","84.31","205","40","18","Y","86","XL","false","D","A","72","2","C1","29.0","UNIROYAL","MID RANGE PREMIUM","RAINSPORT 5"
"2553519ZGO588637","4038526358691","588637","255/35R19 GOODYEAR EAGLE F1 (ASYMMETRIC) 2 92Y RUNFLAT *RSC (CAR SUMMER)","https://www.etyre.net/preview/t3/gy-eagf1as2.jpg","141.73","255","35","19","Y","92","","true","D","B","72","2","C1","1.0","GOODYEAR","PREMIUM","EAGLE F1 (ASYMMETRIC) 2"
"2354519ZKU2309993","8808956325428","2309993","235/45R19 KUMHO PS71 99Y XL (4X4 / SUV SUMMER)","https://dcjqgkl774ppl.cloudfront.net/tyrecat/ps71.png","97.92","235","45","19","Y","99","XL","false","C","A","72","2","C1","25.0","KUMHO","MID RANGE PREMIUM","PS71"
"2455018ZTRTX3","6958460913313","YSTX3R1822","245/50R18 TRACMAX X-PRIVILO TX3 104W XL (CAR SUMMER)","https://dcjqgkl774ppl.cloudfront.net/tyrecat/x-privilotx3.png","51.97","245","50","18","W","104","XL","false","C","B","69","1","C1","30.0","TRACMAX","BUDGET","X-PRIVILO TX3"
"2255516ZACPHIR","8997020614534","1200034473","225/55R16 ACCELERA PHI R 99W XL (CAR SUMMER)","https://dcjqgkl774ppl.cloudfront.net/70/images/acc phir.jpg","41.31","225","55","16","W","99","XL","false","D","C","72","2","C1","6.0","ACCELERA","BUDGET","PHI R"
"2553521ZRARASYCN0406","8886459589431","RASYCN0406","255/35R21 RADAR DIMAX R8 + 98Y XL (CAR SUMMER)","http://omni-united.com/wp-content/uploads/2016/06/dimax-r8-plus.jpg","71.35","255","35","21","Y","98","XL","false","C","A","73","2","C1","3.0","RADAR","BUDGET","DIMAX R8+"
"2157516RTRRF19CR1615","6958460920335","RF19CR1615","215/75R16 TRACMAXX-PRIVILO RF19 116/114R (VAN SUMMER)","https://dcjqgkl774ppl.cloudfront.net/70/model/m_5839_rf19.jpg","41.77","215","75","16","R","116/114","","false","C","C","71","2","C2","1.0","TRACMAX","BUDGET","X-PRIVILO RF19"
"2255518ZBR9355","3286340935517","9355","225/55R18 BRIDGESTONE TURANZA T005 102Y XL AO (CAR SUMMER)","https://dcjqgkl774ppl.cloudfront.net/tyrecat/t005.png","97.37","225","55","18","Y","102","XL","false","B","A","72","2","C1","3.0","BRIDGESTONE","PREMIUM","TURANZA T005"
"2857017TCO9046785","0029142970071","590985","285/70R17 COOPER DISCOVERER AT3 4S 117T (4X4 / SUV ALL SEASON)","https://dcjqgkl774ppl.cloudfront.net/tyrecat/cooper/discovererat34s_at3_4s.png","156.7","285","70","17","T","117","","false","D","C","75","2","C1","1.0","COOPER","MID RANGE 3","DISCOVERER AT3 4S"
"2553521ZBR9602","3286340960212","9602","255/35R21 BRIDGESTONE TURANZA T005 98Y XL AO B-SILENT (CAR SUMMER)","https://dcjqgkl774ppl.cloudfront.net/tyrecat/t005.png","194.77","255","35","21","Y","98","XL","false","C","A","70","1","C1","4.0","BRIDGESTONE","PREMIUM","TURANZA T005"
"2457516TCO9046776","0029142969389","590994","245/75R16 COOPER DISCOVERER AT3 4S 111T (4X4 / SUV ALL SEASON)","https://dcjqgkl774ppl.cloudfront.net/tyrecat/cooper/discovererat34s_at3_4s.png","79.51","245","75","16","T","111","","false","D","C","72","2","C1","2.0","COOPER","MID RANGE 3","DISCOVERER AT3 4S"
"2256517HZE025517","6921109025517","03.046.02","225/65R17 ZETA IMPERO 102H (4X4 / SUV SUMMER)","http://images.tyresoft.biz/70/MODEL/zeta-impero.jpg","57.07","225","65","17","H","102","","false","C","B","70","2","C1","20.0","ZETA","House Brand","IMPERO"
"2355018ZZE025586","6921109025586","03.097.02","235/50R18 ZETA IMPERO 101W XL (4X4 / SUV SUMMER)","http://images.tyresoft.biz/70/MODEL/zeta-impero.jpg","51.97","235","50","18","W","101","XL","false","C","B","71","2","C1","15.0","ZETA","House Brand","IMPERO"
"2155518VZEIMPERO","6921109025562","03.127.02","215/55R18 ZETA IMPERO 99V XL (4X4 / SUV SUMMER)","http://images.tyresoft.biz/70/MODEL/zeta-impero.jpg","49.93","215","55","18","V","99","XL","false","C","B","71","2","C1","2.0","ZETA","House Brand","IMPERO"
"2156017HZEIMPERO","6921109025531","03.091.02","215/60R17 ZETA IMPERO 96H (4X4 / SUV SUMMER)","http://images.tyresoft.biz/70/MODEL/zeta-impero.jpg","48.91","215","60","17","H","96","","false","D","B","70","2","C1","30.0","ZETA","House Brand","IMPERO"
"1956516TCOS790019","0029142971993","S790019","195/65R16 COOPER EVOLUTION VAN ALL SEASON 104/102T (VAN ALL SEASON)","","46.41","195","65","16","T","104/102","","false","D","A","72","B","C1","12.0","COOPER","MID RANGE 3","EVOLUTION VAN ALL SEASON"
"1856014HUN0361152000","4024068004400","03611520000","185/60R14 UNIROYAL RAINEXPERT 5 82H (CAR SUMMER)","https://dcjqgkl774ppl.cloudfront.net/70/model/m_6657_uniroyal__rainexpert-5__productpicture__30.png","42.0","185","60","14","H","82","","false","C","A","70","2","C1","30.0","UNIROYAL","MID RANGE PREMIUM","RAINEXPERT 5"
"2255018ZPI3926900","8019227392692","3926900","225/50R18 PIRELLI POWERGY 99W XL (4X4 / SUV SUMMER)","https://dcjqgkl774ppl.cloudfront.net/tyrecat/pirelli/powergy_powergy.jpg","96.85","225","50","18","W","99","XL","false","B","A","69","1","C1","4.0","PIRELLI","PREMIUM","POWERGY"
"2553519ZCO0311376000","4019238040531","03113760000","255/35R19 CONTINENTAL SPORTCONTACT 7 96Y XL (CAR SUMMER)","https://dcjqgkl774ppl.cloudfront.net/tyrecat/continental/sportcontact7_sportcontact7.jpg","109.09","255","35","19","Y","96","XL","false","D","A","73","2","C1","21.0","CONTINENTAL","PREMIUM","SPORTCONTACT 7"
"2255018ZBR21760","3286342176017","21760","225/50R18 BRIDGESTONE TURANZA T005 99W XL * (CAR SUMMER)","http://images.tyresoft.biz/70/MODEL/turanzat005.jpg","114.58","225","50","18","W","99","XL","false","C","B","69","2","C1","5.0","BRIDGESTONE","PREMIUM","TURANZA T005"
"1756514TCO0312315000","4019238065824","03123150000","175/65R14 CONTINENTAL ULTRACONTACT 82T (CAR SUMMER)","https://dcjqgkl774ppl.cloudfront.net/tyrecat/continental/ultracontact_ultracontact.png","50.42","175","65","14","T","82","","false","C","A","70","2","C1","5.0","CONTINENTAL","PREMIUM","ULTRACONTACT"
"2254519ZBR14012","3286341401219","14012","225/45R19 BRIDGESTONE TURANZA T005A 92W (CAR SUMMER)","http://images.tyresoft.biz/70/MODEL/turanzat005.jpg","135.85","225","45","19","W","92","","false","C","C","069","2","C1","1.0","BRIDGESTONE","PREMIUM","TURANZA T005A"
"2655519VBR13289","3286341328912","13289","265/55R19 BRIDGESTONE DUELER A/T 693III 109V (4X4 / SUV SUMMER)","https://dcjqgkl774ppl.cloudfront.net/70/MODEL/d693iii.png","131.79","265","55","19","V","109","","false","B","C","072","2","C1","1.0","BRIDGESTONE","PREMIUM","DUELER A/T 693III"
"1855515HCO350743000","4019238456561","03507430000","185/55R15 CONTINENTAL CONTIECOCONTACT 5 82H LAN (CAR SUMMER)","https://dcjqgkl774ppl.cloudfront.net/70/images/cn-eco5.jpg","65.23","185","55","15","H","82","","false","B","B","70","2","C1","14.0","CONTINENTAL","PREMIUM","CONTIECOCONTACT 5"
"2255017ZWIW08117","6970146110694","W08117","225/50R17 WINRUN R330 98W XL (CAR SUMMER)","https://dcjqgkl774ppl.cloudfront.net/tyrecat/r330.png","41.77","225","50","17","W","98","XL","false","C","C","71","2","C1","1.0","WINRUN","BUDGET","R330"
"2854023ZPI3583900","8019227358391","3583900","285/40R23 PIRELLI SCORPION ZERO ALL SE 111Y XL (LR)NCS (4X4 / SUV SUMMER)","https://dcjqgkl774ppl.cloudfront.net/tyrecat/scorpion_zero_all_season.png","234.55","285","40","23","Y","111","XL","false","A","C","74","2","C1","30.0","PIRELLI","PREMIUM","SCORPION ZERO ALL SE"
"2854522ZPI3583800","8019227358384","3583800","285/45R22 PIRELLI SCORPION ZERO ALL SE 114Y XL (LR)NCS (4X4 / SUV SUMMER)","https://dcjqgkl774ppl.cloudfront.net/tyrecat/scorpion_zero_all_season.png","190.72","285","45","22","Y","114","XL","false","A","C","73","2","C1","22.0","PIRELLI","PREMIUM","SCORPION ZERO ALL SE"
"2055017VCO","4019238099935","","205/50R17 CONTINENTAL ULTRACONTACT 93V XL (CAR SUMMER)","","58.09","205","50","17","V","93","XL","false","A","B","69","2","","30.0","CONTINENTAL","PREMIUM","ULTRACONTACT"
"2353519ZMI799142","3528707991423","799142","235/35R19 MICHELIN PILOT SPORT 4 S 91Y XL DT1 (CAR SUMMER)","https://dcjqgkl774ppl.cloudfront.net/tyrecat/pilot-sport_4_s.png","128.69","235","35","19","Y","91","XL","false","D","A","71","2","C1","1.0","MICHELIN","PREMIUM","PILOT SPORT 4 S"
"2355020VMI681383","3528706813832","681383","235/50R20 MICHELIN E PRIMACY 104V XL (CAR SUMMER)","https://dcjqgkl774ppl.cloudfront.net/tyrecat/michelin/eprimacy_e-primacy.png","132.55","235","50","20","V","104","XL","false","A","B","070","2","C1","4.0","MICHELIN","PREMIUM","E PRIMACY"
"1657014RTR109","6958460904823","109CR1403","165/70R14 TRACMAX RADIAL109 89/87R 6PLY (VAN SUMMER)","https://dcjqgkl774ppl.cloudfront.net/tyrecat/radial109.png","23.97","165","70","14","R","89/87","","false","D","D","72","2","C2","30.0","TRACMAX","BUDGET","RADIAL 109"
"1956515TAPAL19565015TAL4AZE","8714692800924","","195/65R15 APOLLO ALNAC 4G 95T XL (CAR SUMMER)","https://dcjqgkl774ppl.cloudfront.net/tyrecat/alnac_4g.png","30.09","195","65","15","T","95","XL","false","C","C","69","1","C1","30.0","APOLLO","BUDGET WHOLESALE","ALNAC 4G"
"2554018ZTRTX3","6958460905950","TX3R1812","255/40R18 TRACMAX X-PRIVILO TX3 99Y XL (CAR SUMMER)","https://dcjqgkl774ppl.cloudfront.net/tyrecat/x-privilotx3.png","47.89","255","40","18","Y","99","XL","false","C","B","69","1","C1","6.0","TRACMAX","BUDGET","X-PRIVILO TX3"
"1558013STRR109","6958460904816","109CR1301","155/80R13 TRACMAX RADIAL109 90/88S 8PLY (VAN SUMMER)","https://dcjqgkl774ppl.cloudfront.net/tyrecat/radial109.png","23.97","155","80","13","S","90/88","","false","D","D","72","2","C1","30.0","TRACMAX","BUDGET","RADIAL 109"
"2156017VAPAL21560017VAL4AZA","8714692800870","","215/60R17 APOLLO ALNAC 4G 96V (CAR SUMMER)","https://dcjqgkl774ppl.cloudfront.net/tyrecat/alnac_4g.png","41.77","215","60","17","V","96","","false","C","C","69","2","C1","12.0","APOLLO","BUDGET WHOLESALE","ALNAC 4G"
"2356516RBR28852","3286342885216","28852","235/65R16 BRIDGESTONE DURAVIS ALL SEASON 115/113R (VAN ALL SEASON)","https://dcjqgkl774ppl.cloudfront.net/tyrecat/bridgestone/duravisallseason_all_season.png","119.73","235","65","16","R","115/113","","false","B","A","72","2","C2","1.0","BRIDGESTONE","PREMIUM","DURAVIS ALL SEASON"
"2356517VAPAL23565017VHT2AZE","8714692800887","AL23565017VHT2AZE","235/65R17 APOLLO APTERRA HT2 108V XL (4X4 / SUV SUMMER)","https://dcjqgkl774ppl.cloudfront.net/tyrecat/apterra_ht2.png","48.91","235","65","17","V","108","XL","false","D","C","72","2","C1","10.0","APOLLO","BUDGET WHOLESALE","APTERRA HT2"
"2154017ZBR8301","3286340830119","8301","215/40R17 BRIDGESTONE POTENZA S001 87W XL AO (CAR SUMMER)","http://www.etyre.net/preview/t3/br-s001rft.jpg","80.49","215","40","17","W","87","XL","false","C","B","70","2","C1","4.0","BRIDGESTONE","PREMIUM","POTENZA S001"
"2554019ZTRTX3","6958460913740","TX3R1919","255/40R19 TRACMAX X-PRIVILO TX3 100Y XL (CAR SUMMER)","https://dcjqgkl774ppl.cloudfront.net/tyrecat/x-privilotx3.png","47.89","255","40","19","Y","100","XL","false","C","B","69","1","C1","30.0","TRACMAX","BUDGET","X-PRIVILO TX3"
"2953521ZZE03.117.02","6921109040855","03.117.02","295/35R21 ZETA IMPERO 107Y XL (4X4 / SUV SUMMER)","http://images.tyresoft.biz/70/MODEL/zeta-impero.jpg","82.57","295","35","21","Y","107","XL","false","B","B","75","2","C1","8.0","ZETA","House Brand","IMPERO"
"3153520ZZE03.049.03","6921109040817","03.049.03","315/35R20 ZETA IMPERO 110W XL (4X4 / SUV SUMMER)","http://images.tyresoft.biz/70/MODEL/zeta-impero.jpg","76.45","315","35","20","W","110","XL","false","B","B","75","2","C1","8.0","ZETA","House Brand","IMPERO"
"2555518ZZE03.062.02","6921109040350","03.062.02","255/55R18 ZETA IMPERO 109W XL (4X4 / SUV SUMMER)","http://images.tyresoft.biz/70/MODEL/zeta-impero.jpg","62.17","255","55","18","W","109","XL","false","B","B","73","2","C1","20.0","ZETA","House Brand","IMPERO"
"1955516HUN362951000","4024068000204","03629510000","195/55R16 UNIROYAL RAINSPORT 3 87H RUNFLAT (CAR SUMMER)","http://www.etyre.net/preview/t3/un-rainsport3.jpg","77.58","195","55","16","H","87","","true","D","A","71","2","C1","3.0","UNIROYAL","MID RANGE PREMIUM","RAINSPORT 3"
"2054517VUN362952000","4024068000198","03629520000","205/45R17 UNIROYAL RAINSPORT 3 84V RUNFLAT (CAR SUMMER)","http://www.etyre.net/preview/t3/un-rainsport3.jpg","86.61","205","45","17","V","84","","true","D","A","71","2","C1","30.0","UNIROYAL","MID RANGE PREMIUM","RAINSPORT 3"
"2754020ZZE03.048.03","6921109040466","03.048.03","275/40R20 ZETA IMPERO 106W XL (4X4 / SUV SUMMER)","http://images.tyresoft.biz/70/MODEL/zeta-impero.jpg","68.29","275","40","20","W","106","XL","false","B","B","73","2","C1","18.0","ZETA","House Brand","IMPERO"
"2254518ZANANTARESAH534","695958581969","ANTARESAH534","225/45R18 ANTARES INGENS-A1 95W XL (CAR SUMMER)","","35.65","225","45","18","W","95","XL","false","D","C","72","2","C2","30.0","ANTARES","BUDGET","INGENS-A1"
"2657016TCO9036889","0029142942214","590633","265/70R16 COOPER DISCOVERER ATT 116T XL (4X4 / SUV SUMMER)","https://dcjqgkl774ppl.cloudfront.net/tyrecat/discoverer-att.png","77.47","265","70","16","T","116","XL","false","C","C","72","2","C1","30.0","COOPER","MID RANGE 3","DISCOVERER ATT"
"2154516VUN362949000","4024068000129","03629490000","215/45R16 UNIROYAL RAINSPORT 3 90V XL (CAR SUMMER)","http://www.etyre.net/preview/t3/un-rainsport3.jpg","72.85","215","45","16","V","90","XL","false","D","A","72","2","C1","11.0","UNIROYAL","MID RANGE PREMIUM","RAINSPORT 3"
"2356517VZE03.058.02","6921109040619","03.058.02","235/65R17 ZETA IMPERO 108V XL (4X4 / SUV SUMMER)","http://images.tyresoft.biz/70/MODEL/zeta-impero.jpg","55.03","235","65","17","V","108","XL","false","B","B","72","2","C1","10.0","ZETA","House Brand","IMPERO"
"2656018QKU2207123","8808956169596","2207123","265/60R18 KUMHO MT51 119/116Q (4X4 / SUV SUMMER)","https://dcjqgkl774ppl.cloudfront.net/tyrecat/mt51.png","92.66","265","60","18","Q","119/116","","false","NA","NA","NA","NA","C1","8.0","KUMHO","MID RANGE PREMIUM","MT51"
"2155017ZDE6924590246782","6924590246782","6924590246782","215/50R17 DELMAX ULTIMEPRO UP1 95W XL (CAR SUMMER)","","31.11","215","50","17","W","95","XL","false","C","C","72","2","C1","30.0","DELMAX","BUDGET WHOLESALE","ULTIMEPRO UP1"
"2854020ZMI269142","3528702691427","269142","285/40R20 MICHELIN PILOT SPORT 4 108Y XL NF0 (CAR SUMMER)","https://dcjqgkl774ppl.cloudfront.net/70/MODEL/michps4.png","226.78","285","40","20","Y","108","XL","false","B","B","71","1","C1","4.0","MICHELIN","PREMIUM","PILOT SPORT 4"
"2155517VYOK9316","4968814699123","K9316","215/55R17 YOKOHAMA G900 94V SUBARU (4X4 / SUV SUMMER)","http://www.etyre.net/preview/t3/yo-g900e.jpg","83.15","215","55","17","V","94","","false","D","C","71","2","","1.0","YOKOHAMA","MID RANGE 2","G900"
"2055017ZTO2309222","4981910772071","2309223","205/50R17 TOYO PXR32A 89W (CAR SUMMER)","http://images.tyresoft.co.uk/70/MODEL/to-r32a.jpg","86.22","205","50","17","W","89","","false","E","C","69","2","C1","2.0","TOYO","MID RANGE PREMIUM","PXR32A"
"2254519ZZE03.184.01","6921109034267","03.184.01","225/45R19 ZETA ALVENTI 96Y XL (CAR SUMMER)","https://dcjqgkl774ppl.cloudfront.net/70/images/ze-alveti.jpg","54.01","225","45","19","Y","96","XL","false","C","B","72","2","C1","30.0","ZETA","House Brand","ALVENTI"
"2156515TYOE4769","4968814941383","E4769","215/65R15 YOKOHAMA RY55 104T (VAN SUMMER)","http://images.tyresoft.biz/tyrecat/ry55.png","100.84","215","65","15","T","104","","false","C","B","71","2","","2.0","YOKOHAMA","MID RANGE 2","RY55"
"2255519VMI678411","3528706784118","678411","225/55R19 MICHELIN PILOT SPORT 4 SUV 99V (4X4 / SUV SUMMER)","https://dcjqgkl774ppl.cloudfront.net/tyrecat/pilot-sport-4-suv.png","110.56","225","55","19","V","99","","false","D","A","70","2","C1","4.0","MICHELIN","PREMIUM","PILOT SPORT 4 SUV"
"2254518ZHA1029185-1","8808563544953","1029185","225/45R18 HANKOOK K135 XL 95W XL (CAR SUMMER)","","89.63","225","45","18","W","95","XL","false","B","A","69","2","C1","1.0","HANKOOK","MID RANGE 2","K135 XL"
"2056516TYOE4762","4968814941314","E4762","205/65R16 YOKOHAMA RY55 107/105T (VAN SUMMER)","http://images.tyresoft.biz/tyrecat/ry55.png","69.32","205","65","16","T","107/105","","false","C","B","71","2","C2","12.0","YOKOHAMA","MID RANGE 2","RY55"
"1855515VDE6924590245327","6924590245327","6924590245327","185/55R15 DELMAX TOURING S1 82V (CAR SUMMER)","","23.97","185","55","15","V","82","","false","C","C","71","2","C1","1.0","DELMAX","BUDGET WHOLESALE","TOURING S1"
"2255018ZZE03.196.01","6921109040688","03.196.01","225/50R18 ZETA IMPERO 99W XL (CAR  SUMMER)","http://images.tyresoft.biz/70/MODEL/zeta-impero.jpg","56.05","225","50","18","W","99","XL","false","B","B","72","2","","18.0","ZETA","House Brand","IMPERO"
"2255519VZE03.164.02","6921109040701","03.164.02","225/55R19 ZETA IMPERO 99V (4X4 / SUV SUMMER)","http://images.tyresoft.biz/70/MODEL/zeta-impero.jpg","62.17","225","55","19","V","99","","false","C","B","71","2","C1","11.0","ZETA","House Brand","IMPERO"
"2057015VRARGC0313","8886459518271","RGC0313","205/70R15 RADAR DIMAX CLASSIC 96V (CAR SUMMER)","https://dcjqgkl774ppl.cloudfront.net/70/model/m_3838_dimaxclassicbsw(45).jpg","49.93","205","70","15","V","96","","false","NA","NA","NA","NA","C1","1.0","RADAR","BUDGET","DIMAX CLASSIC"
"1955516VYOR2440","4968814925352","R2440","195/55R16 YOKOHAMA ES32 87V (CAR SUMMER)","http://images.tyresoft.biz/tyrecat/es32.png","51.97","195","55","16","V","87","","false","C","B","68","1","","26.0","YOKOHAMA","MID RANGE 2","ES32"
"1955515VZE03.016.02","6921109040893","03.016.02","195/55R15 ZETA ALVENTI 85V (CAR SUMMER)","https://dcjqgkl774ppl.cloudfront.net/70/images/ze-alveti.jpg","31.11","195","55","15","V","85","","false","C","B","71","2","C1","30.0","ZETA","House Brand","ALVENTI"
"2155517ZZE03.035.02","6921109041005","03.035.02","215/55R17 ZETA ALVENTI 98Y XL (CAR SUMMER)","https://dcjqgkl774ppl.cloudfront.net/70/images/ze-alveti.jpg","42.79","215","55","17","Y","98","XL","false","B","B","72","2","C1","30.0","ZETA","House Brand","ALVENTI"
"2256016HZE03.073.02","6921109040961","03.073.02","225/60R16 ZETA ALVENTI 98H (CAR SUMMER)","https://dcjqgkl774ppl.cloudfront.net/70/images/ze-alveti.jpg","46.41","225","60","16","H","98","","false","B","B","71","2","C1","1.0","ZETA","House Brand","ALVENTI"
"2354018ZYOR0855","4968814892562","R0855","235/40R18 YOKOHAMA V701 95W XL (CAR SUMMER)","http://images.tyresoft.biz/tyrecat/v701.jpg","74.41","235","40","18","W","95","XL","false","C","A","67","1","C1","2.0","YOKOHAMA","MID RANGE 2","V701"
"2156016VZE03.014.02","6921109040954","03.014.02","215/60R16 ZETA ALVENTI 95V (CAR SUMMER)","https://dcjqgkl774ppl.cloudfront.net/70/images/ze-alveti.jpg","43.81","215","60","16","V","95","","false","B","B","71","2","C1","30.0","ZETA","House Brand","ALVENTI"
"2255517ZZE03.050.03","6921109041029","03.050.03","225/55R17 ZETA ALVENTI 101W XL (CAR SUMMER)","https://dcjqgkl774ppl.cloudfront.net/70/images/ze-alveti.jpg","47.89","225","55","17","W","101","XL","false","B","B","72","2","C1","30.0","ZETA","House Brand","ALVENTI"
"2456517TACOMIKRON","8997020614442","1200036480","245/65R17 ACCELERA OMIKRON HT 107T (4X4 / SUV SUMMER)","https://dcjqgkl774ppl.cloudfront.net/tyrecat/omikron-ht.png","52.99","245","65","17","T","107","","false","C","C","70","2","C1","3.0","ACCELERA","BUDGET","OMIKRON HT"
"2156515TKU2227283","8808956229252","2227283","215/65R15 KUMHO KC53 104/102T (VAN SUMMER)","https://dcjqgkl774ppl.cloudfront.net/70/MODEL/kc53.jpg","68.29","215","65","15","T","104/102","","false","C","C","71","2","C2","30.0","KUMHO","MID RANGE PREMIUM","KC53"
"2255518ZZE03.094.02","6921109040312","03.094.02","225/55R18 ZETA ALVENTI 102W XL (CAR SUMMER)","https://dcjqgkl774ppl.cloudfront.net/70/images/ze-alveti.jpg","55.03","225","55","18","W","102","XL","false","B","B","72","2","C1","17.0","ZETA","House Brand","ALVENTI"
"2254517ZKU2206343","8808956166847","2206343","225/45R17 KUMHO PS71 94Y XL (CAR SUMMER)","https://dcjqgkl774ppl.cloudfront.net/tyrecat/ps71.png","47.24","225","45","17","Y","94","XL","false","C","A","72","2","C1","10.0","KUMHO","MID RANGE PREMIUM","PS71"
"2553519ZRARASYCN0765","8886459594343","RASYCN0765","255/35R19 RADAR DIMAX R8+ 96Y XL (CAR SUMMER)","http://omni-united.com/wp-content/uploads/2016/06/dimax-r8-plus.jpg","51.97","255","35","19","Y","96","XL","false","C","A","73","2","C1","30.0","RADAR","BUDGET","DIMAX R8+"
"1856015HZE03.011.02","6921109040541","03.011.02","185/60R15 ZETA ZTR50 88H XL (CAR SUMMER)","https://dcjqgkl774ppl.cloudfront.net/70/images/ze-ztr50.jpg","30.09","185","60","15","H","88","XL","false","C","B","71","2","C1","30.0","ZETA","House Brand","ZTR50"
"2154517ZKU2206333","8808956166830","2206333","215/45R17 KUMHO PS71 91Y XL (CAR SUMMER)","https://dcjqgkl774ppl.cloudfront.net/tyrecat/ps71.png","52.29","215","45","17","Y","91","XL","false","C","A","72","2","C1","3.0","KUMHO","MID RANGE PREMIUM","PS71"
"2353519ZRARASYCN0764","8886459594336","RASYCN0764","235/35R19 RADAR DIMAX R8+ 91Y XL (CAR SUMMER)","http://omni-united.com/wp-content/uploads/2016/06/dimax-r8-plus.jpg","46.87","235","35","19","Y","91","XL","false","C","A","72","2","C1","30.0","RADAR","BUDGET","DIMAX R8+"
"1956515VZE03.008.03","6921109040909","03.008.03","195/65R15 ZETA ALVENTI 91V (CAR SUMMER)","https://dcjqgkl774ppl.cloudfront.net/70/images/ze-alveti.jpg","33.15","195","65","15","V","91","","false","C","B","71","2","C1","30.0","ZETA","House Brand","ALVENTI"
"2054017ZKU2206403","8808956166892","2206403","205/40R17 KUMHO PS71 84Y XL (CAR SUMMER)","https://dcjqgkl774ppl.cloudfront.net/tyrecat/ps71.png","58.6","205","40","17","Y","84","XL","false","D","A","72","2","C1","30.0","KUMHO","MID RANGE PREMIUM","PS71"
"2554019ZRARASYCN0778","8886459594473","RASYCN0778","255/40R19 RADAR DIMAX R8+ 100Y XL (CAR/ SUMMER)","http://omni-united.com/wp-content/uploads/2016/06/dimax-r8-plus.jpg","55.03","255","40","19","Y","100","XL","false","C","A","73","2","C1","30.0","RADAR","BUDGET","DIMAX R8+"
"1856515HZE03.007.02","6921109040558","03.007.02","185/65R15 ZETA ZTR50 88H (CAR SUMMER)","https://dcjqgkl774ppl.cloudfront.net/70/images/ze-ztr50.jpg","30.09","185","65","15","H","88","","false","C","B","70","2","C1","30.0","ZETA","House Brand","ZTR50"
"2054018ZGRSUREGRIP","6969999080209","221027472","205/40R18 GRIPMAX SUREGRIP AS 86W XL (CAR ALL SEASON)","https://dcjqgkl774ppl.cloudfront.net/tyrecat/status-allclimate.png","62.17","205","40","18","W","86","XL","false","D","C","72","B","C1","6.0","GRIPMAX","BUDGET","SUREGRIP A/S"
"2255017ZKU2206373","8808956166861","2206373","225/50R17 KUMHO PS71 98Y XL (CAR SUMMER)","https://dcjqgkl774ppl.cloudfront.net/tyrecat/ps71.png","58.21","225","50","17","Y","98","XL","false","C","A","72","2","C1","26.0","KUMHO","MID RANGE PREMIUM","PS71"
"1956015VZE03.012.02","6921109040565","03.012.02","195/60R15 ZETA ZTR50 88V (CAR SUMMER)","https://dcjqgkl774ppl.cloudfront.net/70/images/ze-ztr50.jpg","31.11","195","60","15","V","88","","false","C","B","71","2","C1","30.0","ZETA","House Brand","ZTR50"
"2354520ZRARASYCN0434","8886459588618","RASYCN0434","235/45R20 RADAR DIMAX R8+ 100Y XL (4X4 / SUV SUMMER)","http://omni-united.com/wp-content/uploads/2016/06/dimax-r8-plus.jpg","61.15","235","45","20","Y","100","XL","false","C","A","72","2","C1","5.0","RADAR","BUDGET","DIMAX R8+"
"1756515HZE03.071.02","6921109040534","03.071.02","175/65R15 ZETA ZTR50 88H XL (CAR SUMMER)","https://dcjqgkl774ppl.cloudfront.net/70/images/ze-ztr50.jpg","30.09","175","65","15","H","88","XL","false","C","B","71","2","C1","30.0","ZETA","House Brand","ZTR50"
"2055017ZKU2206323","8808956166823","2206323","205/50R17 KUMHO PS71 93Y XL (CAR SUMMER)","https://dcjqgkl774ppl.cloudfront.net/tyrecat/ps71.png","56.23","205","50","17","Y","93","XL","false","C","A","72","2","C1","30.0","KUMHO","MID RANGE PREMIUM","PS71"
"2454018ZRARASYCN0760","8886459594299","RASYCN0760","245/40R18 RADAR DIMAX R8+ 97Y XL (CAR SUMMER)","http://omni-united.com/wp-content/uploads/2016/06/dimax-r8-plus.jpg","46.87","245","40","18","Y","97","XL","false","C","A","72","2","C1","30.0","RADAR","BUDGET","DIMAX R8+"
"2355018ZRARASYCN0756","8886459594251","RASYCN0756","235/50R18 RADAR DIMAX R8+ 101Y XL (CAR SUMMER)","http://omni-united.com/wp-content/uploads/2016/06/dimax-r8-plus.jpg","48.91","235","50","18","Y","101","XL","false","C","A","72","2","C1","1.0","RADAR","BUDGET","DIMAX R8+"
"2257015NRARGD0064","8886459509866","RGD0064","225/70R15 RADAR ARGONITE (RV-4T) 116N (VAN SUMMER)","https://dcjqgkl774ppl.cloudfront.net/70/model/m_5253_argonite_rv4t_(45)_s-19.jpg","55.03","225","70","15","N","116","","false","C","B","72","2","C2","7.0","RADAR","BUDGET","ARGONITE RV-4T"
"2156516TYOE4764","4968814941338","E4764","215/65R16 YOKOHAMA RY55 109/107T (VAN SUMMER)","http://images.tyresoft.biz/tyrecat/ry55.png","71.35","215","65","16","T","109/107","","false","C","B","71","2","C2","7.0","YOKOHAMA","MID RANGE 2","RY55"
"2556018VTRRF10R1805","6958460911081","RF10R1805","255/60R18 TRACMAX X-PRIVILO H/T 112V XL (4X4 / SUV SUMMER)","https://dcjqgkl774ppl.cloudfront.net/70/MODEL/tracmaxx-priviloht.png","55.03","255","60","18","V","112","XL","false","C","C","72","2","C1","19.0","TRACMAX","BUDGET","X-PRIVILO H/T"
"2354517ZZE03.024.02","6921109041036","03.024.02","235/45R17 ZETA ALVENTI 97Y XL (CAR SUMMER)","https://dcjqgkl774ppl.cloudfront.net/70/images/ze-alveti.jpg","44.83","235","45","19","V","95","XL","false","D","B","71","2","C1","30.0","ZETA","House Brand","ALVENTI"
"2154517ZZE03.022.02","6921109040992","03.022.02","215/45R17 ZETA ALVENTI 91Y XL (CAR SUMMER)","https://dcjqgkl774ppl.cloudfront.net/70/images/ze-alveti.jpg","41.77","215","45","17","Y","91","XL","false","B","B","72","2","C1","19.0","ZETA","House Brand","ALVENTI"
"2454018ZZE03.053.03","6921109041050","03.053.03","245/40R18 ZETA ALVENTI 97Y XL (CAR SUMMER)","https://dcjqgkl774ppl.cloudfront.net/70/images/ze-alveti.jpg","47.89","245","40","18","Y","97","XL","false","B","B","72","2","C1","30.0","ZETA","House Brand","ALVENTI"
"2055017ZZE03.021.03","6921109040985","03.021.03","205/50R17 ZETA ALVENTI 93Y XL (CAR SUMMER)","https://dcjqgkl774ppl.cloudfront.net/70/images/ze-alveti.jpg","40.75","205","50","17","Y","93","XL","false","C","B","72","2","C1","28.0","ZETA","House Brand","ALVENTI"
"1955015VZE03.017.02","6921109040886","03.017.02","195/50R15 ZETA ALVENTI 82V (CAR SUMMER)","https://dcjqgkl774ppl.cloudfront.net/70/images/ze-alveti.jpg","29.07","195","50","15","V","82","","false","C","B","71","2","C1","30.0","ZETA","House Brand","ALVENTI"
"2156016TKU2210373","8808956166465","2210373","215/60R16 KUMHO KC53 103/101T (VAN SUMMER)","https://dcjqgkl774ppl.cloudfront.net/70/MODEL/kc53.jpg","73.62","215","60","16","T","103/101","","false","D","C","71","2","C2","9.0","KUMHO","MID RANGE PREMIUM","KC53"
"2054517ZZE03.051.03","6921109040978","03.051.03","205/45R17 ZETA ALVENTI 88Y XL (CAR SUMMER)","https://dcjqgkl774ppl.cloudfront.net/70/images/ze-alveti.jpg","41.77","205","45","17","Y","88","XL","false","C","B","72","2","C1","11.0","ZETA","House Brand","ALVENTI"
"2255017ZZE03.037.03","6921109041012","03.037.03","225/50R17 ZETA ALVENTI 98Y XL (CAR SUMMER)","https://dcjqgkl774ppl.cloudfront.net/70/images/ze-alveti.jpg","44.83","225","50","17","Y","98","XL","false","B","B","72","2","C1","30.0","ZETA","House Brand","ALVENTI"
"2554021ZCO3110570000","4019238032215","03110570000","255/40R21 CONTINENTAL SPORTCONTACT 6 102Y XL * (CAR SUMMER)","https://dcjqgkl774ppl.cloudfront.net/tyrecat/sportcontact-6-tire-image.png","193.09","255","40","21","Y","102","XL","false","D","B","73","2","C1","1.0","CONTINENTAL","PREMIUM","SPORTCONTACT 6"
"2057015TRARGD0049-1","8886459523039","RGD0049","205/70R15 RADAR ARGONITE (RV-4) 106/104T (VAN SUMMER)","https://dcjqgkl774ppl.cloudfront.net/tyrecat/radar/argoniterv-4_argoniterv-4(45).jpg","49.93","205","70","15","T","106/104","","false","C","B","72","2","C2","30.0","RADAR","BUDGET","ARGONITE RV-4"
"2554021ZMI500483","3528705004835","500483","255/40R21 MICHELIN PILOT SPORT 4 SUV 102Y XL MO (4X4 / SUV SUMMER)","https://dcjqgkl774ppl.cloudfront.net/tyrecat/pilot-sport-4-suv.png","218.83","255","40","21","Y","102","XL","false","B","A","72","2","C1","2.0","MICHELIN","PREMIUM","PILOT SPORT 4 SUV"
"1956016HRARGD0051-1","8886459523053","RGD0051","195/60R16 RADAR ARGONITE (RV-4) 99/97H (VAN SUMMER)","https://dcjqgkl774ppl.cloudfront.net/tyrecat/radar/argoniterv-4_argoniterv-4(45).jpg","45.85","195","60","16","H","99/97","","false","C","B","72","2","C2","1.0","RADAR","BUDGET","ARGONITE RV-4"
"1757516RRARGD0050-1","8886459523046","RGD0050","175/75R16 RADAR ARGONITE (RV-4) 101/99R (VAN SUMMER)","https://dcjqgkl774ppl.cloudfront.net/tyrecat/radar/argoniterv-4_argoniterv-4(45).jpg","40.29","175","75","16","R","101/99","","false","C","B","72","2","C2","4.0","RADAR","BUDGET","ARGONITE RV-4"
"1955016VRARSC0216-1","8886459522209","RSC0216","195/50R16 RADAR RPX 800 88V XL (CAR SUMMER)","https://dcjqgkl774ppl.cloudfront.net/tyrecat/rpx-800.jpg","36.21","195","50","16","V","88","XL","false","D","B","72","2","C1","30.0","RADAR","BUDGET","RPX-800"
"2653521ZMI024292","3528700242928","024292","265/35R21 MICHELIN PILOT SPORT 4 S 101Y XL A T0 (CAR SUMMER)","https://dcjqgkl774ppl.cloudfront.net/tyrecat/pilot-sport_4_s.png","241.69","265","35","21","Y","101","XL","false","D","B","71","2","C1","1.0","MICHELIN","PREMIUM","PILOT SPORT 4 S"
"2057516RRARGD0052","8886459523060","RGD0052","205/75R16 RADAR ARGONITE (RV-4) 113/111R (VAN SUMMER)","https://dcjqgkl774ppl.cloudfront.net/tyrecat/radar/argoniterv-4_argoniterv-4(45).jpg","50.95","205","75","16","R","113/111","","false","C","B","72","2","C2","9.0","RADAR","BUDGET","ARGONITE RV-4"
"54735","4019238099935","03140960000","205/50R17 CONTINENTAL ULTRACONTACT 93Y XL EVC (CAR SUMMER)","https://dcjqgkl774ppl.cloudfront.net/tyrecat/continental/ultracontact_ultracontact.png","86.03","205","50","17","Y","93","XL","false","B","A","69","1","C1","1.0","CONTINENTAL","PREMIUM","ULTRACONTACT"
"2854520ZBR7298","3286340729819","7298","285/45R20 BRIDGESTONE DUELER H/P SPORT 112Y XL AO (4X4 / SUV SUMMER)","http://www.etyre.net/preview/t3/br-dsport.jpg","153.97","285","45","20","Y","112","XL","false","C","C","73","2","C1","13.0","BRIDGESTONE","PREMIUM","DUELER H/P SPORT"
"2255018ZMI139553","3528701395531","139553","225/50R18 MICHELIN PRIMACY 4 99W XL * (CAR SUMMER)","https://dcjqgkl774ppl.cloudfront.net/tyrecat/primacy_4.png","130.82","225","50","18","W","99","XL","false","A","B","68","1","C1","4.0","MICHELIN","PREMIUM","PRIMACY 4"
"2156017TTO4032300","4981910517566","4032300","215/60R17 TOYO NANOENERGY VAN 109/107T (VAN SUMMER)","https://dcjqgkl774ppl.cloudfront.net/70/model/m_4824_toyonanoenergyvan.jpg","76.65","215","60","17","T","104/102","","false","C","C","70","2","C2","11.0","TOYO","MID RANGE PREMIUM","NANOENERGY VAN"
"2253518ZKU2206543","8808956165321","2206543","225/35R18 KUMHO PS71 87Y XL (CAR SUMMER)","https://dcjqgkl774ppl.cloudfront.net/tyrecat/ps71.png","77.73","225","35","18","Y","87","XL","false","D","A","72","2","C1","3.0","KUMHO","MID RANGE PREMIUM","PS71"
"2554518ZKU2206533","8808956165314","2206533","255/45R18 KUMHO PS71 103Y XL (CAR SUMMER)","https://dcjqgkl774ppl.cloudfront.net/tyrecat/ps71.png","85.73","255","45","18","Y","103","XL","false","C","A","71","2","C1","30.0","KUMHO","MID RANGE PREMIUM","PS71"
"2056016HKU2269383","8808956278809","2269383","205/60R16 KUMHO ES31 92H (CAR SUMMER)","https://dcjqgkl774ppl.cloudfront.net/tyrecat/es31.png","47.08","205","60","16","H","92","","false","A","B","70","2","C1","30.0","KUMHO","MID RANGE PREMIUM","ES31"
"2256517VAPAL22565017VHT2AZ2","8714692880681","","225/65R17 APOLLO APTERRA HT2 106V XL (4X4 / SUV SUMMER)","https://dcjqgkl774ppl.cloudfront.net/tyrecat/apterra_ht2.png","45.85","225","65","17","V","106","XL","false","D","C","72","2","C1","4.0","APOLLO","BUDGET WHOLESALE","APTERRA HT2"
"2453520ZKU2206623","8808956165406","2206623","245/35R20 KUMHO PS71 95Y XL (CAR SUMMER)","https://dcjqgkl774ppl.cloudfront.net/tyrecat/ps71.png","93.28","245","35","20","Y","95","XL","false","D","A","72","2","C1","3.0","KUMHO","MID RANGE PREMIUM","PS71"
"2157516RUN4523500000","4024068006077","04523500000","215/75R16 UNIROYAL RAIN MAX 5 113/111R (VAN SUMMER)","https://dcjqgkl774ppl.cloudfront.net/tyrecat/uniroyal/rainmax5_rainmax5.png","86.43","215","75","16","R","113/111","","false","C","B","72","2","C2","4.0","UNIROYAL","MID RANGE PREMIUM","RAIN MAX 5"
"2354018ZKU2206463","8808956165253","2206463","235/40R18 KUMHO PS71 95Y XL (CAR SUMMER)","https://dcjqgkl774ppl.cloudfront.net/tyrecat/ps71.png","60.81","235","40","18","Y","95","XL","false","D","A","72","2","C1","30.0","KUMHO","MID RANGE PREMIUM","PS71"
"2254518ZKU2206453","8808956166939","2206453","225/45R18 KUMHO PS71 95Y XL (CAR SUMMER)","https://dcjqgkl774ppl.cloudfront.net/tyrecat/ps71.png","70.14","225","45","18","Y","95","XL","false","D","A","72","2","C1","30.0","KUMHO","MID RANGE PREMIUM","PS71"
"2154516VBR7296","3286340729611","7296","215/45R16 BRIDGESTONE TURANZA T001 90V XL AO (CAR SUMMER)","http://www.etyre.net/preview/t3/br-t001.jpg","77.47","215","45","16","V","90","XL","false","C","B","70","2","C1","2.0","BRIDGESTONE","PREMIUM","TURANZA T001"
"1755515TAC5M647","8997020616477","1200041257","175/55R15 ACCELERA PHI-R 77T (CAR SUMMER)","https://dcjqgkl774ppl.cloudfront.net/70/MODEL/accelera-phi-r.jpg","27.03","175","55","15","T","77","","false","E","C","70","2","C1","2.0","ACCELERA","BUDGET","PHI-R"
"2454518ZKU2206503","8808956165284","2206503","245/45R18 KUMHO PS71 100Y XL (CAR SUMMER)","https://dcjqgkl774ppl.cloudfront.net/tyrecat/ps71.png","70.89","245","45","18","Y","100","XL","false","C","A","72","2","C1","30.0","KUMHO","MID RANGE PREMIUM","PS71"
"2555020VCO","","","255/50R20 CONTINENTAL SPORTCONTACT 6 AO  109V XL (4X4 / SUV SUMER)","","96.85","255","50","20","V","109","XL","false","B","A","073","2","C2","20.0","CONTINENTAL","PREMIUM",""
"2454018ZKU2206493","8808956166946","2206493","245/40R18 KUMHO PS71 97Y XL (CAR SUMMER)","https://dcjqgkl774ppl.cloudfront.net/tyrecat/ps71.png","63.64","245","40","18","Y","97","XL","false","D","A","72","2","C1","30.0","KUMHO","MID RANGE PREMIUM","PS71"
"2154017ZBR7289","3286340728911","7289","215/40R17 BRIDGESTONE POTENZA S001 87Y XL AO (CAR SUMMER)","http://www.etyre.net/preview/t3/br-s001rft.jpg","77.47","215","40","17","Y","87","XL","false","C","B","70","2","C1","12.0","BRIDGESTONE","PREMIUM","POTENZA S001"
"2354518ZKU2206473","8808956165260","2206473","235/45R18 KUMHO PS71 98Y XL (CAR SUMMER)","https://dcjqgkl774ppl.cloudfront.net/tyrecat/ps71.png","74.46","235","45","18","Y","98","XL","false","C","A","72","2","C1","30.0","KUMHO","MID RANGE PREMIUM","PS71"
"2354521ZMI184505","3528701845050","184505","235/45R21 MICHELIN PILOT SPORT 4 SUV 101Y XL MO (4X4 / SUV SUMMER)","https://dcjqgkl774ppl.cloudfront.net/tyrecat/pilot-sport-4-suv.png","203.36","235","45","21","Y","101","XL","false","B","A","72","2","C1","1.0","MICHELIN","PREMIUM","PILOT SPORT 4 SUV"
"2553519ZKU2206573","8808956165352","2206573","255/35R19 KUMHO PS71 96Y XL (CAR SUMMER)","https://dcjqgkl774ppl.cloudfront.net/tyrecat/ps71.png","83.42","255","35","19","Y","96","XL","false","D","A","73","2","C1","24.0","KUMHO","MID RANGE PREMIUM","PS71"
"2056516HKU2304353","8808956318352","2304353","205/65R16 KUMHO PS71 95H (4X4 / SUV SUMMER)","https://dcjqgkl774ppl.cloudfront.net/tyrecat/ps71.png","54.23","205","65","16","H","95","","false","A","C","71","2","C1","7.0","KUMHO","MID RANGE PREMIUM","PS71"
"2553020ZKU2206643","8808956165420","2206643","255/30R20 KUMHO PS71 92Y XL (CAR SUMMER)","https://dcjqgkl774ppl.cloudfront.net/tyrecat/ps71.png","112.65","255","30","20","Y","92","XL","false","D","A","73","2","C1","2.0","KUMHO","MID RANGE PREMIUM","PS71"
"2353520ZMI811756","3528708117563","811756","235/35R20 MICHELIN PILOT SPORT 4 S 92Y XL A T0 (CAR SUMMER)","https://dcjqgkl774ppl.cloudfront.net/tyrecat/pilot-sport_4_s.png","185.49","235","35","20","Y","92","XL","false","D","A","71","2","C1","8.0","MICHELIN","PREMIUM",""
"2753520ZKU2206663","8808956165444","2206663","275/35R20 KUMHO PS71 102Y XL (CAR SUMMER)","https://dcjqgkl774ppl.cloudfront.net/tyrecat/ps71.png","107.05","275","35","20","Y","102","XL","false","C","A","72","2","C1","26.0","KUMHO","MID RANGE PREMIUM","PS71"
"2453519ZBR6469","3286340646918","6469","245/35R19 BRIDGESTONE POTENZA S001 93Y XL AO (CAR SUMMER)","http://www.etyre.net/preview/t3/br-s001rft.jpg","123.37","245","35","19","Y","93","XL","false","D","A","70","2","C1","4.0","BRIDGESTONE","PREMIUM","POTENZA S001"
"1855515VAPAL18555015VAL4AZ0","8714692880421","","185/55R15 APOLLO ALNAC 4G 82V (CAR SUMMER)","https://dcjqgkl774ppl.cloudfront.net/tyrecat/alnac_4g.png","28.41","185","55","15","V","82","","false","D","C","70","2","C1","3.0","APOLLO","BUDGET WHOLESALE","ALNAC 4G"
"2254519ZKU2206363","8808956165239","2206363","225/45R19 KUMHO PS71 96Y XL (CAR SUMMER)","https://dcjqgkl774ppl.cloudfront.net/tyrecat/ps71.png","87.67","225","45","19","Y","96","XL","false","D","A","72","2","C1","30.0","KUMHO","MID RANGE PREMIUM","PS71"
"2555519VCO354172000","4019238519358","0354172","255/55R19 CONTINENTAL CONTISPORTCONTACT 5 111V XL (4X4 / SUV SUMMER)","https://dcjqgkl774ppl.cloudfront.net/70/images/cn-sc5.jpg","92.77","255","55","19","V","111","XL","false","C","A","73","2","C1","12.0","CONTINENTAL","PREMIUM","CONTISPORTCONTACT 5"
"2354517ZKU2206393","8808956166885","2206393","235/45R17 KUMHO PS71 97Y XL (CAR SUMMER)","https://dcjqgkl774ppl.cloudfront.net/tyrecat/ps71.png","50.37","235","45","17","Y","97","XL","false","D","A","72","2","C1","30.0","KUMHO","MID RANGE PREMIUM","PS71"
"1756515HRARSC0211","8886459522155","RSC0211","175/65R15 RADAR RPX 800 88H XL (CAR SUMMER)","https://dcjqgkl774ppl.cloudfront.net/tyrecat/rpx-800.jpg","29.07","175","65","15","H","88","XL","false","C","C","71","2","C1","30.0","RADAR","BUDGET","RPX-800"
"2254018ZKU2206443","8808956166922","2206443","225/40R18 KUMHO PS71 92Y XL (CAR SUMMER)","https://dcjqgkl774ppl.cloudfront.net/tyrecat/ps71.png","48.91","225","40","18","Y","92","XL","false","D","A","72","2","C1","30.0","KUMHO","MID RANGE PREMIUM","PS71"
"2656518HRARZD0141","8886459521837","RZD0141","265/65R18 RADAR RENEGADE A/T AT-5 114H (4X4 / SUV SUMMER)","https://dcjqgkl774ppl.cloudfront.net/tyrecat/renegade-at5.jpg","86.65","265","65","18","H","114","","false","D","D","72","2","C1","30.0","RADAR","BUDGET","RENEGADE A/T AT-5"
"1955516VAPRP203","6976540113293","","195/55R16 APTANY RP203 87V (CAR SUMMER)","","24.43","195","55","16","V","87","","false","D","C","70","2","C1","30.0","APTANY","BUDGET","RP203"
"2453518ZKU2206483","8808956165277","2206483","245/35R18 KUMHO PS71 92Y XL (CAR SUMMER)","https://dcjqgkl774ppl.cloudfront.net/tyrecat/ps71.png","68.5","245","35","18","Y","92","XL","false","D","A","72","2","C1","11.0","KUMHO","MID RANGE PREMIUM","PS71"
"2553518ZKU2206513","8808956165291","2206513","255/35R18 KUMHO PS71 94Y XL (CAR SUMMER)","https://dcjqgkl774ppl.cloudfront.net/tyrecat/ps71.png","72.49","255","35","18","Y","94","XL","false","D","A","72","2","C1","25.0","KUMHO","MID RANGE PREMIUM","PS71"
"2454519ZKU2206563","8808956165345","2206563","245/45R19 KUMHO PS71 102Y XL (CAR SUMMER)","https://dcjqgkl774ppl.cloudfront.net/tyrecat/ps71.png","90.91","245","45","19","Y","102","XL","false","C","A","72","2","C1","30.0","KUMHO","MID RANGE PREMIUM","PS71"
"2754519ZMI516917","3528705169176","516917","275/45R19 MICHELIN PILOT SPORT 4 108Y XL NF0 (CAR SUMMER)","https://dcjqgkl774ppl.cloudfront.net/70/MODEL/michps4.png","163.67","275","45","19","Y","108","XL","false","B","A","71","2","C1","2.0","MICHELIN","PREMIUM","PILOT SPORT 4"
"2254517ZKU2206353","8808956166854","2206353","225/45R17 KUMHO PS71 91Y (CAR SUMMER)","https://dcjqgkl774ppl.cloudfront.net/tyrecat/ps71.png","43.35","225","45","17","Y","91","","false","D","A","71","2","C1","30.0","KUMHO","MID RANGE PREMIUM","PS71"
"2254517ZPI3220700","8019227322071","3220700","225/45R17 PIRELLI CINTURATO P7 (P7C2) 91Y (AO) (CAR SUMMER)","https://dcjqgkl774ppl.cloudfront.net/tyrecat/pirelli/cinturatop7(p7c2)_cinturato-p7c2.png","56.24","225","45","17","Y","91","","false","B","A","68","1","C1","23.0","PIRELLI","PREMIUM","CINTURATO P7 (P7C2)"
"2753519ZMI059921","3528700599213","059921","275/35R19 MICHELIN PILOT SPORT 4 S 96Y (CAR SUMMER)","https://dcjqgkl774ppl.cloudfront.net/tyrecat/pilot-sport_4_s.png","178.34","275","35","19","Y","96","","false","D","A","72","2","C1","2.0","MICHELIN","PREMIUM","PILOT SPORT 4 S"
"2254018ZBR22377","3286342237718","22377","225/40R18 BRIDGESTONE TURANZA 6 ENLITEN 92Y XL (CAR SUMMER)","https://dcjqgkl774ppl.cloudfront.net/tyrecat/bridgestone/turanza6_turanza_6.png","63.56","225","40","18","Y","92","XL","false","B","A","70","2","C1","6.0","BRIDGESTONE","PREMIUM","TURANZA 6"
"1956516TRO11110RS","8807622154782","11110RS","195/65R16 ROADSTONE CP321 104/102T (VAN SUMMER)","https://dcjqgkl774ppl.cloudfront.net/tyrecat/roadian_ct8.png","39.89","195","65","16","T","104/102","","false","C","C","73","3","C2","1.0","ROADSTONE","BUDGET","CP321"
"2454018ZACPHIR","8997020613728","1200032613","245/40R18 ACCELERA PHI R 97Y XL (CAR SUMMER)","https://dcjqgkl774ppl.cloudfront.net/70/images/acc phir.jpg","41.77","245","40","18","Y","97","XL","false","D","C","72","2","C1","7.0","ACCELERA","BUDGET","PHI R"
"2254518ZUN362956000","4024068000150","03629560000","225/45R18 UNIROYAL RAINSPORT 3 95Y XL RUNFLAT (CAR SUMMER)","http://www.etyre.net/preview/t3/un-rainsport3.jpg","98.89","225","45","18","Y","95","XL","true","D","A","72","2","C1","10.0","UNIROYAL","MID RANGE PREMIUM","RAINSPORT 3"
"2255519VMI935401","3528709354011","935401","225/55R19 MICHELIN E PRIMACY 103V XL (CAR SUMMER)","https://dcjqgkl774ppl.cloudfront.net/tyrecat/michelin/eprimacy_e-primacy.png","98.89","225","55","19","V","103","XL","false","A","B","070","2","C1","2.0","MICHELIN","PREMIUM","E PRIMACY"
"2255017ZUN362957000","4024068000143","03629570000","225/50R17 UNIROYAL RAINSPORT 3 94W RUNFLAT (CAR SUMMER)","http://www.etyre.net/preview/t3/un-rainsport3.jpg","87.11","225","50","17","W","94","","true","D","A","71","2","C1","2.0","UNIROYAL","MID RANGE PREMIUM","RAINSPORT 3"
"2254517ZUN362955000","4024068000167","03629550000","225/45R17 UNIROYAL RAINSPORT 3 91W RUNFLAT (CAR SUMMER)","http://www.etyre.net/preview/t3/un-rainsport3.jpg","69.6","225","45","17","W","91","","true","D","A","71","2","C1","3.0","UNIROYAL","MID RANGE PREMIUM","RAINSPORT 3"
"2156515TTRRF19","6958460905738","RF19CR1501","215/65R15 TRACMAX XPRIVILO RF19 104/102T 6PLY (VAN SUMMER)","https://dcjqgkl774ppl.cloudfront.net/tyrecat/transporterrf19.png","37.69","215","65","15","T","104/102","","false","C","C","71","2","C2","30.0","TRACMAX","BUDGET","TRANSPORTER RF19"
"2254517ZKU2327133","8808956349875","2327133","225/45R17 KUMHO HA32 94W XL (CAR ALL SEASON)","https://dcjqgkl774ppl.cloudfront.net/tyrecat/kumho/ha32_ha32.png","50.95","225","45","17","W","94","XL","false","C","B","72","2","C1","1.0","KUMHO","MID RANGE PREMIUM","HA32"
"2454019ZCO0311378000","4019238040555","03113780000","245/40R19 CONTINENTAL SPORTCONTACT 7 98Y XL (CAR SUMMER)","https://dcjqgkl774ppl.cloudfront.net/tyrecat/continental/sportcontact7_sportcontact7.jpg","122.51","245","40","19","Y","98","XL","false","C","A","72","2","C1","10.0","CONTINENTAL","PREMIUM","SPORTCONTACT 7"
"2255518HKU2326953","8808956349684","2326953","225/55R18 KUMHO KL33 98H (4X4 / SUV SUMMER)","http://images.tyresoft.co.uk/70/MODEL/kl33.jpg","69.92","225","55","18","H","98","","false","C","C","71","2","C1","2.0","KUMHO","MID RANGE PREMIUM","KL33"
"2154517ZKU2327703","8808956350529","2327703","215/45R17 KUMHO HA32 91W XL (CAR ALL SEASON)","https://dcjqgkl774ppl.cloudfront.net/tyrecat/kumho/ha32_ha32.png","59.11","215","45","17","W","91","XL","false","C","B","72","2","C1","1.0","KUMHO","MID RANGE PREMIUM","HA32"
"2255018ZBR7833","3286340783316","7833","225/50R18 BRIDGESTONE TURANZA T001 95W RUNFLAT * (CAR SUMMER)","http://www.etyre.net/preview/t3/br-t001.jpg","118.78","225","50","18","W","95","","true","C","B","70","2","C1","8.0","BRIDGESTONE","PREMIUM","TURANZA T001"
"1955516HKU2204093","8808956162085","","195/55R16 KUMHO KH27 87H (CAR SUMMER)","https://dcjqgkl774ppl.cloudfront.net/70/MODEL/kh27.jpg","71.69","195","55","16","H","87","","false","C","C","71","2","C1","21.0","KUMHO","MID RANGE PREMIUM","KH27"
"2254018ZKU2328783","8808956352233","2328783","225/40R18 KUMHO HA32 92Y XL (CAR ALL SEASON)","https://dcjqgkl774ppl.cloudfront.net/tyrecat/kumho/ha32_ha32.png","57.07","225","40","18","Y","92","XL","false","C","B","72","2","C1","30.0","KUMHO","MID RANGE PREMIUM","HA32"
"2754520ZACST68","8997020617085","1200043170","275/45R20 ACCELERA IOTA ST-68 110Y XL (4X4 / SUV SUMMER)","https://dcjqgkl774ppl.cloudfront.net/70/MODEL/iotast-68.jpg","62.17","275","45","20","Y","110","XL","false","C","C","68","1","C1","7.0","ACCELERA","BUDGET","IOTA ST-68"
"2354519ZACPHIR","8997020614930","1200036762","235/45R19 ACCELERA PHI R 99Y XL (CAR SUMMER)","https://dcjqgkl774ppl.cloudfront.net/70/images/acc phir.jpg","49.93","235","45","19","Y","99","XL","false","C","C","72","2","C1","30.0","ACCELERA","BUDGET","PHI R"
"2254518ZKU2328793","8808956352240","2328793","225/45R18 KUMHO HA32 95Y XL (CAR ALL SEASON)","https://dcjqgkl774ppl.cloudfront.net/tyrecat/kumho/ha32_ha32.png","80.16","225","45","18","Y","95","XL","false","C","B","72","2","C1","8.0","KUMHO","MID RANGE PREMIUM","HA32"
"2056516ZKU2202133","8808956152604","2202133","205/65R16 KUMHO KH27 ES01* 95W (CAR SUMMER)","https://dcjqgkl774ppl.cloudfront.net/70/MODEL/kh27.jpg","60.33","205","65","16","W","95","","false","C","B","70","2","C1","2.0","KUMHO","MID RANGE PREMIUM","KH27"
"1856515TVRAP1856515TTT2A00","8714692277917","AP22560017VULAA00","185/65R15 VREDESTEIN T-TRAC 2 88T (CAR SUMMER)","https://dcjqgkl774ppl.cloudfront.net/tyrecat/t-trac2.png","34.01","185","65","15","T","88","","false","C","B","70","2","C1","5.0","VREDESTEIN","MID RANGE 2","TT2"
"2156517VKU2329173","8808956352370","2329173","215/65R17 KUMHO HS52 103V XL (CAR SUMMER)","https://dcjqgkl774ppl.cloudfront.net/70/model/m_6801_kumho-ecsta-hs52.png","54.99","215","65","17","V","103","XL","false","C","A","72","2","C1","4.0","KUMHO","MID RANGE PREMIUM","HS52"
"2255018VBR021650","0005610047919","021650","225/50R18 BRIDGESTONE ALENZA 001 95V (CAR SUMMER)","http://images.tyresoft.biz/70/MODEL/alenza001.jpg","79.51","225","50","18","V","95","","false","NA","NA","NA","NA","C1","12.0","BRIDGESTONE","PREMIUM","ALENZA 001"
"1957516RKU2171683","8808956139070","2171683","195/75R16 KUMHO KC53 110/108R (VAN SUMMER)","https://dcjqgkl774ppl.cloudfront.net/70/MODEL/kc53.jpg","75.98","195","75","16","R","110/108","","false","C","C","72","2","C2","1.0","KUMHO","MID RANGE PREMIUM","KC53"
"1856015HRARGC0151","8886459521622","RGC0151","185/60R15 RADAR RIVERA PRO-2 88H XL (CAR SUMMER)","https://dcjqgkl774ppl.cloudfront.net/tyrecat/rivera-pro-2.jpg","28.05","185","60","15","H","88","XL","false","D","C","71","2","C1","14.0","RADAR","BUDGET","RIVERA PRO 2"
"2553519ZBR22397","3286342239712","22397","255/35R19 BRIDGESTONE TURANZA 6 ENLITEN 96Y XL (CAR SUMMER)","https://dcjqgkl774ppl.cloudfront.net/tyrecat/bridgestone/turanza6_turanza_6.png","103.56","255","35","19","Y","96","XL","false","B","A","071","2","C1","7.0","BRIDGESTONE","PREMIUM","TURANZA 6"
"2255017ZBR18866","3286341886610","18866","225/50R17 BRIDGESTONE POTENZA S001 94W RUNFLAT * (CAR SUMMER)","https://www.etyre.net/preview/t3/br-s001rft.jpg","87.67","225","50","17","W","94","","true","C","B","71","2","C1","9.0","BRIDGESTONE","PREMIUM","POTENZA S001"
"2355019VHA1032201","8808563580739","1032201","235/50R19 HANKOOK VENTUS EVO SUV K137A 99V VOLKSWAGEN (4X4 / SUV SUMMER)","","97.46","235","50","19","V","99","","false","A","A","68","1","C1","6.0","HANKOOK","MID RANGE 2","VENTUS EVO SUV K137A"
"2454519ZBR22395","3286342239514","22395","245/45R19 BRIDGESTONE TURANZA 6 102Y XL (CAR SUMMER)","https://dcjqgkl774ppl.cloudfront.net/tyrecat/bridgestone/turanza6_turanza_6.png","126.51","245","45","19","Y","102","XL","false","B","A","070","2","C1","4.0","BRIDGESTONE","PREMIUM","TURANZA 6"
"2156017TZM2156017VBBT0009","6.93209E+12","","215/60R17 ZMAX VANMEJOR C30 109/107T (VAN SUMMER)","","44.83","215","60","17","T","109/107","","false","D","B","71","2","C2","21.0","ZMAX","BUDGET WHOLESALE","VANMEJOR C30"
"2454520ZBR18835","3286341883510","18835","245/45R20 BRIDGESTONE ALENZA 001 103W XL RUNFLAT * (CAR SUMMER)","http://images.tyresoft.biz/70/MODEL/alenza001.jpg","193.75","245","45","20","W","103","XL","true","A","A","70","2","C1","2.0","BRIDGESTONE","PREMIUM","ALENZA 001"
"2355018VCO354180000","4019238520309","03541800000","235/50R18 CONTINENTAL CONTISPORTCONTACT 5 97V MO (4X4 / SUV SUMMER)","https://dcjqgkl774ppl.cloudfront.net/70/images/cn-sc5.jpg","103.95","235","50","18","V","97","","false","B","B","71","2","C1","1.0","CONTINENTAL","PREMIUM","CONTISPORTCONTACT 5"
"2056016HCO0356332000","4019238710618","0357405","205/60R16 CONTINENTAL CONTIECOCONTACT 5 92H SUZ (CAR SUMMER)","https://dcjqgkl774ppl.cloudfront.net/70/images/cn-eco5.jpg","66.25","205","60","16","H","92","","false","C","B","71","2","C1","8.0","CONTINENTAL","PREMIUM","CONTIECOCONTACT 5"
"2056016HBR18480","3286341848014","18480","205/60R16 BRIDGESTONE TURANZA T005 92H (CAR SUMMER)","http://images.tyresoft.biz/70/MODEL/turanzat005.jpg","70.33","205","60","16","H","92","","false","A","A","71","2","C1","12.0","BRIDGESTONE","PREMIUM","TURANZA T005"
"2654521ZMI241416","3528702414163","241416","265/45R21 MICHELIN LATITUDE TOUR HP 104W JLR Selfseal (4X4 / SUV SUMMER)","https://www.etyre.net/preview/t3/mi-latitourhp.jpg","194.77","265","45","21","W","104","","false","B","C","071","1","C1","30.0","MICHELIN","PREMIUM","LATITUDE TOUR HP"
"2656018TKU2340343","8808956364595","2340343","265/60R18 KUMHO AT52 110T (4X4 / SUV SUMMER)","","85.07","265","60","18","T","110","","false","D","D","73","2","C1","6.0","KUMHO","MID RANGE PREMIUM","AT52"
"2155018ZMI294941","3528702949412","294941","215/50R18 MICHELIN PRIMACY 4+ 92W (CAR SUMMER)","https://dcjqgkl774ppl.cloudfront.net/tyrecat/michelin/primacy4_plus_primacy-4.png","112.85","215","50","18","W","92","","false","C","A","069","2","C1","1.0","MICHELIN","PREMIUM","PRIMACY 4+"
"2553521ZKU2337073","8808956361266","2337073","255/35R21 KUMHO PS71 98Y XL (4X4 / SUV SUMMER)","https://dcjqgkl774ppl.cloudfront.net/tyrecat/ps71.png","122.82","255","35","21","Y","98","XL","false","C","A","73","2","C1","5.0","KUMHO","MID RANGE PREMIUM","PS71"
"2155517VMI372540","3528703725404","372540","215/55R17 MICHELIN E PRIMACY 94V (CAR SUMMER)","https://dcjqgkl774ppl.cloudfront.net/tyrecat/michelin/eprimacy_e-primacy.png","105.91","215","55","17","V","94","","false","A","B","069","2","C1","1.0","MICHELIN","PREMIUM","E PRIMACY"
"2155517VBR18252","3286341825213","18252","215/55R17 BRIDGESTONE TURANZA T005 94V AO (CAR SUMMER)","http://images.tyresoft.biz/70/MODEL/turanzat005.jpg","80.07","215","55","17","V","94","","false","A","A","71","2","C1","30.0","BRIDGESTONE","PREMIUM","TURANZA T005"
"2156516HBF14423","3528700144239","014423","215/65R16 BFGOODRICH ADVANTAGE SUV 102H XL (4X4 / SUV SUMMER)","","78.6","215","65","16","H","102","XL","false","B","A","70","2","C1","2.0","BFGOODRICH","MID RANGE 3","ADVANTAGE SUV"
"2454520ZNE256409","6945080124441","256409","245/45R20 NEXEN N FERA SU4 103Y XL (4X4 / SUV SUMMER)","","85.63","245","45","20","Y","103","XL","false","B","B","71","2","C1","10.0","NEXEN","BUDGET","N FERA SU4"
"155012RRARGD0047","8886459521844","RGD0047","155/80R12 RADAR ARGONITE (RV-4) 88/86R (VAN SUMMER)","https://dcjqgkl774ppl.cloudfront.net/tyrecat/radar/argoniterv-4_argoniterv-4(45).jpg","23.97","155","0","12","R","88/86","","false","D","B","72","2","C2","12.0","RADAR","BUDGET","ARGONITE RV-4"
"2554018ZBR13649","3286341364910","13649","255/40R18 BRIDGESTONE TURANZA T005 99Y XL * (CAR SUMMER)","http://images.tyresoft.biz/70/MODEL/turanzat005.jpg","130.88","255","40","18","Y","99","XL","false","A","B","71","2","C1","1.0","BRIDGESTONE","PREMIUM","TURANZA T005"
"2156516TBR11153","3286341115314","11153","215/65R16 BRIDGESTONE DURAVIS R660 ECO 106T (VAN SUMMER)","https://dcjqgkl774ppl.cloudfront.net/tyrecat/r660.png","86.0","215","65","16","T","106","","false","A","A","70","2","C2","3.0","BRIDGESTONE","PREMIUM","DURAVIS R660 ECO"
"2155518VBR20546","3286342054612","20546","215/55R18 BRIDGESTONE TURANZA 6 99V XL (4X4 / SUV SUMMER)","https://dcjqgkl774ppl.cloudfront.net/tyrecat/bridgestone/turanza6_turanza_6.png","93.45","215","55","18","V","99","XL","false","B","A","70","2","C1","5.0","BRIDGESTONE","PREMIUM","TURANZA 6"
"2255017ZAVS460295","0029142846529","589701","225/50R17 AVON ZV7 98Y XL (CAR SUMMER)","https://dcjqgkl774ppl.cloudfront.net/70/model/m_3024_avonzv7200x300engineeredintheukflag.png","66.25","225","50","17","Y","98","XL","false","D","A","70","2","C1","2.0","AVON","MID RANGE 2","ZV7"
"2255518VBR20549","3286342054919","20549","225/55R18 BRIDGESTONE TURANZA 6 ENLITEN 98V (4X4 / SUV SUMMER)","https://dcjqgkl774ppl.cloudfront.net/tyrecat/bridgestone/turanza6_turanza_6.png","82.96","225","55","18","V","98","","false","B","A","069","2","C1","3.0","BRIDGESTONE","PREMIUM","TURANZA 6"
"2656018HAV9035716","0029142933953","9035716","265/60R18 AVON AX7 114H XL (4X4 / SUV SUMMER)","https://dcjqgkl774ppl.cloudfront.net/70/model/m_5031_avonax7200x300engineeredintheukflag.png","97.87","265","60","18","H","114","XL","false","B","C","73","2","C1","4.0","AVON","MID RANGE 2","AX7"
"2554518HBR12943","3286341294316","12943","255/45R18 BRIDGESTONE TURANZA T005 103H XL (CAR SUMMER)","http://images.tyresoft.biz/70/MODEL/turanzat005.jpg","127.49","255","45","18","H","103","XL","false","A","A","73","2","C1","8.0","BRIDGESTONE","PREMIUM","TURANZA T005"
"2754020ZTRRS01R2003","6958460914808","YSRS01R2003","275/40R20 TRACMAX X-PRIVILO RS01+ 106Y XL (4X4 / SUV SUMMER)","https://dcjqgkl774ppl.cloudfront.net/tyrecat/x-privilors01plus.png","58.09","275","40","20","Y","106","XL","false","C","C","72","2","","30.0","TRACMAX","BUDGET","X-PRIVILO RS01+"
"2555518HAV9035743","0029142933311","589545","255/55R18 AVON AX7 AT 109H XL (4X4 / SUV SUMMER)","https://dcjqgkl774ppl.cloudfront.net/70/model/m_5031_avonax7200x300engineeredintheukflag.png","81.55","255","55","18","H","109","XL","false","C","C","73","2","C1","30.0","AVON","MID RANGE 2","AX7"
"2255518ZPI2764700","8019227276473","2764700","225/55R18 PIRELLI CINTURATO P7 102Y XL (AO) (CAR SUMMER)","https://www.etyre.net/preview/t3/pi-p7cintrft.jpg","99.15","225","55","18","Y","102","XL","false","B","A","68","1","C1","23.0","PIRELLI","PREMIUM","CINTURATO P7"
"2854021ZPI3267100","8019227326710","3267100","285/40R21 PIRELLI P-ZERO 109Y XL (AO1) (4X4 / SUV SUMMER)","https://dcjqgkl774ppl.cloudfront.net/tyrecat/pzero.png","176.41","285","40","21","Y","109","XL","false","B","A","71","1","C1","1.0","PIRELLI","PREMIUM","P-ZERO"
"2355518VBR20553","3286342055312","20553","235/55R18 BRIDGESTONE TURANZA 6 ENLITEN 100V (4X4 / SUV SUMMER)","https://dcjqgkl774ppl.cloudfront.net/tyrecat/bridgestone/turanza6_turanza_6.png","91.1","235","55","18","V","100","","false","B","A","069","2","C1","2.0","BRIDGESTONE","PREMIUM","TURANZA 6"
"2054517ZBR20526","3286342052618","20526","205/45R17 BRIDGESTONE TURANZA 6 88W XL (CAR SUMMER)","https://dcjqgkl774ppl.cloudfront.net/tyrecat/bridgestone/turanza6_turanza_6.png","80.65","205","45","17","W","88","XL","false","B","A","070","2","C1","1.0","BRIDGESTONE","PREMIUM","TURANZA 6"
"2254518ZBR13892","3286341389210","13892","225/45R18 BRIDGESTONE TURANZA T005 91W MO (CAR SUMMER)","http://images.tyresoft.biz/70/MODEL/turanzat005.jpg","86.65","225","45","18","W","91","","false","A","B","68","1","C1","21.0","BRIDGESTONE","PREMIUM","TURANZA T005"
"2055516VUN03610320000","4024068002369","03610320000","205/55R16 UNIROYAL RAINSPORT 5 91V (CAR SUMMER)","https://dcjqgkl774ppl.cloudfront.net/70/model/m_5279_rs5.jpg","46.02","205","55","16","V","91","","false","C","A","71","2","C1","30.0","UNIROYAL","MID RANGE PREMIUM","RAINSPORT 5"
"2155018ZMI502388","3528705023881","502388","215/50R18 MICHELIN CROSSCLIMATE 2 SUV 92W (4X4 / SUV ALL SEASON)","","122.57","215","50","18","W","92","","false","C","B","071","2","C1","2.0","MICHELIN","PREMIUM","CROSSCLIMATE 2 SUV"
"2456018HRARSC0115-1","8886459518288","RSC0115","245/60R18 RADAR RPX 800 109H XL (4X4 / SUV SUMMER)","https://dcjqgkl774ppl.cloudfront.net/tyrecat/rpx-800.jpg","64.21","245","60","18","H","109","XL","false","C","B","72","2","C1","30.0","RADAR","BUDGET","RPX-800"
"2155517VBR13968","3286341396812","13968","215/55R17 BRIDGESTONE TURANZA T005 94V (CAR SUMMER)","http://images.tyresoft.biz/70/MODEL/turanzat005.jpg","78.49","215","55","17","V","94","","false","A","A","71","2","C1","30.0","BRIDGESTONE","PREMIUM","TURANZA T005"
"2554021TBR28774","3286342877419","28774","255/40R21 BRIDGESTONE TURANZA ECO 102T XL (+) , AO (CAR SUMMER)","https://dcjqgkl774ppl.cloudfront.net/tyrecat/bridgestone/turanzaeco_er300a.png","174.93","255","40","21","T","102","XL","false","A","B","072","2","C1","4.0","BRIDGESTONE","PREMIUM","TURANZA ECO"
"2355019VMI101258","3528701012582","101258","235/50R19 MICHELIN PRIMACY 4 103V XL S1 (CAR SUMMER)","https://dcjqgkl774ppl.cloudfront.net/tyrecat/primacy_4.png","123.88","235","50","19","V","103","XL","false","A","A","70","2","C1","7.0","MICHELIN","PREMIUM","PRIMACY 4"
"2354521TBR28772","3286342877211","28772","235/45R21 BRIDGESTONE TURANZA ECO 101T XL (+) , AO (CAR SUMMER)","https://dcjqgkl774ppl.cloudfront.net/tyrecat/bridgestone/turanzaeco_er300a.png","223.61","235","45","21","T","101","XL","false","A","B","071","2","C1","12.0","BRIDGESTONE","PREMIUM","TURANZA ECO"
"2155518TBR13958","3286341395815","13958","215/55R18 BRIDGESTONE TURANZA ECO 95T (CAR SUMMER)","https://dcjqgkl774ppl.cloudfront.net/tyrecat/bridgestone/turanzaeco_er300a.png","89.37","215","55","18","T","95","","false","A","B","71","2","C1","7.0","BRIDGESTONE","PREMIUM","TURANZA ECO"
"2355020TBR28768","3286342876818","28768","235/50R20 BRIDGESTONE TURANZA ECO 100T (+) , AO, B-SEAL, ENLITEN (CAR SUMMER)","https://dcjqgkl774ppl.cloudfront.net/tyrecat/bridgestone/turanzaeco_er300a.png","196.9","235","50","20","T","100","","false","A","B","071","2","C1","2.0","BRIDGESTONE","PREMIUM","TURANZA ECO"
"2255018ZMI926063","3528709260633","926063","225/50R18 MICHELIN PRIMACY 4+ 99W XL (CAR SUMMER)","https://dcjqgkl774ppl.cloudfront.net/tyrecat/michelin/primacy4_plus_primacy-4.png","127.46","225","50","18","W","99","XL","false","B","A","070","2","C1","3.0","MICHELIN","PREMIUM","PRIMACY 4+"
"2254518ZMI308805","3528703088059","308805","225/45R18 MICHELIN PILOT SPORT 4 95Y XL * (CAR SUMMER)","https://dcjqgkl774ppl.cloudfront.net/70/MODEL/michps4.png","119.64","225","45","18","Y","95","XL","false","C","A","71","2","C1","3.0","MICHELIN","PREMIUM","PILOT SPORT 4"
"2356516TDE6924590248700","6924590248700","6924590248700","235/65R16 DELMAX DM737 115/113T (VAN SUMMER)","","44.83","235","65","16","T","115/113","","false","C","B","72","2","C2","30.0","DELMAX","BUDGET WHOLESALE","DM737"
"1855515HCO356047000","4019238521177","0356047","185/55R15 CONTINENTAL CONTIECOCONTACT 5 86H XL (CAR SUMMER)","https://dcjqgkl774ppl.cloudfront.net/70/images/cn-eco5.jpg","62.17","185","55","15","H","86","XL","false","B","B","71","2","C1","5.0","CONTINENTAL","PREMIUM","CONTIECOCONTACT 5"
"2056516TDE6924590248670","6924590248670","6924590248670","205/65R16 DELMAX DM737 107/105T (VAN SUMMER)","","37.69","205","65","16","T","107/105","","false","C","B","72","2","C2","30.0","DELMAX","BUDGET WHOLESALE","DM737"
"2355518VMI345504","3528703455042","345504","235/55R18 MICHELIN PRIMACY 4 100V VOL (CAR SUMMER)","https://dcjqgkl774ppl.cloudfront.net/tyrecat/primacy_4.png","103.12","235","55","18","V","100","","false","A","B","69","2","C1","1.0","MICHELIN","PREMIUM","PRIMACY 4"
"2254517ZVRAP22545017YULAA02","8714692504990","","225/45R17 VREDESTEIN ULTRAC 94Y XL (CAR SUMMER)","https://dcjqgkl774ppl.cloudfront.net/tyrecat/vredestein/ultrac_ultrac.png","46.25","225","45","17","Y","94","XL","false","C","A","69","2","C1","10.0","VREDESTEIN","MID RANGE 2","ULTRAC"
"1956516TKU2175903","8808956141547","2175903","195/65R16 KUMHO CW51 104/102T (VAN WINTER)","https://dcjqgkl774ppl.cloudfront.net/tyrecat/cw51.png","66.36","195","65","16","T","104/102","","false","D","C","70","1","C2","1.0","KUMHO","MID RANGE PREMIUM","CW51"
"2754021ZRARASYCN0425","8886459588526","RASYCN0425","275/40R21 RADAR DIMAX R8+ 107Y XL (4X4 / SUV SUMMER)","http://omni-united.com/wp-content/uploads/2016/06/dimax-r8-plus.jpg","78.49","275","40","21","Y","107","XL","false","C","B","73","2","C1","30.0","RADAR","BUDGET","DIMAX R8+"
"2754520ZRARASYCN0405","8886459588328","RASYCN0405","275/45R20 RADAR DIMAX R8+ 110Y XL (4X4 / SUV SUMMER)","http://omni-united.com/wp-content/uploads/2016/06/dimax-r8-plus.jpg","72.37","275","45","20","Y","110","XL","false","C","B","73","2","C1","30.0","RADAR","BUDGET","DIMAX R8+"
"2454019ZBR22393","3286342239316","22393","245/40R19 BRIDGESTONE TURANZA 6 98Y XL (CAR SUMMER)","https://dcjqgkl774ppl.cloudfront.net/tyrecat/bridgestone/turanza6_turanza_6.png","107.29","245","40","19","Y","98","XL","false","B","A","070","2","C1","4.0","BRIDGESTONE","PREMIUM","TURANZA 6"
"2354019ZBR22392","3286342239217","22392","235/40R19 BRIDGESTONE TURANZA 6 96Y XL (CAR SUMMER)","https://dcjqgkl774ppl.cloudfront.net/tyrecat/bridgestone/turanza6_turanza_6.png","113.17","235","40","19","Y","96","XL","false","B","A","070","2","C1","18.0","BRIDGESTONE","PREMIUM","TURANZA 6"
"2356018VKU2227843","8808956230302","2227843","235/60R18 KUMHO HP71 107V XL (4X4 / SUV SUMMER)","https://dcjqgkl774ppl.cloudfront.net/tyrecat/hp71.png","69.25","235","60","18","V","107","XL","false","C","B","71","2","C1","30.0","KUMHO","MID RANGE PREMIUM","HP71"
"2154017ZVRAP21540017YULAA02","8714692504921","","215/40R17 VREDESTEIN ULTRAC 87Y XL (CAR SUMMER)","https://dcjqgkl774ppl.cloudfront.net/tyrecat/vredestein/ultrac_ultrac.png","62.62","215","40","17","Y","87","XL","false","C","A","69","2","C1","6.0","VREDESTEIN","MID RANGE 2","ULTRAC"
"2156017VVRAP21560017VULAA00","8714692504891","","215/60R17 VREDESTEIN ULTRAC 96V (4X4 / SUV SUMMER)","https://dcjqgkl774ppl.cloudfront.net/tyrecat/vredestein/ultrac_ultrac.png","59.28","215","60","17","V","96","","false","C","A","69","2","C1","6.0","VREDESTEIN","MID RANGE 2","ULTRAC"
"2557016TACOMIKRON","8997020614459","8997020614459","255/70R16 ACCELERA OMIKRON HT 111T (4X4 / SUV SUMMER)","https://dcjqgkl774ppl.cloudfront.net/70/MODEL/acceleraom.jpg","51.97","255","70","16","T","111","","false","C","C","70","2","C1","4.0","ACCELERA","BUDGET","OMIKRON H/T"
"2354018ZBR22379","3286342237916","22379","235/40R18 BRIDGESTONE TURANZA 6 95Y XL (CAR SUMMER)","https://dcjqgkl774ppl.cloudfront.net/tyrecat/bridgestone/turanza6_turanza_6.png","84.93","235","40","18","Y","95","XL","false","B","A","070","2","C1","4.0","BRIDGESTONE","PREMIUM","TURANZA 6"
"2254518ZBR22375","3286342237510","22375","225/45R18 BRIDGESTONE TURANZA 6 95Y XL (CAR SUMMER)","https://dcjqgkl774ppl.cloudfront.net/tyrecat/bridgestone/turanza6_turanza_6.png","95.65","225","45","18","Y","95","XL","false","B","A","070","2","C1","4.0","BRIDGESTONE","PREMIUM","TURANZA 6"
"2255018ZBR22376","3286342237619","22376","225/50R18 BRIDGESTONE TURANZA 6 ENLITEN 99W XL (CAR SUMMER)","https://dcjqgkl774ppl.cloudfront.net/tyrecat/bridgestone/turanza6_turanza_6.png","129.65","225","50","18","W","99","XL","false","B","A","070","2","C1","4.0","BRIDGESTONE","PREMIUM","TURANZA 6"
"2854519ZAC1200053802","8994234021547","1200053802","285/45R19 ACCELERA IOTA ST-68 111W XL (4X4 / SUV SUMMER)","http://images.tyresoft.co.uk/70/MODEL/iotast-68.jpg","58.09","285","45","19","W","111","XL","false","C","C","68","1","C1","7.0","ACCELERA","BUDGET","IOTA ST68"
"1955515VVRAP19555015VULAA00","8714692505324","","195/55R15 VREDESTEIN ULTRAC 85V (CAR SUMMER)","https://dcjqgkl774ppl.cloudfront.net/tyrecat/vredestein/ultrac_ultrac.png","52.58","195","55","15","V","85","","false","C","A","69","2","C1","2.0","VREDESTEIN","MID RANGE 2","ULTRAC"
"1956016VVRAP1956016VULAA00","8714692505065","","195/60R16 VREDESTEIN ULTRAC 89V (CAR SUMMER)","https://dcjqgkl774ppl.cloudfront.net/tyrecat/vredestein/ultrac_ultrac.png","62.43","195","60","16","V","89","","false","B","A","69","2","C1","2.0","VREDESTEIN","MID RANGE 2","ULTRAC"
"2654022ZAC1200055577","8994234021370","1200055577","265/40R22 ACCELERA IOTA ST-68 106Y XL (4X4 / SUV SUMMER)","http://images.tyresoft.co.uk/70/MODEL/iotast-68.jpg","68.29","265","40","22","Y","106","XL","false","C","C","68","1","C1","1.0","ACCELERA","BUDGET","IOTA ST-68"
"1956515VVRAP19565015VULAA00","8714692505294","","195/65R15 VREDESTEIN ULTRAC 91V (CAR SUMMER)","https://dcjqgkl774ppl.cloudfront.net/tyrecat/vredestein/ultrac_ultrac.png","35.74","195","65","15","V","91","","false","C","A","69","2","C1","12.0","VREDESTEIN","MID RANGE 2","ULTRAC"
"2353519ZBR22391","3286342239118","22391","235/35R19 BRIDGESTONE TURANZA 6 ENLITEN 91Y XL (CAR SUMMER)","https://dcjqgkl774ppl.cloudfront.net/tyrecat/bridgestone/turanza6_turanza_6.png","93.45","235","35","19","Y","91","XL","false","B","A","70","2","C1","2.0","BRIDGESTONE","PREMIUM","TURANZA 6"
"1956515HVRAP1956515HULAA00","8714692505300","","195/65R15 VREDESTEIN ULTRAC 91H (CAR SUMMER)","https://dcjqgkl774ppl.cloudfront.net/tyrecat/vredestein/ultrac_ultrac.png","36.62","195","65","15","H","91","","false","C","A","69","2","C1","6.0","VREDESTEIN","MID RANGE 2","ULTRAC"
"2253519ZBR22389","3286342238913","22389","225/35R19 BRIDGESTONE TURANZA 6 ENLITEN 88Y XL (CAR SUMMER)","https://dcjqgkl774ppl.cloudfront.net/tyrecat/bridgestone/turanza6_turanza_6.png","124.39","225","35","19","Y","88","XL","false","B","A","070","2","C1","1.0","BRIDGESTONE","PREMIUM","TURANZA 6"
"2454018ZBR22381","3286342238111","22381","245/40R18 BRIDGESTONE TURANZA 6 ENLITEN 97Y XL (CAR SUMMER)","https://dcjqgkl774ppl.cloudfront.net/tyrecat/bridgestone/turanza6_turanza_6.png","87.25","245","40","18","Y","97","XL","false","B","A","070","2","C1","8.0","BRIDGESTONE","PREMIUM","TURANZA 6"
"2055017ZBR21302","3286342130217","21302","205/50R17 BRIDGESTONE TURANZA 6 ENLITEN 93W XL (CAR SUMMER)","https://dcjqgkl774ppl.cloudfront.net/tyrecat/bridgestone/turanza6_turanza_6.png","86.19","205","50","17","W","93","XL","false","B","A","070","2","C1","1.0","BRIDGESTONE","PREMIUM","TURANZA 6"
"1656015HVRAP1656015HQT6A00","8714692358395","","165/60R15 VREDESTEIN QUATRAC 77H (CAR ALL SEASON)","https://dcjqgkl774ppl.cloudfront.net/tyrecat/vredestein/quatrac_quatrac.png","45.69","165","60","15","H","77","","false","D","B","70","2","C1","3.0","VREDESTEIN","MID RANGE 2","QUATRAC"
"2353519ZBR10741","3286341074116","10741","235/35R19 BRIDGESTONE POTENZA S005 91Y XL * (CAR SUMMER)","https://dcjqgkl774ppl.cloudfront.net/70/model/m_5146_potenzas005.png","97.77","235","35","19","Y","91","XL","false","B","B","71","2","C1","2.0","BRIDGESTONE","PREMIUM","POTENZA S005"
"2255017ZBR21317","3286342131719","21317","225/50R17 BRIDGESTONE TURANZA 6 ENLITEN 98Y XL (CAR SUMMER)","https://dcjqgkl774ppl.cloudfront.net/tyrecat/bridgestone/turanza6_turanza_6.png","85.06","225","50","17","Y","98","XL","false","B","A","070","2","C1","4.0","BRIDGESTONE","PREMIUM","TURANZA 6"
"1856515TBR10976","3286341097610","10976","185/65R15 BRIDGESTONE TURANZA T005 88T (CAR SUMMER)","http://images.tyresoft.biz/70/MODEL/turanzat005.jpg","44.67","185","65","15","T","88","","false","A","B","70","2","C1","3.0","BRIDGESTONE","PREMIUM","TURANZA T005"
"1758014TTRYSTX2R1420","6958460910381","YSTX2R1420","175/80R14 TRACMAX X-PRIVILO TX2 88T (CAR SUMMER)","","23.97","175","80","14","T","88","","false","C","C","70","B","C1","30.0","TRACMAX","BUDGET","X-PRIVILO TX2"
"2254517ZBR21310","3286342131016","21310","225/45R17 BRIDGESTONE TURANZA 6 94Y XL (CAR SUMMER)","https://dcjqgkl774ppl.cloudfront.net/tyrecat/bridgestone/turanza6_turanza_6.png","59.88","225","45","17","Y","94","XL","false","B","A","070","2","C1","2.0","BRIDGESTONE","PREMIUM","TURANZA 6"
"2354019ZBR11145","3286341114515","11145","235/40R19 BRIDGESTONE TURANZA T005 96Y XL AO (CAR SUMMER)","http://images.tyresoft.biz/70/MODEL/turanzat005.jpg","120.31","235","40","19","Y","96","XL","false","B","A","72","2","C1","9.0","BRIDGESTONE","PREMIUM","TURANZA T005"
"2254517ZBR21311","3286342131115","21311","225/45R17 BRIDGESTONE TURANZA 6 ENLITEN 91Y (CAR SUMMER)","https://dcjqgkl774ppl.cloudfront.net/tyrecat/bridgestone/turanza6_turanza_6.png","59.64","225","45","17","Y","91","","false","B","A","069","2","C1","27.0","BRIDGESTONE","PREMIUM","TURANZA 6"
"2355018ZVRAP23550018YULAA02","8714692504808","AP23550018YULAA02","235/50R18 VREDESTEIN ULTRAC 101Y XL (CAR SUMMER)","https://dcjqgkl774ppl.cloudfront.net/tyrecat/vredestein/ultrac_ultrac.png","77.94","235","50","18","Y","101","XL","false","B","A","70","2","C1","1.0","VREDESTEIN","MID RANGE 2","ULTRAC"
"1955020VTRYSTX3R2017","6958460924708","YSTX3R2017","195/50R20 TRACMAX X-PRIVILO TX3 93V (CAR SUMMER)","https://dcjqgkl774ppl.cloudfront.net/70/model/m_4603_tracmaxx-privilotx3.jpg","41.77","195","50","20","V","93","","false","C","B","69","A","C1","12.0","TRACMAX","BUDGET","X-PRIVILO TX3"
"2555519VKU2310323","8808956324735","2310323","255/55R19 KUMHO PS71 111V XL EV (CAR SUMMER)","https://dcjqgkl774ppl.cloudfront.net/tyrecat/ps71.png","77.12","255","55","19","V","111","XL","false","A","B","71","2","C1","1.0","KUMHO","MID RANGE PREMIUM","PS71"
"2853522ZKU2271423","8808956280406","2271423","285/35R22 KUMHO PS71 106Y XL (4X4 / SUV SUMMER)","https://dcjqgkl774ppl.cloudfront.net/tyrecat/ps71.png","131.4","285","35","22","Y","106","XL","false","C","A","73","2","C2","12.0","KUMHO","MID RANGE PREMIUM","PS71"
"2854021ZKU2271413","8808956280390","2271413","285/40R21 KUMHO PS71 109Y XL (4X4 / SUV SUMMER)","https://dcjqgkl774ppl.cloudfront.net/tyrecat/ps71.png","128.72","285","40","21","Y","109","XL","false","C","A","73","2","C2","12.0","KUMHO","MID RANGE PREMIUM","PS71"
"2754021ZKU2271443","8808956280420","2271443","275/40R21 KUMHO PS71 107Y XL (4X4 / SUV SUMMER)","https://dcjqgkl774ppl.cloudfront.net/tyrecat/ps71.png","113.93","275","40","21","Y","107","XL","false","C","A","73","2","C2","23.0","KUMHO","MID RANGE PREMIUM","PS71"
"2253520ZGO581321","4038526072474","581321","225/35R20 GOODYEAR EAGLE F1 SUPERSPORT 90Y XL (CAR SUMMER)","https://dcjqgkl774ppl.cloudfront.net/tyrecat/eaglef1supersport.png","151.4","225","35","20","Y","90","XL","false","D","A","72","2","C1","1.0","GOODYEAR","PREMIUM","EAGLE F1 SUPERSPORT"
"2354520ZKU2271433","8808956280413","2271433","235/45R20 KUMHO PS71 100W XL (4X4 / SUV SUMMER)","https://dcjqgkl774ppl.cloudfront.net/tyrecat/ps71.png","92.94","235","45","20","W","100","XL","false","D","A","72","2","C2","4.0","KUMHO","MID RANGE PREMIUM","PS71"
"1756514TKU2245223","8808956250324","2245223","175/65R14 KUMHO KH27 86T XL (CAR SUMMER)","https://dcjqgkl774ppl.cloudfront.net/70/MODEL/kh27.jpg","33.14","175","65","14","T","","XL","false","B","B","71","2","C1","4.0","KUMHO","MID RANGE PREMIUM","KH27"
"2555020ZTO4019800","4981910504290","4019800","255/50R20 TOYO PROXES SPORT SUV 109Y XL (4X4 / SUV SUMMER)","https://dcjqgkl774ppl.cloudfront.net/tyrecat/pxsps.png","102.97","255","50","20","Y","109","XL","false","D","B","73","2","","4.0","TOYO","MID RANGE PREMIUM","PROXES SPORT SUV"
"2454518ZKU2167303","8808956143756","2167303","245/45R18 KUMHO PS91 100Y XL (CAR SUMMER)","https://dcjqgkl774ppl.cloudfront.net/tyrecat/ps91.png","75.38","245","45","18","Y","100","XL","false","D","C","72","2","C1","23.0","KUMHO","MID RANGE PREMIUM","PS91"
"2354019ZKU2206683","8808956165468","2206683","235/40R19 KUMHO PS71 96Y XL (CAR SUMMER)","https://dcjqgkl774ppl.cloudfront.net/tyrecat/ps71.png","88.63","235","40","19","Y","96","XL","false","D","A","72","2","C1","7.0","KUMHO","MID RANGE PREMIUM","PS71"
"2156016HYOR3320","4968814937423","R3320","215/60R16 YOKOHAMA AW21 99H XL (CAR ALL SEASON)","http://images.tyresoft.biz/tyrecat/aw21.png","85.48","215","60","16","H","99","XL","false","C","B","72","2","C1","2.0","YOKOHAMA","MID RANGE 2","AW21"
"1856514TTO3650600","4981910506263","3650600","185/65R14 TOYO NANOENERGY 3 86T (CAR SUMMER)","https://dcjqgkl774ppl.cloudfront.net/tyrecat/ne03.png","31.76","185","65","14","T","86","","false","C","C","69","2","C1","3.0","TOYO","MID RANGE PREMIUM","NANOENERGY 3"
"2654021ZKU2271403","8808956280383","2271403","265/40R21 KUMHO PS71 105Y XL (4X4 / SUV SUMMER)","https://dcjqgkl774ppl.cloudfront.net/tyrecat/ps71.png","116.92","265","40","21","Y","105","XL","false","C","A","73","2","C2","11.0","KUMHO","MID RANGE PREMIUM","PS71"
"2854520ZKU2271393","8808956280376","2271393","285/45R20 KUMHO PS71 112Y XL (4X4 / SUV SUMMER)","https://dcjqgkl774ppl.cloudfront.net/tyrecat/ps71.png","108.9","285","45","20","Y","112","XL","false","C","A","73","2","C2","30.0","KUMHO","MID RANGE PREMIUM","PS71"
"1955516ZHA1022630","8808563431581","1022630","195/55R16 HANKOOK VENTUS PRIME 3 K125* 87W RUNFLAT (CAR SUMMER)","https://dcjqgkl774ppl.cloudfront.net/tyrecat/k125.png","77.47","195","55","16","W","87","","true","B","B","67","1","C1","8.0","HANKOOK","MID RANGE 2","VENTUS PRIME 3"
"2054517ZHA1022632","8808563431604","1022632","205/45R17 HANKOOK K127 * S1 EVO3 88W XL (CAR SUMMER)","https://dcjqgkl774ppl.cloudfront.net/tyrecat/k127.png","77.47","205","45","17","W","88","XL","false","A","A","68","1","C1","30.0","HANKOOK","MID RANGE 2","VENTUS S1 EVO3"
"2457516QKU2168533","8808956161736","2168533","245/75R16 KUMHO MT51 120/116Q (4X4 / SUV SUMMER)","https://dcjqgkl774ppl.cloudfront.net/tyrecat/mt51.png","92.65","245","75","16","Q","120/116","","false","NA","NA","NA","NA","C1","4.0","KUMHO","MID RANGE PREMIUM","MT51"
"2256517HHA1025468","8808563468655","1025468","225/65R17 HANKOOK KINERGY 4S 2 X 106H XL REP (CAR ALL SEASON)","https://dcjqgkl774ppl.cloudfront.net/tyrecat/h750a.png","79.68","225","65","17","H","106","XL","false","C","B","72","2","C1","2.0","HANKOOK","MID RANGE 2","KINERGY 4S 2 X"
"2155018ZVRAP21550018WULAA00","8714692504754","","215/50R18 VREDESTEIN ULTRAC 92W (CAR SUMMER)","https://dcjqgkl774ppl.cloudfront.net/tyrecat/vredestein/ultrac_ultrac.png","73.72","215","50","18","W","92","","false","B","A","69","2","C1","14.0","VREDESTEIN","MID RANGE 2","ULTRAC"
"2154517ZVRAP21545017YULAA02","8714692504914","","215/45R17 VREDESTEIN ULTRAC 91Y XL (CAR SUMMER)","https://dcjqgkl774ppl.cloudfront.net/tyrecat/vredestein/ultrac_ultrac.png","52.07","215","45","17","Y","91","XL","false","B","A","69","2","C1","2.0","VREDESTEIN","MID RANGE 2","ULTRAC"
"2657017QKU2168473","8808956161668","2168473","265/70R17 KUMHO MT51 121/118Q (4X4 / SUV SUMMER)","https://dcjqgkl774ppl.cloudfront.net/tyrecat/mt51.png","101.91","265","70","17","Q","121/118","","false","D","C","71","2","C1","12.0","KUMHO","MID RANGE PREMIUM","MT51"
"2054517ZVRAP20545017YULAA02","8714692504860","","205/45R17 VREDESTEIN ULTRAC 88Y XL (CAR SUMMER)","https://dcjqgkl774ppl.cloudfront.net/tyrecat/vredestein/ultrac_ultrac.png","59.56","205","45","17","Y","88","XL","false","B","A","69","2","C1","2.0","VREDESTEIN","MID RANGE 2","ULTRAC"
"2055017ZVRAP20550017YULAA02","8714692504846","","205/50R17 VREDESTEIN ULTRAC 93Y XL (CAR SUMMER)","https://dcjqgkl774ppl.cloudfront.net/tyrecat/vredestein/ultrac_ultrac.png","58.18","205","50","17","Y","93","XL","false","C","A","69","2","C1","12.0","VREDESTEIN","MID RANGE 2","ULTRAC"
"2155518VAVS820392","0029142970200","589513","215/55R18 AVON AS7 ALL SEASON 99V XL (CAR ALL SEASON)","https://dcjqgkl774ppl.cloudfront.net/70/model/m_6089_220th_sm_oj2y90zig7u9.png","83.59","215","55","18","V","99","XL","false","C","B","70","2","C1","11.0","AVON","MID RANGE 2","AS7 ALL SEASON"
"2353520ZKU2175423","8808956140854","2175423","235/35R20 KUMHO PS91 92Y XL (CAR SUMMER)","https://dcjqgkl774ppl.cloudfront.net/tyrecat/ps91.png","95.2","235","35","20","Y","92","XL","false","D","B","72","2","C1","1.0","KUMHO","MID RANGE PREMIUM","PS91"
"2155517VCO3116540000","4019238043129","0311654","215/55R17 CONTINENTAL ECOCONTACT 6 94V SL (CAR SUMMER)","https://dcjqgkl774ppl.cloudfront.net/tyrecat/ecocontact_6.png","84.61","215","55","17","V","94","","false","A","A","71","2","C1","1.0","CONTINENTAL","PREMIUM","ECOCONTACT 6"
"2254019ZKU2175413","8808956140847","2175413","225/40R19 KUMHO PS91 93Y XL (CAR SUMMER)","https://dcjqgkl774ppl.cloudfront.net/tyrecat/ps91.png","93.27","225","40","19","Y","93","XL","false","D","B","72","2","C1","1.0","KUMHO","MID RANGE PREMIUM","PS91"
"2255018ZVRAP22550018WULAAB2","8714692506901","AP22550018WULAAB2","225/50R18 VREDESTEIN ULTRAC 99W XL BMW* (CAR SUMMER)","https://dcjqgkl774ppl.cloudfront.net/tyrecat/vredestein/ultrac_ultrac.png","82.74","225","50","18","W","99","XL","false","A","A","70","2","C1","1.0","VREDESTEIN","MID RANGE 2","ULTRAC"
"2255017ZVRAP22550017YULAA02","8714692504983","","225/50R17 VREDESTEIN ULTRAC 98Y XL (CAR SUMMER)","https://dcjqgkl774ppl.cloudfront.net/tyrecat/vredestein/ultrac_ultrac.png","64.61","225","50","17","Y","98","XL","false","C","A","69","2","C1","1.0","VREDESTEIN","MID RANGE 2","ULTRAC"
"2553019ZKU2173283","8808956140243","2173283","255/30R19 KUMHO PS91 91Y XL (CAR SUMMER)","https://dcjqgkl774ppl.cloudfront.net/tyrecat/ps91.png","98.44","255","30","19","Y","91","XL","false","D","B","73","2","C1","4.0","KUMHO","MID RANGE PREMIUM","PS91"
"2656018HCO354913000","4019238780581","0354913","265/60R18 CONTINENTAL 4X4CONTACT 110H MO (4X4 / SUV SUMMER)","http://www.etyre.net/preview/t3/co-4x4cont.jpg","107.91","265","60","18","H","110","","false","D","C","72","2","C1","4.0","CONTINENTAL","PREMIUM","4X4CONTACT"
"2354517ZVRAP23545017YULAA02","8714692505041","","235/45R17 VREDESTEIN ULTRAC 97Y XL (CAR SUMMER)","https://dcjqgkl774ppl.cloudfront.net/tyrecat/vredestein/ultrac_ultrac.png","64.29","235","45","17","Y","97","XL","false","B","A","70","2","C1","11.0","VREDESTEIN","MID RANGE 2","ULTRAC"
"2454520ZCO3593380000","4019238042078","03593380000","245/45R20 CONTINENTAL CROSSCONTACT LX SPORT 103W XL LR (4X4 / SUV SUMMER)","https://dcjqgkl774ppl.cloudfront.net/70/MODEL/cn-crosslx.jpg","160.69","245","45","20","W","103","XL","false","C","C","72","2","C1","2.0","CONTINENTAL","PREMIUM","CROSSCONTACT LX SPORT"
"2255517ZVRAP2255517YULAA02","8714692504976","","225/55R17 VREDESTEIN ULTRAC 101Y XL (CAR SUMMER)","https://dcjqgkl774ppl.cloudfront.net/tyrecat/vredestein/ultrac_ultrac.png","66.22","225","55","17","Y","101","XL","false","B","A","69","2","C1","1.0","VREDESTEIN","MID RANGE 2","ULTRAC"
"1955015VRARGC0136","8886459521448","RGC0136","195/50R15 RADAR DIMAX 4 SEASON 86V XL (CAR ALL SEASON)","https://dcjqgkl774ppl.cloudfront.net/tyrecat/dimax-4-season.jpg","29.07","195","50","15","V","86","XL","false","D","C","72","2","","30.0","RADAR","BUDGET","DIMAX 4SEASON"
"2956020SRARZD0125","8886459521264","RZD0125","295/60R20 RADAR RENEGADE A/T AT-5 126/123S (4X4 / SUV SUMMER)","https://dcjqgkl774ppl.cloudfront.net/tyrecat/renegade-at5.jpg","95.83","295","60","20","S","126/123","","false","D","C","74","2","C1","4.0","RADAR","BUDGET","RENEGADE A/T AT-5"
"1954017ZRARSC0058","8886459500641","RSC0058","195/40R17 RADAR RPX 800 81W XL (CAR SUMMER)","https://dcjqgkl774ppl.cloudfront.net/tyrecat/rpx-800.jpg","32.13","195","40","17","W","81","XL","false","D","B","72","2","C1","26.0","RADAR","BUDGET","RPX-800"
"2257516TTO1477785","4981910765738","1477785","225/75R16 TOYO OPAT+ 104T (4X4 / SUV SUMMER)","https://dcjqgkl774ppl.cloudfront.net/70/MODEL/to-openat.jpg","77.11","225","75","16","T","104","","false","D","D","71","2","C1","2.0","TOYO","MID RANGE PREMIUM","OPAT+"
"2254018ZVRAP22540018YUPRA02","8714692804328","","225/40R18 VREDESTEIN ULTRAC PRO 92Y XL (CAR SUMMER)","https://dcjqgkl774ppl.cloudfront.net/70/model/m_8060_vredesteinultracpro.png","51.8","225","40","18","Y","92","XL","false","D","A","72","2","C1","11.0","VREDESTEIN","MID RANGE 2","ULTRAC PRO"
"2754519ZTRTX3R1928","6958460912774","YSTX3R1928","275/45R19 TRACMAX X-PRIVILOTX3 108Y XL (4X4 / SUV SUMMER)","https://dcjqgkl774ppl.cloudfront.net/70/model/m_4974_tracmaxx-privilotx3.jpg","56.05","275","45","19","Y","108","XL","false","C","B","71","2","C1","30.0","TRACMAX","BUDGET","X-PRIVILO TX3"
"2555520ZTRTX3R2016","6958460919667","YSTX3R2016","255/55R20 TRACMAX X-PRIVILO TX3 110W XL (4X4 / SUV SUMMER)","https://dcjqgkl774ppl.cloudfront.net/70/model/m_4603_tracmaxx-privilotx3.jpg","59.11","255","55","20","W","110","XL","false","C","B","69","1","C1","1.0","TRACMAX","BUDGET","X-PRIVILO TX3"
"2554018ZRARASYCN0377","8886459588045","RASYCN0377","255/40R18 RADAR DIMAX R8+ 99Y XL RUNFLAT (CAR SUMMER)","http://omni-united.com/wp-content/uploads/2016/06/dimax-r8-plus.jpg","77.47","255","40","18","Y","99","XL","true","D","B","73","2","C1","26.0","RADAR","BUDGET","DIMAX R8+"
"2953521ZPI2205700","8019227220575","2205700","295/35R21 PIRELLI PZERO 103Y (N0) (4X4 / SUV SUMMER)","https://dcjqgkl774ppl.cloudfront.net/70/images/pi-pzero.jpg","168.25","295","35","21","Y","103","","false","B","A","71","2","C1","30.0","PIRELLI","PREMIUM","PZERO"
"2653520ZNAJC864","4718022008558","JC864","265/35R20 NANKANG AS-2+ 99Y XL (CAR SUMMER)","https://dcjqgkl774ppl.cloudfront.net/tyrecat/as-2plus.png","86.53","265","35","20","Y","99","XL","false","D","A","71","2","C1","4.0","NANKANG","BUDGET","AS-2/AS-2+"
"2254519ZGO581844","4038526079640","581844","225/45R19 GOODYEAR EAGLE F1 (ASYMMETRIC) 5 96W XL (CAR SUMMER)","https://dcjqgkl774ppl.cloudfront.net/tyrecat/eagle_f1_asym_5.png","109.09","225","45","19","W","96","XL","false","A","B","70","2","C1","30.0","GOODYEAR","PREMIUM","EAGLE F1 (ASYMMETRIC) 5"
"2953521ZPI1906800","8019227190687","1906800","295/35R21 PIRELLI PZERO 107Y XL (RO1) (4X4 / SUV SUMMER)","https://dcjqgkl774ppl.cloudfront.net/70/images/pi-pzero.jpg","154.7","295","35","21","Y","107","XL","false","D","A","73","2","C1","4.0","PIRELLI","PREMIUM","PZERO"
"2356018VCO471035000","4019238620146","04710350000","235/60R18 CONTINENTAL CROSSCONTACT LX SPORT 107V XL LR (4X4 / SUV SUMMER)","http://www.etyre.net/preview/t3/co-crossconlx.jpg","101.06","235","60","18","V","107","XL","false","B","C","72","2","C1","1.0","CONTINENTAL","PREMIUM","CROSSCONTACT LX SPORT"
"2354517ZCO03130650000","4019238079302","03130650000","235/45R17 CONTINENTAL PREMIUMCONTACT 7 94Y (CAR SUMMER)","https://dcjqgkl774ppl.cloudfront.net/tyrecat/continental/premiumcontact7_premiumcontact7.png","79.72","235","45","17","Y","94","","false","C","A","71","2","C1","4.0","CONTINENTAL","PREMIUM","PREMIUMCONTACT 7"
"2555519VACIOTAST68","8997020616798","1200044314","255/55R19 ACCELERA IOTA ST-68 111V XL (4X4 / SUV SUMMER)","https://dcjqgkl774ppl.cloudfront.net/70/MODEL/iotast-68.jpg","57.07","255","55","19","V","111","XL","false","C","C","68","1","C1","5.0","ACCELERA","BUDGET","IOTA ST-68"
"1856515HNAJC601","4717622045994","JC601","185/65R15 NANKANG NA-1 92H XL (CAR SUMMER)","https://dcjqgkl774ppl.cloudfront.net/tyrecat/na-1.jpg","33.14","185","65","15","H","92","XL","false","C","B","70","2","C1","2.0","NANKANG","BUDGET","NA-1"
"2655019ZTRTX3R1927","6958460922209","YSTX3R1927","265/50R19 TRACMAX X-PRIVILO TX3 110Y XL (4X4 / SUV SUMMER)","https://dcjqgkl774ppl.cloudfront.net/70/model/m_4603_tracmaxx-privilotx3.jpg","65.23","265","50","19","Y","110","XL","false","C","B","69","1","C1","8.0","TRACMAX","BUDGET","X-PRIVILO TX3"
"2054517HCO358499000","4019238003826","03584990000","205/45R17 CONTINENTAL ECOCONTACT 6 88H XL REN (CAR SUMMER)","http://images.tyresoft.biz/tyrecat/no_image.png","86.2","205","45","17","H","88","XL","false","A","A","72","2","C1","1.0","CONTINENTAL","PREMIUM","ECOCONTACT 6"
"2754519ZUN03611240000","4024068002789","03611240000","275/45R19 UNIROYAL RAINSPORT 5 108Y XL (CAR SUMMER)","https://dcjqgkl774ppl.cloudfront.net/70/model/m_5279_rs5.jpg","105.86","275","45","19","Y","108","XL","false","C","A","73","2","C1","4.0","UNIROYAL","MID RANGE PREMIUM","RAINSPORT 5"
"1756515HCO358448000","4019238001228","0358448","175/65R15 CONTINENTAL ECOCONTACT 6 84H FIA (CAR SUMMER)","http://images.tyresoft.biz/tyrecat/no_image.png","47.08","175","65","15","H","84","","false","A","B","70","2","C1","23.0","CONTINENTAL","PREMIUM","ECOCONTACT 6"
"2355018ZYOF9114","4968814871963","F9114","235/50R18 YOKOHAMA V105 101Y XL (CAR SUMMER)","http://ordering.vandenban.nl/profielen/yokohama_advan_sport_v105_diagonal.jpg","76.45","235","50","18","Y","101","XL","false","D","A","72","2","C1","28.0","YOKOHAMA","MID RANGE 2","V105"
"17514HNAJC708","4717622047073","JC708","175/80R14 NANKANG NA-1 88H (CAR SUMMER)","https://dcjqgkl774ppl.cloudfront.net/tyrecat/na-1.jpg","30.95","175","80","14","H","88","","false","D","B","70","2","C1","1.0","NANKANG","BUDGET","NA-1"
"2355518HKU2259103","8808956266059","2259103","235/55R18 KUMHO HP71 100H (4X4 / SUV SUMMER)","https://dcjqgkl774ppl.cloudfront.net/tyrecat/hp71.png","67.5","235","55","18","H","100","","false","C","C","71","2","C2","4.0","KUMHO","MID RANGE PREMIUM","HP71"
"2454018ZMI534679","3528705346799","534679","245/40R18 MICHELIN PILOT SPORT 5 97Y XL (CAR SUMMER)","https://dcjqgkl774ppl.cloudfront.net/tyrecat/michelin/pilotsport5_pilot5.png","105.88","245","40","18","Y","97","XL","false","C","A","072","2","C1","1.0","MICHELIN","PREMIUM","PILOT SPORT 5"
"2355019VKU2230213","8808956233129","2230213","235/50R19 KUMHO HP71 103V XL (4X4 / SUV SUMMER)","https://dcjqgkl774ppl.cloudfront.net/tyrecat/hp71.png","77.47","235","50","19","V","103","XL","false","D","D","71","2","C2","1.0","KUMHO","MID RANGE PREMIUM","HP71"
"2556017VTRXPRIVHT","6958460911043","","255/60R17 TRACMAX XPRIVILO H/T 110V XL (4X4 / SUV SUMMER)","https://dcjqgkl774ppl.cloudfront.net/70/MODEL/tracmaxx-priviloht.png","48.91","255","60","17","V","110","XL","false","D","C","72","2","C1","9.0","TRACMAX","BUDGET","XPRIVILO H/T"
"2054017ZACPHIR","8997020614404","1200034468","205/40R17 ACCELERA PHI-R 84W XL (CAR SUMMER)","https://dcjqgkl774ppl.cloudfront.net/70/MODEL/accelera-phi-r.jpg","33.15","205","40","17","W","84","XL","false","D","C","72","2","C1","30.0","ACCELERA","BUDGET","PHI-R"
"2353519ZMI331918","3528703319184","331918","235/35R19 MICHELIN CROSSCLIMATE 2 91Y XL (CAR ALL SEASON)","https://dcjqgkl774ppl.cloudfront.net/tyrecat/michelin/crossclimate2_crossclimate_2.png","138.99","235","35","19","Y","91","XL","false","C","B","071","2","C1","8.0","MICHELIN","PREMIUM","CROSSCLIMATE 2"
"2754522ZAC8997020615166","8997020615166","8997020615166","275/45R22 ACCELERA IOTA ST-68 112W (4X4 / SUV SUMMER)","http://images.tyresoft.co.uk/70/MODEL/iotast-68.jpg","71.35","275","45","22","W","112","","false","C","C","68","1","C1","30.0","ACCELERA","BUDGET","IOTA ST-68"
"2454519ZCO03130770000","4019238079180","03130770000","245/45R19 CONTINENTAL PREMIUMCONTACT 7 98W (CAR SUMMER)","https://dcjqgkl774ppl.cloudfront.net/tyrecat/continental/premiumcontact7_premiumcontact7.png","138.35","245","45","19","W","98","","false","C","A","71","2","C1","4.0","CONTINENTAL","PREMIUM","PREMIUMCONTACT 7"
"2154018ZUN03610380000","4024068002987","03610380000","215/40R18 UNIROYAL RAINSPORT 5 89Y XL (CAR SUMMER)","https://dcjqgkl774ppl.cloudfront.net/70/model/m_5279_rs5.jpg","79.65","215","40","18","Y","89","XL","false","D","A","72","2","C1","4.0","UNIROYAL","MID RANGE PREMIUM","RAINSPORT 5"
"2155518HKU1768213","8808956065140","1768213","215/55R18 KUMHO KH11 95H (4X4 / SUV SUMMER)","http://www.etyre.net/preview/t3/ku-kh11.jpg","65.86","215","55","18","H","95","","false","D","C","71","2","C1","11.0","KUMHO","MID RANGE PREMIUM","KH11"
"1656015HUN03611590000","4024068004691","03611590000","165/60R15 UNIROYAL RAINEXPERT 5 77H (CAR SUMMER)","https://dcjqgkl774ppl.cloudfront.net/70/model/m_6657_uniroyal__rainexpert-5__productpicture__30.png","49.89","165","60","15","H","77","","false","D","A","70","2","C1","30.0","UNIROYAL","MID RANGE PREMIUM","RAINEXPERT 5"
"2255017ZMI319647","3528703196471","319647","225/50R17 MICHELIN PILOT SPORT 5 98Y XL (CAR SUMMER)","https://dcjqgkl774ppl.cloudfront.net/tyrecat/michelin/pilotsport5_pilot5.png","100.89","225","50","17","Y","98","XL","false","C","A","072","2","C1","4.0","MICHELIN","PREMIUM","PILOT SPORT 5"
"2555020ZUN03611100000","4024068002468","03611100000","255/50R20 UNIROYAL RAINSPORT 5 109Y XL (4X4 / SUV SUMMER)","https://dcjqgkl774ppl.cloudfront.net/70/model/m_5279_rs5.jpg","128.79","255","50","20","Y","109","XL","false","C","A","73","2","C1","1.0","UNIROYAL","MID RANGE PREMIUM","RAINSPORT 5"
"2257015STRRF19CR1506","6958460920823","YSRF19CR1506","225/70R15 TRACMAX X-PRIVILIO RF19 112/110S (VAN SUMMER)","https://dcjqgkl774ppl.cloudfront.net/70/model/m_5440_rf19.jpg","40.75","225","70","15","S","112/110","","false","C","C","71","2","","27.0","TRACMAX","BUDGET","X-PRIVILO RF19"
"2255018ZUN03612090000","4024068005438","03612090000","225/50R18 UNIROYAL RAINSPORT 5 99W XL (CAR SUMMER)","https://dcjqgkl774ppl.cloudfront.net/70/model/m_5279_rs5.jpg","94.45","225","50","18","W","99","XL","false","C","A","72","2","C1","10.0","UNIROYAL","MID RANGE PREMIUM","RAINSPORT 5"
"2354018ZMI909882","3528709098823","909882","235/40R18 MICHELIN PILOT SPORT 5 95Y XL (CAR SUMMER)","https://dcjqgkl774ppl.cloudfront.net/tyrecat/michelin/pilotsport5_pilot5.png","106.48","235","40","18","Y","95","XL","false","C","A","072","2","C1","14.0","MICHELIN","PREMIUM","PILOT SPORT 5"
"2753019ZUN03611190000","4024068002772","03611190000","275/30R19 UNIROYAL RAINSPORT 5 96Y XL (CAR SUMMER)","https://dcjqgkl774ppl.cloudfront.net/70/model/m_5279_rs5.jpg","120.32","275","30","19","Y","96","XL","false","C","A","73","2","C1","2.0","UNIROYAL","MID RANGE PREMIUM","RAINSPORT 5"
"2254518ZUN03633900000","4024068005452","03633900000","225/45R18 UNIROYAL ALLSEASONEXPERT 2 95Y XL (CAR ALL SEASON)","https://dcjqgkl774ppl.cloudfront.net/tyrecat/allseasonexpert2.png","100.35","225","45","18","Y","95","XL","false","C","B","72","2","C1","4.0","UNIROYAL","MID RANGE PREMIUM","ALLSEASONEXPERT 2"
"2355519ZUN03610860000","4024068002765","03610860000","235/55R19 UNIROYAL RAINSPORT 5 105Y XL (CAR SUMMER)","https://dcjqgkl774ppl.cloudfront.net/70/model/m_5279_rs5.jpg","91.55","235","55","19","Y","105","XL","false","C","A","72","2","C1","8.0","UNIROYAL","MID RANGE PREMIUM","RAINSPORT 5"
"2055516ZZE371","6921109025371","03.018.03","205/55R16 ZETA ALVENTI 91W (CAR SUMMER)","https://dcjqgkl774ppl.cloudfront.net/70/images/ze-alveti.jpg","37.23","205","55","16","W","91","","false","D","B","71","2","C1","30.0","ZETA","House Brand","ALVENTI"
"2356516RUN452232000","4024068000464","04522320000","235/65R16 UNIROYAL ALLSEASONMAX 115/113R (VAN ALL SEASON)","https://dcjqgkl774ppl.cloudfront.net/tyrecat/allseasonmax.png","96.76","235","65","16","R","115/113","","false","D","A","73","2","C2","2.0","UNIROYAL","MID RANGE PREMIUM","ALLSEASONMAX"
"1558013TUN362963000","4024068000679","03629630000","155/80R13 UNIROYAL ALLSEASONEXPERT 2 79T (CAR ALL SEASON)","http://images.tyresoft.biz/tyrecat/allseasonexpert2.png","34.78","155","80","13","T","79","","false","E","C","71","2","C1","1.0","UNIROYAL","MID RANGE PREMIUM","ALLSEASONEXPERT 2"
"1757013TAVS290205","0029142839811","S290205","175/70R13 AVON WT7 SNOW BSW 82T DOT17 (CAR WINTER)","https://dcjqgkl774ppl.cloudfront.net/tyrecat/avonwt7-oblique.jpg","11.53","175","70","13","T","82","","false","D","C","69","2","C1","1.0","AVON","MID RANGE 2","WT7(T) SNOW"
"1656015HAC1200047892","8994234020380","1200047892","165/60R15 ACCELERA ECO PLUSH 82H XL (CAR SUMMER)","http://images.tyresoft.co.uk/70/MODEL/accecoplush.jpg","26.01","165","60","15","H","82","XL","false","D","C","68","1","C1","12.0","ACCELERA","BUDGET","ECO PLUSH"
"1757013TRARGC0021","8886459502249","RGC0021","175/70R13 RADAR RIVERA PRO-2 82T (CAR SUMMER)","https://dcjqgkl774ppl.cloudfront.net/tyrecat/rivera-pro-2.jpg","24.43","175","70","13","T","82","","false","D","C","70","2","C1","30.0","RADAR","BUDGET","RIVERA PRO 2"
"2553519ZCO356381000","4019238616811","0356381","255/35R19 CONTINENTAL CONTISPORTCONTACT 5 96Y XL RUNFLAT MOE (CAR SUMMER)","https://dcjqgkl774ppl.cloudfront.net/70/images/cn-sc5.jpg","150.13","255","35","19","Y","96","XL","true","D","A","73","2","C1","1.0","CONTINENTAL","PREMIUM","CONTISPORTCONTACT 5"
"2753520ZPI1874300","8019227187434","1874300","275/35R20 PIRELLI PZERO 102Y XL RUNFLAT (*) (CAR SUMMER)","https://dcjqgkl774ppl.cloudfront.net/70/images/pi-pzero.jpg","221.69","275","35","20","Y","102","XL","true","C","B","73","2","C1","1.0","PIRELLI","PREMIUM","PZERO"
"1857014TRARGC0027","8886459502300","RGC0027","185/70R14 RADAR RIVERA PRO-2 88T (CAR SUMMER)","https://dcjqgkl774ppl.cloudfront.net/tyrecat/rivera-pro-2.jpg","28.05","185","70","14","T","88","","false","D","C","70","2","C1","30.0","RADAR","BUDGET","RIVERA PRO 2"
"1855514HRARSC0055","8886459500610","RSC0055","185/55R14 RADAR RPX 800 80H (CAR SUMMER)","https://dcjqgkl774ppl.cloudfront.net/tyrecat/rpx-800.jpg","29.07","185","55","14","H","80","","false","D","B","70","2","C1","29.0","RADAR","BUDGET","RPX-800"
"2155516HAV4230312","0029142874973","4230312","215/55R16 AVON WV7 SNOW BSW 93H OLD DOT (CAR WINTER)","https://dcjqgkl774ppl.cloudfront.net/70/model/m_4522_avonwv7snow200x300engineeredintheukflag.png","56.05","215","55","16","H","93","","false","D","B","69","2","C1","1.0","AVON","MID RANGE 2","WV7(H) SNOW"
"1954515VRARSC0057","8886459500634","RSC0057","195/45R15 RADAR RPX 800 78V (CAR SUMMER)","https://dcjqgkl774ppl.cloudfront.net/tyrecat/rpx-800.jpg","29.07","195","45","15","V","78","","false","D","B","71","2","C1","23.0","RADAR","BUDGET","RPX-800"
"1956015HRARGC0017","8886459502201","RGC0017","195/60R15 RADAR RIVERA PRO-2 88H (CAR SUMMER)","https://dcjqgkl774ppl.cloudfront.net/tyrecat/rivera-pro-2.jpg","29.07","195","60","15","H","88","","false","D","C","71","2","C1","30.0","RADAR","BUDGET","RIVERA PRO 2"
"2355519ZGO594135","4038526394903","594135","235/55R19 GOODYEAR EAGLE F1 ALLTERRAIN 105W XL J LR SEAL (4X4 / SUV SUMMER)","","98.89","235","55","19","W","105","XL","false","A","B","72","2","C1","30.0","GOODYEAR","PREMIUM","EAGLE F1 ALLTERRAIN"
"2454019ZGO594585","4038526403209","594585","245/40R19 GOODYEAR EAGLE F1 ASYMMETRIC 6 98Y XL (CAR SUMMER)","https://dcjqgkl774ppl.cloudfront.net/tyrecat/goodyear/eaglef1asymmetric6_eagle-f1-asymmetric-6.png","117.32","245","40","19","Y","98","XL","false","C","A","70","2","C1","4.0","GOODYEAR","PREMIUM","EAGLE F1 ASYMMETRIC 6"
"2654020ZPI1849300","8019227184938","1849300","265/40R20 PIRELLI PZERO 104Y XL (AO) (CAR SUMMER)","https://dcjqgkl774ppl.cloudfront.net/70/images/pi-pzero.jpg","170.29","265","40","20","Y","104","XL","false","C","B","73","2","C1","4.0","PIRELLI","PREMIUM","PZERO"
"2656517SBR32641","3286343264119","32641","265/65R17 BRIDGESTONE DUELER A/T 693III 112S (4X4 / SUV SUMMER)","http://images.tyresoft.co.uk/70/MODEL/d693iii.png","92.77","265","65","17","S","112","","false","C","C","72","2","","25.0","BRIDGESTONE","PREMIUM","DUELER A/T 693III"
"2057015HRARGC0034","8886459502379","RGC0034","205/70R15 RADAR RIVERA PRO-2 96H (4X4 / SUV SUMMER)","https://dcjqgkl774ppl.cloudfront.net/tyrecat/rivera-pro-2.jpg","40.75","205","70","15","H","96","","false","D","C","71","2","C1","4.0","RADAR","BUDGET","RIVERA PRO 2"
"2154017ZACPHIR","8997020614695","1200035734","215/40R17 ACCELERA PHI R 87W XL (CAR SUMMER)","https://dcjqgkl774ppl.cloudfront.net/70/images/acc phir.jpg","36.21","215","40","17","W","87","XL","false","E","C","74","3","C1","7.0","ACCELERA","BUDGET","PHI R"
"2355020ZGO543914","5452000714152","543914","235/50R20 GOODYEAR EAGLE F1 (ASYMMETRIC) SUV AT 104W XL J LR (4X4 / SUV SUMMER)","http://ordering.vandenban.nl/profielen/goodyear_f1 asym suv xl.jpg","107.05","235","50","20","W","104","XL","false","A","C","72","2","C1","5.0","GOODYEAR","PREMIUM","EAGLE F1 (ASYMMETRIC) SUV AT"
"2454019ZMI193409","3528701934099","193409","245/40R19 MICHELIN PILOT SPORT 5 98Y XL (CAR SUMMER)","https://dcjqgkl774ppl.cloudfront.net/tyrecat/michelin/pilotsport5_pilot5.png","134.26","245","40","19","Y","98","XL","false","C","A","072","2","C1","1.0","MICHELIN","PREMIUM","PILOT SPORT 5"
"2254518ZPI2041000","8019227204100","2041000","225/45R18 PIRELLI CINTURATO P7 91Y RUNFLAT (*) (CAR SUMMER)","http://www.etyre.net/preview/t3/pi-p7cintrft.jpg","100.93","225","45","18","Y","91","","true","D","B","71","2","C1","12.0","PIRELLI","PREMIUM","CINTURATO P7"
"2754020ZDU532011","5452000471086","532011","275/40R20 DUNLOP SPORT MAXX RT2 SUV 106Y XL (4X4 / SUV SUMMER)","http://images.tyresoft.biz/tyrecat/sport-maxx-rt2-suv.png","105.01","275","40","20","Y","106","XL","false","C","A","69","1","C1","19.0","DUNLOP","PREMIUM","SPORT MAXX RT2 SUV"
"2453519ZCO03113830000","4019238040593","0311383","245/35R19 CONTINENTAL SPORTCONTACT 7 93Y XL (CAR SUMMER)","https://dcjqgkl774ppl.cloudfront.net/tyrecat/continental/sportcontact7_sportcontact7.jpg","137.04","245","35","19","Y","93","XL","false","D","A","72","2","C1","11.0","CONTINENTAL","PREMIUM","SPORTCONTACT 7"
"2355020VKU2310333","8808956324742","2310333","235/50R20 KUMHO PS71 100V EV (CAR SUMMER)","https://dcjqgkl774ppl.cloudfront.net/tyrecat/ps71.png","87.16","235","50","20","V","100","","false","B","A","70","2","C1","18.0","KUMHO","MID RANGE PREMIUM","PS71"
"2353519ZCO03113740000","4019238040517","0311374","235/35R19 CONTINENTAL SPORTCONTACT 7 91Y XL (CAR SUMMER)","https://dcjqgkl774ppl.cloudfront.net/tyrecat/continental/sportcontact7_sportcontact7.jpg","106.03","235","35","19","Y","91","XL","false","D","A","72","2","C1","1.0","CONTINENTAL","PREMIUM","SPORTCONTACT 7"
"2254019ZTRTXYSTSR1904","6958460918264","TXYSTSR1904","225/40R19 TRACMAX TRAC SAVER 93Y XL (CAR ALL SEASON)","https://dcjqgkl774ppl.cloudfront.net/70/model/m_5059_tracmaxtracsaver.jpg","51.97","225","40","19","Y","93","XL","false","C","B","72","2","C1","19.0","TRACMAX","BUDGET","TRAC SAVER"
"2355517ZZE03.090.01","6921109031679","03.090.01","235/55R17 ZETA ALVENTI 103Y XL (CAR SUMMER)","https://dcjqgkl774ppl.cloudfront.net/70/images/ze-alveti.jpg","51.97","235","55","17","Y","103","XL","false","B","B","72","2","C1","30.0","ZETA","House Brand","ALVENTI"
"2353519ZAVS460596","0029142944263","589749","235/35R19 AVON ZV7 91Y XL (CAR SUMMER)","https://dcjqgkl774ppl.cloudfront.net/70/model/m_3024_avonzv7200x300engineeredintheukflag.png","72.37","235","35","19","Y","91","XL","false","D","A","70","2","C1","2.0","AVON","MID RANGE 2","ZV7"
"2254518ZMI334382","3528703343820","334382","225/45R18 MICHELIN PILOT SPORT 5 95Y XL (CAR SUMMER)","https://dcjqgkl774ppl.cloudfront.net/tyrecat/michelin/pilotsport5_pilot5.png","118.17","225","45","18","Y","95","XL","false","C","A","072","2","C1","2.0","MICHELIN","PREMIUM","PILOT SPORT 5"
"2354018ZAVS460495","0029142941910","589722","235/40R18 AVON ZV7 95Y XL (CAR SUMMER)","https://dcjqgkl774ppl.cloudfront.net/70/model/m_3024_avonzv7200x300engineeredintheukflag.png","67.27","235","40","18","Y","95","XL","false","D","A","70","2","C1","4.0","AVON","MID RANGE 2","ZV7"
"2254518ZAVS460494","0029142941903","589725","225/45R18 AVON ZV7 95Y XL (CAR SUMMER)","https://dcjqgkl774ppl.cloudfront.net/70/model/m_3024_avonzv7200x300engineeredintheukflag.png","72.37","225","45","18","Y","95","XL","false","D","A","70","2","C1","7.0","AVON","MID RANGE 2","ZV7"
"2354020ZKU2337093","8808956361280","2337093","235/40R20 KUMHO PS71 96Y XL (4X4 / SUV SUMMER)","https://dcjqgkl774ppl.cloudfront.net/tyrecat/ps71.png","91.92","235","40","20","Y","96","XL","false","D","A","72","2","C1","4.0","KUMHO","MID RANGE PREMIUM","PS71"
"2656018TCO03593570000","4019238048957","03593570000","265/60R18 CONTINENTAL CONTICROSSCONTACT LX 110T (4X4 / SUV SUMMER)","https://dcjqgkl774ppl.cloudfront.net/tyrecat/conticrosscontact-lx-tire-image.png","118.27","265","60","18","T","110","","false","D","C","72","2","C1","30.0","CONTINENTAL","PREMIUM","CONTICROSSCONTACT LX"
"2554019ZPI1996400","8019227199642","1996400","255/40R19 PIRELLI PZERO 100Y XL (AO) (CAR SUMMER)","https://dcjqgkl774ppl.cloudfront.net/70/images/pi-pzero.jpg","117.19","255","40","19","Y","100","XL","false","C","B","73","2","C1","1.0","PIRELLI","PREMIUM","PZERO"
"2354518ZMI897776","3528708977761","897776","235/45R18 MICHELIN PRIMACY 4+ 98W XL (CAR SUMMER)","https://dcjqgkl774ppl.cloudfront.net/tyrecat/michelin/primacy4_plus_primacy-4.png","120.7","235","45","18","W","98","XL","false","B","A","070","2","C1","4.0","MICHELIN","PREMIUM","PRIMACY 4+"
"2553520ZPI1997100","8019227199710","1997100","255/35R20 PIRELLI PZERO 97Y XL (AO) (CAR SUMMER)","https://dcjqgkl774ppl.cloudfront.net/70/images/pi-pzero.jpg","108.07","255","35","20","Y","97","XL","false","D","B","73","2","C1","30.0","PIRELLI","PREMIUM","PZERO"
"2353519ZMI126989","3528701269894","126989","235/35R19 MICHELIN PILOT SPORT 5 91Y XL (CAR SUMMER)","https://dcjqgkl774ppl.cloudfront.net/tyrecat/michelin/pilotsport5_pilot5.png","115.63","235","35","19","Y","91","XL","false","C","A","072","2","C1","18.0","MICHELIN","PREMIUM","PILOT SPORT 5"
"2453521ZTRRS01R2105","6958460912699","YSRS01R2105","245/35R21 TRACMAX X-PRIVILO RS01+ 96Y XL (CAR SUMMER)","https://dcjqgkl774ppl.cloudfront.net/tyrecat/x-privilors01plus.png","51.97","245","35","21","Y","96","XL","false","C","C","71","2","C1","21.0","TRACMAX","BUDGET","X-PRIVILO RS01+"
"2254018VUN362998000","4024068000709","03629980000","225/40R18 UNIROYAL ALLSEASONEXPERT 2 92V XL (CAR ALL SEASON)","http://images.tyresoft.biz/tyrecat/allseasonexpert2.png","67.27","225","40","18","V","92","XL","false","D","C","72","2","C1","30.0","UNIROYAL","MID RANGE PREMIUM","ALLSEASONEXPERT 2"
"2553519ZMI794864","3528707948649","794864","255/35R19 MICHELIN PILOT SPORT 5 96Y XL (CAR SUMMER)","https://dcjqgkl774ppl.cloudfront.net/tyrecat/michelin/pilotsport5_pilot5.png","129.91","255","35","19","Y","96","XL","false","C","A","072","2","C1","12.0","MICHELIN","PREMIUM","PILOT SPORT 5"
"2753520ZTO3960500","4981910790396","3960500","275/35R20 TOYO PROXES SPORT 102Y XL (CAR SUMMER)","https://dcjqgkl774ppl.cloudfront.net/tyrecat/pxsp-proxes_sport.jpg","126.9","275","35","20","Y","102","XL","false","C","A","73","2","C1","1.0","TOYO","MID RANGE PREMIUM","PXSP"
"2055516VUN362989000","4024068000945","03629890000","205/55R16 UNIROYAL ALLSEASONEXPERT 2 94V XL (CAR ALL SEASON)","http://images.tyresoft.biz/tyrecat/allseasonexpert2.png","51.32","205","55","16","V","94","XL","false","C","B","72","2","C1","4.0","UNIROYAL","MID RANGE PREMIUM","ALLSEASONEXPERT 2"
"2554520ZTRTX3R2014","6958460919544","YSTX3R2014","255/45R20 TRACMAX X-PRIVILO TX3 105Y XL (4X4 / SUV SUMMER)","https://dcjqgkl774ppl.cloudfront.net/70/model/m_4603_tracmaxx-privilotx3.jpg","62.17","255","45","20","Y","105","XL","false","C","B","69","1","C1","30.0","TRACMAX","BUDGET","X-PRIVILO TX3"
"2253519ZRADSC0476","8886459525354","DSC0476","225/35R19 RADAR DIMAX R8+ 88Y XL RUNFLAT (CAR SUMMER)","http://omni-united.com/wp-content/uploads/2016/06/dimax-r8-plus.jpg","71.35","225","35","19","Y","88","XL","true","D","B","72","2","C1","30.0","RADAR","BUDGET","DIMAX R8+"
"2255017ZRADSC0743","8886459533595","DSC0743","225/50R17 RADAR DIMAX R8+ 98Y XL (CAR SUMMER)","http://omni-united.com/wp-content/uploads/2016/06/dimax-r8-plus.jpg","43.35","225","50","17","Y","98","XL","false","C","B","72","2","C1","30.0","RADAR","BUDGET","DIMAX R8+"
"2254018VSUSV139","5420068682362","SV139","225/40R18 SUPERIA BLUEWIN UHP 92V XL (CAR WINTER)","http://images.tyresoft.co.uk/70/MODEL/superiabluewinuhp.png","47.89","225","40","18","V","92","XL","false","D","D","68","1","C1","12.0","SUPERIA","BUDGET","BLUEWIN UHP"
"2254517VSUSV137","5420068682348","SV137","225/45R17 SUPERIA BLUEWIN UHP 94V XL (CAR WINTER)","http://images.tyresoft.co.uk/70/MODEL/superiabluewinuhp.png","44.83","225","45","17","V","94","XL","false","D","D","68","1","C1","7.0","SUPERIA","BUDGET","BLUEWIN UHP"
"2254517ZRADSC0741","8886459533571","DSC0741","225/45R17 RADAR DIMAX R8+ 94Y XL (CAR SUMMER)","http://omni-united.com/wp-content/uploads/2016/06/dimax-r8-plus.jpg","37.23","225","45","17","Y","94","XL","false","C","B","72","2","C1","30.0","RADAR","BUDGET","DIMAX R8+"
"2155516VMI659249","3528706592492","659249","215/55R16 MICHELIN PRIMACY 4+ 93V (CAR SUMMER)","https://dcjqgkl774ppl.cloudfront.net/tyrecat/michelin/primacy4_plus_primacy-4.png","114.59","215","55","16","V","93","","false","C","A","069","2","C1","1.0","MICHELIN","PREMIUM","PRIMACY 4+"
"2954020ZACST68","8997020616545","1200043169","295/40R20 ACCELERA IOTA ST-68 110Y XL (4X4 / SUV SUMMER)","https://dcjqgkl774ppl.cloudfront.net/70/MODEL/iotast-68.jpg","61.15","295","40","20","Y","110","XL","false","C","C","73","2","C1","23.0","ACCELERA","BUDGET","IOTA ST-68"
"2954021ZUN03611280000","4024068002574","03611280000","295/40R21 UNIROYAL RAINSPORT 5 111Y XL (CAR SUMMER)","https://dcjqgkl774ppl.cloudfront.net/70/model/m_5279_rs5.jpg","151.89","295","40","21","Y","111","XL","false","C","A","75","2","C1","4.0","UNIROYAL","MID RANGE PREMIUM","RAINSPORT 5"
"1855515VKU2345993","8808956371487","2345993","185/55R15 KUMHO HS52 82V (CAR SUMMER)","https://dcjqgkl774ppl.cloudfront.net/70/model/m_6801_kumho-ecsta-hs52.png","41.29","185","55","15","V","82","","false","D","B","70","2","C1","30.0","KUMHO","MID RANGE PREMIUM","HS52"
"1955016VTO4053800","4981910516842","4053800","195/50R16 TOYO PXTR1 84V (CAR SUMMER)","https://dcjqgkl774ppl.cloudfront.net/tyrecat/pxtr1.png","46.87","195","50","16","V","84","","false","D","B","70","2","C1","26.0","TOYO","MID RANGE PREMIUM","PXTR1"
"2355018VPI1953400","8019227195347","1953400","235/50R18 PIRELLI SCORPION VERDE ALL S 97V (4X4 / SUV SUMMER)","https://dcjqgkl774ppl.cloudfront.net/70/images/pi-verde.jpg","95.47","235","50","18","V","97","","false","B","C","71","2","C1","7.0","PIRELLI","PREMIUM","SCORPION VERDE ALL S"
"2354517ZTO3959800","4981910789086","3959800","235/45R17 TOYO PROXES SPORT 97Y XL (CAR SUMMER)","https://dcjqgkl774ppl.cloudfront.net/tyrecat/pxsp-proxes_sport.jpg","48.91","235","45","17","Y","97","XL","false","C","A","71","2","C1","30.0","TOYO","MID RANGE PREMIUM","PXSP"
"2256017VDU526391","3188649809967","526391","225/60R17 DUNLOP SP SPORT MAXX TT 99V SL * (CAR SUMMER)","http://www.etyre.net/preview/t3/du-spmaxxttro.jpg","77.47","225","60","17","V","99","SL","false","E","B","69","2","C1","8.0","DUNLOP","PREMIUM","SP SPORT MAXX TT"
"2355517ZTO3960200","4981910790198","3960200","235/55R17 TOYO PROXES SPORT 99Y (CAR SUMMER)","https://dcjqgkl774ppl.cloudfront.net/tyrecat/pxsp-proxes_sport.jpg","64.21","235","55","17","Y","99","","false","D","A","71","2","C1","30.0","TOYO","MID RANGE PREMIUM","PXSP"
"2157016QPAPANCCN0301","8886459598914","PANCCN0301","215/70R16 PATRIOT RENEGADE RT+ 100/97Q (4X4 / SUV SUMMER)","https://dcjqgkl774ppl.cloudfront.net/70/model/m_6537_patriot_rt.png","76.45","215","70","16","Q","100/97","","false","NA","NA","NA","NA","C2","22.0","PATRIOT","","R/T+"
"1558013NRARGD0055","8886459509781","RGD0055","155/80R13 RADAR ARGONITE (RV-4T) 91/89N (VAN SUMMER)","https://dcjqgkl774ppl.cloudfront.net/70/model/m_5253_argonite_rv4t_(45)_s-19.jpg","27.03","155","80","13","N","91/89","","false","D","B","72","2","C2","30.0","RADAR","BUDGET","ARGONITE RV-4T"
"2357016QPAPANCCN0303","8886459598938","PANCCN0303","235/70R16 PATRIOT RENEGADE RT+ 110/107Q (4X4 / SUV SUMMER)","https://dcjqgkl774ppl.cloudfront.net/70/model/m_6537_patriot_rt.png","86.65","235","70","16","Q","110/107","","false","NA","NA","NA","NA","C2","13.0","PATRIOT","","R/T+"
"2357515QPAPANCCN0299","8886459598891","PANCCN0299","235/75R15 PATRIOT RENEGADE RT+ 110/107Q (4X4 / SUV SUMMER)","https://dcjqgkl774ppl.cloudfront.net/70/model/m_6537_patriot_rt.png","81.55","235","75","15","Q","110/107","","false","NA","NA","NA","NA","C2","20.0","PATRIOT","","RENEGADE RT+"
"1858014NRARGD0059","8886459509828","RGD0059","185/80R14 RADAR ARGONITE (RV-4T) 104/102N (VAN SUMMER)","https://dcjqgkl774ppl.cloudfront.net/70/model/m_5253_argonite_rv4t_(45)_s-19.jpg","41.31","185","0","14","N","104/102","","false","C","B","72","2","C2","6.0","RADAR","BUDGET","ARGONITE RV-4T"
"1958015QPAPANCCN0296","8886459598860","PANCCN0296","195/80R15 PATRIOT RENEGADE RT+ 107/105Q (4X4 / SUV SUMMER)","https://dcjqgkl774ppl.cloudfront.net/70/model/m_6537_patriot_rt.png","64.21","195","80","15","Q","107/105","","false","NA","NA","NA","NA","C2","25.0","PATRIOT","","RENEGADE RT+"
"2057015QPAPANCCN0297","8886459598877","PANCCN0297","205/70R15 PATRIOT RENEGADE RT+ 107/103Q (4X4 / SUV SUMMER)","https://dcjqgkl774ppl.cloudfront.net/70/model/m_6537_patriot_rt.png","62.17","205","70","15","Q","107/103","","false","NA","NA","NA","NA","C2","12.0","PATRIOT","","RENEGADE RT+"
"2154517ZMI217502","3528702175026","217502","215/45R17 MICHELIN PILOT SPORT 5 91Y XL (CAR SUMMER)","https://dcjqgkl774ppl.cloudfront.net/tyrecat/michelin/pilotsport5_pilot5.png","95.79","215","45","17","Y","91","XL","false","C","A","072","2","C1","3.0","MICHELIN","PREMIUM","PILOT SPORT 5"
"2254019ZCO356273000","4019238557367","0356273","225/40R19 CONTINENTAL CONTISPORTCONTACT 5 93Y XL RUNFLAT MOE (CAR SUMMER)","https://dcjqgkl774ppl.cloudfront.net/70/images/cn-sc5.jpg","147.69","225","40","19","Y","93","XL","true","D","A","72","2","C1","3.0","CONTINENTAL","PREMIUM","CONTISPORTCONTACT 5"
"2255517ZTO3961700","4981910791690","3961700","225/55R17 TOYO PROXES SPORT 101Y XL (CAR SUMMER)","https://dcjqgkl774ppl.cloudfront.net/tyrecat/pxsp-proxes_sport.jpg","59.11","225","55","17","Y","101","XL","false","C","A","71","2","C1","26.0","TOYO","MID RANGE PREMIUM","PXSP"
"2457016QRARANCCN0352","8886459598785","RANCCN0352","245/70R16 RADAR RENEGADE R/T+ 118/115Q (4X4 / SUV SUMMER)","https://dcjqgkl774ppl.cloudfront.net/70/MODEL/4447_renegade-rt-500x500.jpg","89.71","245","70","16","Q","118/115","","false","NA","NA","NA","NA","C2","14.0","RADAR","BUDGET","RENEGADE R/T+"
"2457516STO3967900","4981910514923","3834400","245/75R16 TOYO OPEN COUNTRY A/T+ 120S (4X4 / SUV SUMMER)","https://dcjqgkl774ppl.cloudfront.net/70/MODEL/to-openat.jpg","82.57","245","75","16","S","120","","false","D","D","72","2","C1","5.0","TOYO","MID RANGE PREMIUM","OPEN COUNTRY A/T+"
"2355019VDU563821","4038526281531","563821","235/50R19 DUNLOP SP SPORT MAXX 99V SL MO (4X4 / SUV SUMMER)","http://www.etyre.net/preview/t3/du-sportmaxx.jpg","81.55","235","50","19","V","99","SL","false","E","C","70","2","C1","30.0","DUNLOP","PREMIUM","SP SPORT MAXX"
"2656518HTRRF10R1812","6958460922537","YSRF10R1812","265/65R18 TRACMAX X-PRIVILO H/T 114H (4X4 / SUV SUMMER)","https://dcjqgkl774ppl.cloudfront.net/tyrecat/x-priviloh-t.png","59.11","265","65","18","H","114","","false","C","C","71","2","","30.0","TRACMAX","BUDGET","X-PRIVILO H/T"
"2755021ZMI200287","3528702002872","200287","275/50R21 MICHELIN PRIMACY ALL SEASON 113Y XL LR (CAR ALL SEASON)","","190.69","275","50","21","Y","113","XL","false","A","C","072","2","C1","9.0","MICHELIN","PREMIUM","PRIMACY ALL SEASON"
"2554017ZTO3961500","4981910790235","3961500","255/40R17 TOYO PROXES SPORT 98Y XL (CAR SUMMER)","https://dcjqgkl774ppl.cloudfront.net/tyrecat/pxsp-proxes_sport.jpg","72.37","255","40","17","Y","98","XL","false","C","A","73","2","C1","16.0","TOYO","MID RANGE PREMIUM","PXSP"
"2354518ZMI508642","3528705086428","508642","235/45R18 MICHELIN PRIMACY 4+ 98Y XL (CAR SUMMER)","https://dcjqgkl774ppl.cloudfront.net/tyrecat/michelin/primacy4_plus_primacy-4.png","116.16","235","45","18","Y","98","XL","false","B","A","070","2","C1","1.0","MICHELIN","PREMIUM","PRIMACY 4+"
"1957014NRARGD0062","8886459509842","RGD0062","195/70R14 RADAR ARGONITE (RV-4T) 96N (VAN SUMMER)","https://dcjqgkl774ppl.cloudfront.net/70/model/m_5253_argonite_rv4t_(45)_s-19.jpg","36.21","195","70","14","N","96","","false","C","B","72","2","C2","5.0","RADAR","BUDGET","ARGONITE RV-4T"
"1955013NRARGD0058","8886459509811","RGD0058","195/50R13 RADAR ARGONITE (RV-4T) 104/101N (VAN SUMMER)","https://dcjqgkl774ppl.cloudfront.net/70/model/m_5253_argonite_rv4t_(45)_s-19.jpg","32.13","195","50","13","N","104/101","","false","C","B","72","2","C2","30.0","RADAR","BUDGET","ARGONITE RV-4T"
"2753020ZRARASYCN0839","8886459599188","RASYCN0839","275/30R20 RADAR DIMAX R8 + 97Y XL (CAR SUMMER)","https://dcjqgkl774ppl.cloudfront.net/70/model/m_3666_dimaxr8+_0.jpg","65.79","275","30","20","Y","97","XL","false","C","B","73","2","C1","30.0","RADAR","BUDGET","DIMAX R8+"
"311015PTO1494612","4981910761310","1494612","31/10.50R15 TOYO OPMT 109P (4X4 / SUV SUMMER)","https://dcjqgkl774ppl.cloudfront.net/70/MODEL/opmt.jpg","100.88","31","1050","15","P","109","","false","NA","NA","NA","NA","C1","5.0","TOYO","MID RANGE PREMIUM","OPMT"
"1758014NRARGD0067","8886459509897","RGD0067","175/80R14 RADAR ARGONITE (RV-4T) 99/98N (VAN SUMMER)","https://dcjqgkl774ppl.cloudfront.net/70/model/m_5253_argonite_rv4t_(45)_s-19.jpg","36.21","175","80","14","N","99/98","","false","D","B","72","2","C2","30.0","RADAR","BUDGET","ARGONITE RV-4T"
"2057015HTO1584510","4981910768821","","205/70R15 TOYO PXCF2S 96H (4X4 / SUV SUMMER)","https://dcjqgkl774ppl.cloudfront.net/70/MODEL/pxcf2.jpg","39.73","205","70","15","H","98","","false","C","B","70","2","C1","30.0","TOYO","MID RANGE PREMIUM","PXCF2S"
"2756518QPAPANCCN0177","8886459561161","PANCCN0177","275/65R18 PATRIOT RENEGADE RT+ 123/120Q (4X4 / SUV SUMMER)","https://dcjqgkl774ppl.cloudfront.net/70/model/m_6537_patriot_rt.png","114.19","275","65","18","Q","123/120","","false","NA","NA","NA","NA","C2","1.0","PATRIOT","","RENEGADE RT+"
"2155018ZUN0361044000","4024068003052","03610440000","215/50R18 UNIROYAL RAINSPORT 5 96W XL (CAR SUMMER)","https://dcjqgkl774ppl.cloudfront.net/70/model/m_5279_rs5.jpg","102.86","215","50","18","W","96","XL","false","C","A","72","2","C1","2.0","UNIROYAL","MID RANGE PREMIUM","RAINSPORT 5"
"2354518ZKU2328813","8808956352264","2328813","235/45R18 KUMHO HA32 98Y XL (CAR ALL SEASON)","https://dcjqgkl774ppl.cloudfront.net/tyrecat/kumho/ha32_ha32.png","80.96","235","45","18","Y","98","XL","false","C","B","72","2","C1","7.0","KUMHO","MID RANGE PREMIUM","HA32"
"2254018ZCO03130480000","4019238079142","03130480000","225/40R18 CONTINENTAL PREMIUMCONTACT 7 92Y XL (CAR SUMMER)","https://dcjqgkl774ppl.cloudfront.net/tyrecat/continental/premiumcontact7_premiumcontact7.png","68.19","225","40","18","Y","92","XL","false","C","A","72","2","C1","30.0","CONTINENTAL","PREMIUM","PREMIUMCONTACT 7"
"2254517ZCO03130510000","4019238079227","0313051","225/45R17 CONTINENTAL PREMIUMCONTACT 7 91Y (CAR SUMMER)","https://dcjqgkl774ppl.cloudfront.net/tyrecat/continental/premiumcontact7_premiumcontact7.png","64.04","225","45","17","Y","91","","false","C","A","71","2","C1","14.0","CONTINENTAL","PREMIUM","PREMIUMCONTACT 7"
"2356517HTO1589604","4981910775652","1589604","235/65R17 TOYO OPUT 104H (4X4 / SUV SUMMER)","https://dcjqgkl774ppl.cloudfront.net/tyrecat/oput.png","67.27","235","65","17","H","104","","false","D","C","71","2","C1","4.0","TOYO","MID RANGE PREMIUM","OPUT"
"2455019VKU2326823","8808956349554","2326823","245/50R19 KUMHO WP72 105V XL (CAR WINTER)","https://dcjqgkl774ppl.cloudfront.net/tyrecat/kumho/wp72_wp72.png","123.54","245","50","19","V","105","XL","false","C","C","72","2","C1","4.0","KUMHO","MID RANGE PREMIUM","WP72"
"2254517ZCO03130530000","4019238079210","0313053","225/45R17 CONTINENTAL PREMIUMCONTACT 7 94Y XL (CAR SUMMER)","https://dcjqgkl774ppl.cloudfront.net/tyrecat/continental/premiumcontact7_premiumcontact7.png","65.73","225","45","17","Y","94","XL","false","C","A","72","2","C1","2.0","CONTINENTAL","PREMIUM","PREMIUMCONTACT 7"
"2155017ZCO03130380000","4019238079470","03130380000","215/50R17 CONTINENTAL PREMIUMCONTACT 7 95Y XL (CAR SUMMER)","https://dcjqgkl774ppl.cloudfront.net/tyrecat/continental/premiumcontact7_premiumcontact7.png","92.42","215","50","17","Y","95","XL","false","B","A","71","2","C1","4.0","CONTINENTAL","PREMIUM","PREMIUMCONTACT 7"
"1656514TTO3801300","4981910788270","3801300","165/65R14 TOYO TYCS 79T (CAR ALL SEASON)","https://dcjqgkl774ppl.cloudfront.net/tyrecat/tycs.png","31.11","165","65","14","T","79","","false","E","C","69","2","C1","4.0","TOYO","MID RANGE PREMIUM","TYCS"
"1856016HTO2264475","4981910761952","2264475","185/60R16 TOYO PXR39A 86H (CAR SUMMER)","https://dcjqgkl774ppl.cloudfront.net/tyrecat/pxr39.jpg","57.07","185","60","16","H","86","","false","B","B","71","2","C1","30.0","TOYO","MID RANGE PREMIUM","PXR39"
"2155517VCO03130400000","4019238079272","03130400000","215/55R17 CONTINENTAL PREMIUMCONTACT 7 94V (CAR SUMMER)","https://dcjqgkl774ppl.cloudfront.net/tyrecat/continental/premiumcontact7_premiumcontact7.png","95.69","215","55","17","V","94","","false","C","A","71","2","C1","1.0","CONTINENTAL","PREMIUM","PREMIUMCONTACT 7"
"1957516RMI403300","3528704033003","403300","195/75R16 MICHELIN CROSSCLIMATE CAMPING 107/105R (VAN ALL SEASON)","","101.49","195","75","16","R","107/105","","false","C","A","072","1","C2","1.0","MICHELIN","PREMIUM","CROSSCLIMATE CAMPING"
"2255517VTO1597515","4981910769880","1597515","225/55R17 TOYO PXCF2S 101V XL (4X4 / SUV SUMMER)","https://dcjqgkl774ppl.cloudfront.net/70/MODEL/pxcf2.jpg","60.13","225","55","17","V","101","","false","C","B","70","2","C1","1.0","TOYO","MID RANGE PREMIUM","PXCF2S"
"1855016HKU2328863","8808956352318","2328863","185/50R16 KUMHO WP52 81H (CAR WINTER)","","52.35","185","50","16","H","81","","false","D","B","71","2","C1","1.0","KUMHO","MID RANGE PREMIUM","WP52"
"2256018HTO1593477","4981910767954","1593477","225/60R18 TOYO OPUT 100H (4X4 / SUV SUMMER)","https://dcjqgkl774ppl.cloudfront.net/tyrecat/oput.png","78.22","225","60","18","H","100","","false","D","C","71","2","C1","24.0","TOYO","MID RANGE PREMIUM","OPUT"
"2155518VCO03130420000","4019238079463","0313042","215/55R18 CONTINENTAL PREMIUMCONTACT 7 99V XL (CAR SUMMER)","https://dcjqgkl774ppl.cloudfront.net/tyrecat/continental/premiumcontact7_premiumcontact7.png","98.14","215","55","18","V","99","XL","false","C","A","71","2","C1","15.0","CONTINENTAL","PREMIUM","PREMIUMCONTACT 7"
"2357016HRARZD0074","8886459516734","RZD0074","235/70R16 RADAR RENEGADE A/T AT-5 106H XL (4X4 / SUV SUMMER)","https://dcjqgkl774ppl.cloudfront.net/tyrecat/renegade-at5.jpg","62.17","235","70","16","H","106","XL","false","D","D","72","2","C1","14.0","RADAR","BUDGET","RENEGADE A/T AT-5"
"2255518HTO1597860","4981910724667","3338600","225/55R18 TOYO TYR37 98H OE (4X4 / SUV SUMMER)","https://dcjqgkl774ppl.cloudfront.net/70/MODEL/tyr37.jpg","72.37","225","55","18","H","98","","false","D","C","69","2","C1","30.0","TOYO","MID RANGE PREMIUM","TYR37"
"2454517ZKU2328773","8808956352226","2328773","245/45R17 KUMHO HA32 99Y XL (CAR ALL SEASON)","https://dcjqgkl774ppl.cloudfront.net/tyrecat/kumho/ha32_ha32.png","77.5","245","45","17","Y","99","XL","false","C","B","72","2","C1","2.0","KUMHO","MID RANGE PREMIUM","HA32"
"2155017ZTO3959500","4981910789109","3959500","215/50R17 TOYO PROXES SPORT 95W XL (CAR SUMMER)","https://dcjqgkl774ppl.cloudfront.net/tyrecat/pxsp-proxes_sport.jpg","55.03","215","50","17","W","95","XL","false","C","A","71","2","C1","30.0","TOYO","MID RANGE PREMIUM","PXSP"
"2154517ZTO3959900","4981910790242","3959900","215/45R17 TOYO PROXES SPORT 91W XL (CAR SUMMER)","https://dcjqgkl774ppl.cloudfront.net/tyrecat/pxsp-proxes_sport.jpg","51.97","215","45","17","W","91","XL","false","D","A","71","2","C1","1.0","TOYO","MID RANGE PREMIUM","PXSP"
"2554020VROS330","6958846912118","","255/40R20 ROTALLA S330 101V XL (CAR WINTER)","","59.3","255","40","20","V","101","XL","false","C","C","73","2","C1","2.0","ROTALLA","BUDGET","S330"
"2554019ZDU527143","3188649812707","527143","255/40R19 DUNLOP SP QUATTROMAXX 100Y XL RO1 (4X4 / SUV SUMMER)","http://ordering.vandenban.nl/profielen/dunlop_spquattromaxx.jpg","92.77","255","40","19","Y","100","XL","false","D","B","71","2","C1","18.0","DUNLOP","PREMIUM","SP QUATTROMAXX"
"2257515TTO1582405","4981910766957","1582405","225/75R15 TOYO OPAT+ 102T (4X4 / SUV SUMMER)","https://dcjqgkl774ppl.cloudfront.net/70/MODEL/to-openat.jpg","67.27","225","75","15","T","102","","false","D","D","70","2","C1","2.0","TOYO","MID RANGE PREMIUM","OPAT+"
"2454020ZRADSC0573","8886459529611","DSC0573","245/40R20 RADAR DIMAX R8+ 99Y XL RUNFLAT (CAR SUMMER)","http://omni-united.com/wp-content/uploads/2016/06/dimax-r8-plus.jpg","86.65","245","40","20","Y","99","XL","true","D","B","72","2","C1","30.0","RADAR","BUDGET","DIMAX R8+"
"2156017HMI417046","3528704170463","417046","215/60R17 MICHELIN PRIMACY 4 96H S1 (CAR SUMMER)","http://images.tyresoft.biz/tyrecat/primacy_4.png","94.81","215","60","17","H","96","","false","A","A","69","2","C1","8.0","MICHELIN","PREMIUM","PRIMACY 4"
"2753521ZCO0320226","4019238287608","0320226","275/35R21 CONTINENTAL WINTERCONTACT 8S 103W XL (CAR WINTER)","","254.84","275","35","21","W","103","XL","false","C","B","73","2","C1","1.0","CONTINENTAL","PREMIUM","WINTERCONTACT 8S"
"2953521ZPI2049400","8019227204940","2049400","295/35R21 PIRELLI PZERO 107Y XL (N1) (4X4 / SUV SUMMER)","https://dcjqgkl774ppl.cloudfront.net/70/images/pi-pzero.jpg","179.85","295","35","21","Y","107","XL","false","C","B","74","2","C1","2.0","PIRELLI","PREMIUM","PZERO"
"2054017ZMI667776","3528706677762","667776","205/40R17 MICHELIN CROSSCLIMATE 2 84W XL (CAR ALL SEASON)","https://dcjqgkl774ppl.cloudfront.net/tyrecat/michelin/crossclimate2_crossclimate_2.png","97.68","205","40","17","W","84","XL","false","C","B","069","1","C1","4.0","MICHELIN","PREMIUM","CROSSCLIMATE 2"
"2055017ZTO3961600","4981910790525","3961600","205/50R17 TOYO PROXES SPORT 93Y XL (CAR SUMMER)","https://dcjqgkl774ppl.cloudfront.net/tyrecat/pxsp-proxes_sport.jpg","62.17","205","50","17","Y","93","XL","false","D","A","71","2","C1","20.0","TOYO","MID RANGE PREMIUM","PXSP"
"2457016HTO1587310","4981910767961","1587310","245/70R16 TOYO OPUT 111H XL (4X4 / SUV SUMMER)","https://dcjqgkl774ppl.cloudfront.net/tyrecat/oput.png","62.17","245","70","16","H","111","XL","false","D","C","71","2","C1","5.0","TOYO","MID RANGE PREMIUM","OPUT"
"2054517ZTO3968000","4981910790341","3968000","205/45R17 TOYO PROXES SPORT 88Y XL (CAR SUMMER)","https://dcjqgkl774ppl.cloudfront.net/tyrecat/pxsp-proxes_sport.jpg","51.97","205","45","17","Y","88","XL","false","D","A","71","2","C1","9.0","TOYO","MID RANGE PREMIUM","PXSP"
"2754521ZACST68","8997020615005","1200038180","275/45R21 ACCELERA IOTA ST-68 110W XL (4X4 / SUV SUMMER)","https://dcjqgkl774ppl.cloudfront.net/70/MODEL/iotast-68.jpg","71.35","275","45","21","W","110","XL","false","C","C","68","2","C1","2.0","ACCELERA","BUDGET","IOTA ST-68"
"2654020ZKU2230593","8808956233884","2230593","265/40R20 KUMHO PS91 104Y XL (CAR SUMMER)","https://dcjqgkl774ppl.cloudfront.net/tyrecat/ps91.png","119.43","265","40","20","Y","104","XL","false","D","B","72","2","C1","4.0","KUMHO","MID RANGE PREMIUM","PS91"
"2055517ZBR10433","3286341043310","10433","205/55R17 BRIDGESTONE TURANZA T005 91W MO (CAR SUMMER)","http://images.tyresoft.biz/70/MODEL/turanzat005.jpg","72.57","205","55","17","W","91","","false","B","A","70","2","C1","2.0","BRIDGESTONE","PREMIUM","TURANZA T005"
"2553519ZBR8133","3286340813310","8133","255/35R19 BRIDGESTONE POTENZA S001 96Y XL AO (CAR SUMMER)","https://www.etyre.net/preview/t3/br-s001rft.jpg","107.57","255","35","19","Y","96","XL","false","D","A","71","2","C1","8.0","BRIDGESTONE","PREMIUM","POTENZA S001"
"2953521VGRSTATMS","6996779121234","3229005075","295/35R21 GRIPMAX STATURE M/S 107V XL (4X4 / SUV WINTER)","http://images.tyresoft.biz/70/MODEL/staturems.jpeg","116.87","295","35","21","V","107","XL","false","C","C","72","2","C2","1.0","GRIPMAX","BUDGET","STATURE M/S"
"2256017VKU2230253","8808956233204","2230253","225/60R17 KUMHO HP71 99V (4X4 / SUV SUMMER)","https://dcjqgkl774ppl.cloudfront.net/tyrecat/hp71.png","70.28","225","60","17","V","99","","false","D","C","71","2","C2","6.0","KUMHO","MID RANGE PREMIUM","HP71"
"2854521ZACST68","8997020615524","1200037342","285/45R21 ACCELERA IOTA ST-68 109W XL (4X4 / SUV SUMMER)","https://dcjqgkl774ppl.cloudfront.net/70/MODEL/iotast-68.jpg","76.45","285","45","21","W","109","","false","C","C","68","1","C1","4.0","ACCELERA","BUDGET","IOTA ST-68"
"2555519ZTRTX3","6958460916314","","255/55R19 TRACMAX X-PRIVILO TX3 111W XL (4X4 / SUV SUMMER)","https://dcjqgkl774ppl.cloudfront.net/70/model/m_4603_tracmaxx-privilotx3.jpg","57.07","255","55","19","W","111","XL","false","C","B","69","1","C1","23.0","TRACMAX","BUDGET","X-PRIVILO TX3"
"2353519ZBR5995","3286340599511","05995","235/35R19 BRIDGESTONE TURANZA T005 91Y XL AO (CAR SUMMER)","http://images.tyresoft.biz/70/MODEL/turanzat005.jpg","94.81","235","35","19","Y","91","XL","false","D","A","72","2","C1","1.0","BRIDGESTONE","PREMIUM","TURANZA T005"
"2355520ZKUSAFYS06","6974845080951","","235/55R20 KUSTONE SAFY VOLCATO SO6 105W XL (CAR SUMMER)","","59.11","235","55","20","W","105","XL","false","C","C","71","2","","1.0","KUSTONE","BUDGET WHOLESALE",""
"2254019ZBR9363","3286340936316","09363","225/40R19 BRIDGESTONE TURANZA T005 93W XL MO (CAR SUMMER)","http://images.tyresoft.biz/70/MODEL/turanzat005.jpg","108.07","225","40","19","W","93","XL","false","B","A","70","2","C1","30.0","BRIDGESTONE","PREMIUM","TURANZA T005"
"2655020SAC1200047656","8994234020526","1200047656","265/50R20 ACCELERA OMIKRON AT 111S XL (4X4 / SUV SUMMER)","","82.57","265","50","20","S","111","XL","false","E","E","073","2","","26.0","ACCELERA","BUDGET","OMIKRON AT"
"2353519ZVRAP23535019YUPRA02","8714692804380","AP23535019YUPRA02","235/35R19 VREDESTEIN ULTRAC PRO 91Y XL (CAR SUMMER)","https://dcjqgkl774ppl.cloudfront.net/70/model/m_8060_vredesteinultracpro.png","85.56","235","35","19","Y","91","XL","false","D","A","72","2","C1","4.0","VREDESTEIN","MID RANGE 2","ULTRAC PRO"
"1956515HUN03611690000","4024068004813","03611690000","195/65R15 UNIROYAL RAINEXPERT 5 91H (CAR SUMMER)","https://dcjqgkl774ppl.cloudfront.net/70/model/m_6657_uniroyal__rainexpert-5__productpicture__30.png","41.99","195","65","15","H","91","","false","C","A","71","2","C1","30.0","UNIROYAL","MID RANGE PREMIUM","RAINEXPERT 5"
"2254519ZNE13805NX","8807622179778","13805NX","225/45R19 NEXEN N FERA SU4 XL 96W XL (CAR SUMMER)","","69.87","225","45","19","W","96","XL","false","B","B","68","1","C1","10.0","NEXEN","BUDGET","N FERA SU4 XL"
"2554022ZPI3816500","8019227381658","3816500","255/40R22 PIRELLI P-ZERO (PZ4) 103Y XL (NE0) ELT (4X4 / SUV SUMMER)","https://dcjqgkl774ppl.cloudfront.net/tyrecat/pzero.png","276.02","255","40","22","Y","103","XL","false","C","A","71","2","C1","1.0","PIRELLI","PREMIUM","P-ZERO (PZ4)"
"2153518ZRADSC0590","8886459530570","DSC0590","215/35R18 RADAR DIMAX R8 84Y XL (CAR SUMMER)","https://dcjqgkl774ppl.cloudfront.net/70/MODEL/dimaxr8_(45).jpg","45.85","215","35","18","Y","84","XL","false","D","B","72","2","C1","30.0","RADAR","BUDGET","DIMAX R8"
"1955515VRARGC0154","8886459521653","RGC0154","195/55R15 RADAR RIVERA PRO-2 89V XL (CAR SUMMER)","https://dcjqgkl774ppl.cloudfront.net/tyrecat/rivera-pro-2.jpg","28.05","195","55","15","V","89","XL","false","D","C","72","2","C1","30.0","RADAR","BUDGET","RIVERA PRO 2"
"1856015HHA1033102","8808563590479","1033102","185/60R15 HANKOOK VENTUS PRIME3 K125 84H (CAR SUMMER)","https://dcjqgkl774ppl.cloudfront.net/tyrecat/k125.png","47.85","185","60","15","H","84","","false","C","B","70","2","C1","11.0","HANKOOK","MID RANGE 2","VENTUS PRIME3 K125"
"2055516VBR19651","3286341965117","19651","205/55R16 BRIDGESTONE ECOPIA EP150 91V (CAR SUMMER)","https://www.etyre.net/preview/t3/br-ep150.jpg","49.93","205","55","16","V","91","","false","B","B","71","2","C1","30.0","BRIDGESTONE","PREMIUM","ECOPIA EP150"
"2754020ZFI18196","3286341819618","18196","275/40R20 FIRESTONE ROADHAWK 106Y XL (CAR SUMMER)","https://dcjqgkl774ppl.cloudfront.net/tyrecat/roadhawk.png","88.4","275","40","20","Y","106","XL","false","C","A","73","2","C1","4.0","FIRESTONE","MID RANGE 3","ROADHAWK"
"2454518ZPI2743000","8019227274301","2743000","245/45R18 PIRELLI P-ZERO 100Y XL (CAR SUMMER)","https://dcjqgkl774ppl.cloudfront.net/tyrecat/pzero.png","99.55","245","45","18","Y","100","XL","false","C","A","68","1","C1","4.0","PIRELLI","PREMIUM","P-ZERO"
"1557013TKU2287353","8808956298289","2287353","155/70R13 KUMHO HA32 75T (CAR ALL SEASON)","https://dcjqgkl774ppl.cloudfront.net/tyrecat/kumho/ha32_ha32.png","39.77","155","70","13","T","75","","false","D","C","71","2","C1","2.0","KUMHO","MID RANGE PREMIUM","HA32"
"2354517ZAPAL23545017YAS4AZ2","8714692880629","","235/45R17 APOLLO ASPIRE 4G 97Y XL (CAR SUMMER)","https://dcjqgkl774ppl.cloudfront.net/tyrecat/amazer_4g.png","39.73","235","45","17","Y","97","XL","false","C","C","72","2","C1","1.0","APOLLO","BUDGET WHOLESALE","ASPIRE 4G"
"2657016SYO","4968814877378","","265/70R16 YOKOHAMA GEO G94CV 112S (4X4 / SUV SUMMER)","http://images.tyresoft.co.uk/70/MODEL/g94.jpg","68.29","265","70","16","S","112","","false","NA","NA","NA","NA","C1","2.0","YOKOHAMA","MID RANGE 2","G94"
"2555519ZKU2310013","8808956324421","2310013","255/55R19 KUMHO PS71 111Y XL (4X4 / SUV SUMMER)","https://dcjqgkl774ppl.cloudfront.net/tyrecat/ps71.png","80.2","255","55","19","Y","111","XL","false","C","A","73","2","C1","3.0","KUMHO","MID RANGE PREMIUM","PS71"
"1955516VBR10291","3286341029116","10291","195/55R16 BRIDGESTONE TURANZA T005 91V XL AO (CAR SUMMER)","http://images.tyresoft.biz/70/MODEL/turanzat005.jpg","68.29","195","55","16","V","91","XL","false","B","A","72","2","C1","19.0","BRIDGESTONE","PREMIUM","TURANZA T005"
"2455019ZBR19745","3286341974515","19745","245/50R19 BRIDGESTONE ALENZA 001 105W XL * (CAR SUMMER)","http://images.tyresoft.biz/70/MODEL/alenza001.jpg","96.85","245","50","19","W","105","XL","false","A","B","71","2","C1","30.0","BRIDGESTONE","PREMIUM","ALENZA 001"
"2255018ZKU2310393","8808956326081","2310393","225/50R18 KUMHO HS52 99W XL (CAR SUMMER)","https://dcjqgkl774ppl.cloudfront.net/70/model/m_6801_kumho-ecsta-hs52.png","81.54","225","50","18","W","99","XL","false","B","A","72","2","C1","2.0","KUMHO","MID RANGE PREMIUM","HS52"
"2256018ZBR19744","3286341974416","19744","225/60R18 BRIDGESTONE ALENZA 001 104W XL * (4X4 / SUV SUMMER)","http://images.tyresoft.biz/70/MODEL/alenza001.jpg","92.77","225","60","18","W","104","XL","false","A","B","71","2","C1","26.0","BRIDGESTONE","PREMIUM","ALENZA 001"
"2753519ZTRTX3","6958460916260","YSTX3R1923","275/35R19 TRACMAX X-PRIVILO TX3 100Y XL (CAR SUMMER)","https://dcjqgkl774ppl.cloudfront.net/70/model/m_4603_tracmaxx-privilotx3.jpg","51.97","275","35","19","Y","100","XL","false","C","B","71","2","C1","20.0","TRACMAX","BUDGET","X-PRIVILO TX3"
"2156517HHI200H6032","6953913106373","","215/65R17 HIFLY HT601 103H XL (4X4 / SUV SUMMER)","http://images.tyresoft.co.uk/70/MODEL/ht601.jpg","47.35","215","65","17","H","103","XL","false","D","D","72","2","C2","2.0","HIFLY","BUDGET WHOLESALE","HT601"
"2653520ZPI2501600","8019227250169","2501600","265/35R20 PIRELLI P-ZERO 95Y (N1) (CAR SUMMER)","https://dcjqgkl774ppl.cloudfront.net/tyrecat/pzero.png","199.03","265","35","20","Y","95","","false","C","A","72","2","C1","4.0","PIRELLI","PREMIUM","P-ZERO"
"2055516VPI2328900","8019227232899","2328900","205/55R16 PIRELLI CINTURATO P7 91V (CAR SUMMER)","http://www.etyre.net/preview/t3/pi-p7cintrft.jpg","51.97","205","55","16","V","91","","false","C","B","70","2","C1","30.0","PIRELLI","PREMIUM","CINTURATO P7"
"2055519VKU2345733","8808956371227","2345733","205/55R19 KUMHO HS52 97V XL (CAR SUMMER)","https://dcjqgkl774ppl.cloudfront.net/70/model/m_6801_kumho-ecsta-hs52.png","64.49","205","55","19","V","97","XL","false","C","A","72","2","C1","6.0","KUMHO","MID RANGE PREMIUM","HS52"
"2753519ZBR9902","3286340990219","09902","275/35R19 BRIDGESTONE TURANZA T005 100Y XL RUNFLAT * (CAR SUMMER)","http://images.tyresoft.biz/70/MODEL/turanzat005.jpg","186.86","275","35","19","Y","100","XL","true","B","B","71","2","C1","25.0","BRIDGESTONE","PREMIUM","TURANZA T005"
"2454019ZBR9904","3286340990417","9904","245/40R19 BRIDGESTONE TURANZA T005 98Y XL RUNFLAT * (CAR SUMMER)","http://images.tyresoft.biz/70/MODEL/turanzat005.jpg","139.49","245","40","19","Y","98","XL","true","B","B","70","2","C1","2.0","BRIDGESTONE","PREMIUM","TURANZA T005"
"2353520ZPI2501700","8019227250176","2501700","235/35R20 PIRELLI P-ZERO 88Y (N1) (CAR SUMMER)","https://dcjqgkl774ppl.cloudfront.net/tyrecat/pzero.png","149.54","235","35","20","Y","88","","false","C","A","71","2","C1","2.0","PIRELLI","PREMIUM","P-ZERO"
"2156017TRARAGFCN0220","8886459590666","RAGFCN0220","215/60R17 RADAR ARGONITE RV-4 109/107T (VAN SUMMER)","https://dcjqgkl774ppl.cloudfront.net/tyrecat/radar/argoniterv-4_argoniterv-4(45).jpg","54.01","215","60","17","T","109/107","","false","C","B","70","2","","5.0","RADAR","BUDGET","ARGONITE RV-4"
"2756518QPAPANCCN0203","8886459561420","PANCCN0203","275/65R18 PATRIOT R/T+ 119/116Q (4X4 / SUV SUMMER)","https://dcjqgkl774ppl.cloudfront.net/70/model/m_6168_patriot_rt.png","114.19","275","65","18","Q","119/116","","false","NA","NA","NA","NA","","30.0","PATRIOT","","R/T+"
"2653020ZCO358630000","4019238005202","03586300000","265/30R20 CONTINENTAL CONTISPORTCONTACT 5P 94Y XL RO1 SILENT (CAR SUMMER)","http://www.etyre.net/preview/t3/co-csc5pxlro2.jpg","199.27","265","30","20","Y","94","XL","false","D","A","73","2","C1","2.0","CONTINENTAL","PREMIUM","CONTISPORTCONTACT 5P"
"2555519ZBR10444","3286341044416","10444","255/55R19 BRIDGESTONE ALENZA 001 107W (4X4 / SUV SUMMER)","http://images.tyresoft.biz/70/MODEL/alenza001.jpg","89.71","255","55","19","W","107","","false","B","A","71","2","C1","8.0","BRIDGESTONE","PREMIUM","ALENZA 001"
"2556018HKU2282283","8808956293406","2282283","255/60R18 KUMHO KL33 108H (4X4 / SUV SUMMER)","http://images.tyresoft.co.uk/70/MODEL/kl33.jpg","72.38","255","60","18","H","108","","false","B","C","72","2","C1","4.0","KUMHO","MID RANGE PREMIUM","KL33"
"2255518ZHA1026882","8808563507194","1026882","225/55R18 HANKOOK VENTUS S1 EVO3 K127 102Y XL * MO (CAR SUMMER)","https://dcjqgkl774ppl.cloudfront.net/tyrecat/k127.png","87.37","225","55","18","Y","102","XL","false","A","B","68","1","C1","13.0","HANKOOK","MID RANGE 2","VENTUS S1 EVO3 K127"
"2454519ZHA1026883","8808563507200","1026883","245/45R19 HANKOOK VENTUS S1 EVO3 K127 102Y XL BMW- MO (CAR SUMMER)","https://dcjqgkl774ppl.cloudfront.net/tyrecat/k127.png","112.07","245","45","19","Y","102","XL","false","A","B","68","1","C1","15.0","HANKOOK","MID RANGE 2","VENTUS S1 EVO3 K127"
"2457516QPAPANCCN0149","8886459560881","PANCCN0149","245/75R16 PATRIOT RENEGADE RT+ 120/116Q (4X4 / SUV SUMMER)","https://dcjqgkl774ppl.cloudfront.net/70/model/m_6537_patriot_rt.png","88.69","245","75","16","Q","120/116","","false","NA","NA","NA","NA","C1","14.0","PATRIOT","","RENEGADE RT+"
"2657016QPAPANCCN0150","8886459560898","PANCCN0150","265/70R16 PATRIOT RENEGADE RT+ 121/118Q (4X4 / SUV SUMMER)","https://dcjqgkl774ppl.cloudfront.net/70/model/m_6537_patriot_rt.png","88.69","265","70","16","Q","121/118","","false","NA","NA","NA","NA","C1","2.0","PATRIOT","","RENEGADE RT+"
"2657516QPAPANCCN0194","8886459561338","PANCCN0194","265/75R16 PATRIOT RENEGADE RT+ 119/116Q (4X4 / SUV SUMMER)","https://dcjqgkl774ppl.cloudfront.net/70/model/m_6537_patriot_rt.png","94.81","265","75","16","Q","119/116","","false","NA","NA","NA","NA","C1","2.0","PATRIOT","","RENEGADE RT+"
"1955015HKU2290643","8808956303457","2290643","195/50R15 KUMHO WP52 82H (CAR WINTER)","","33.61","195","50","15","H","82","","false","D","B","72","2","C1","1.0","KUMHO","MID RANGE PREMIUM","WP52"
"2857516QPAPANCCN0195","8886459561345","PANCCN0195","285/75R16 PATRIOT RENEGADE RT+ 121/117Q (4X4 / SUV SUMMER)","https://dcjqgkl774ppl.cloudfront.net/70/model/m_6537_patriot_rt.png","109.09","285","75","16","Q","121/117","","false","NA","NA","NA","NA","C1","6.0","PATRIOT","","RENEGADE RT+"
"2657017QPAPANCCN0281","8886459595876","PANCCN0281","265/70R17 PATRIOT RENEGADE RT+ 121/118Q (4X4 / SUV SUMMER)","https://dcjqgkl774ppl.cloudfront.net/70/model/m_6537_patriot_rt.png","92.77","265","70","17","Q","121/118","","false","NA","NA","NA","NA","C1","16.0","PATRIOT","","RENEGADE RT+"
"2656518QPAPANCCN0201","8886459561406","PANCCN0201","265/65R18 PATRIOT RENEGADE RT+ 117/114Q (4X4 / SUV SUMMER)","https://dcjqgkl774ppl.cloudfront.net/70/model/m_6537_patriot_rt.png","108.07","265","65","18","Q","117/114","","false","NA","NA","NA","NA","C1","2.0","PATRIOT","","RENEGADE RT+"
"2757018QPAPANCCN0204","8886459561437","PANCCN0204","275/70R18 PATRIOT RENEGADE RT+ 121/118Q (4X4 / SUV SUMMER)","https://dcjqgkl774ppl.cloudfront.net/70/model/m_6537_patriot_rt.png","117.25","275","70","18","Q","121/118","","false","NA","NA","NA","NA","C1","30.0","PATRIOT","","RENEGADE RT+"
"2254518TGO547604","5452000806116","547604","225/45R18 GOODYEAR ULTRAGRIP ICE 2 MS 95T XL (CAR WINTER)","https://dcjqgkl774ppl.cloudfront.net/tyrecat/goodyear/ultragripice2ms_ultragrip-ice-2.png","82.57","225","45","18","T","95","XL","false","C","D","71","2","C1","1.0","GOODYEAR","PREMIUM","ULTRAGRIP ICE 2 MS"
"2356018VBR13885","3286341388510","13885","235/60R18 BRIDGESTONE DUELER H/P SPORT 103V MO (CAR SUMMER)","https://www.etyre.net/preview/t3/br-dsport.jpg","89.61","235","60","18","V","103","","false","A","B","70","2","C1","15.0","BRIDGESTONE","PREMIUM","DUELER H/P SPORT"
"2554520ZPI2592300","8019227259230","2592300","255/45R20 PIRELLI SCORPION VERDE 101W (MO) (4X4 / SUV SUMMER)","http://www.etyre.net/preview/t3/pi-scorpverde.jpg","158.37","255","45","20","W","101","","false","B","B","71","2","C1","30.0","PIRELLI","PREMIUM","SCORPION VERDE"
"2656517QPAPANCCN0153","8886459560928","PANCCN0153","265/65R17 PATRIOT RENEGADE RT+ 120/117Q (4X4 / SUV SUMMER)","https://dcjqgkl774ppl.cloudfront.net/70/model/m_6537_patriot_rt.png","92.77","265","65","17","Q","120/117","","false","NA","NA","NA","NA","C1","1.0","PATRIOT","","RENEGADE RT+"
"2457016HAC6M577","8997020615777","1200040243","245/70R16 ACCELERA OMIKRON H/T 107H (4X4 / SUV SUMMER)","https://dcjqgkl774ppl.cloudfront.net/tyrecat/omikron-ht.png","55.03","245","70","16","H","107","","false","C","C","70","2","C1","4.0","ACCELERA","BUDGET","OMIKRON H/T"
"2857017QPAPANCCN0155","8886459560942","PANCCN0155","285/70R17 PATRIOT RENEGADE RT+ 121/118Q (4X4 / SUV SUMMER)","https://dcjqgkl774ppl.cloudfront.net/70/model/m_6537_patriot_rt.png","112.15","285","70","17","Q","121/118","","false","NA","NA","NA","NA","C1","30.0","PATRIOT","","RENEGADE RT+"
"2756020QPAPANCCN0209","8886459561482","PANCCN0209","275/60R20 PATRIOT RENEGADE RT+ 119/116Q (4X4 / SUV SUMMER)","https://dcjqgkl774ppl.cloudfront.net/70/model/m_6537_patriot_rt.png","123.37","275","60","20","Q","119/116","","false","NA","NA","NA","NA","C1","10.0","PATRIOT","","RENEGADE RT+"
"2857518QPAPANCCN0207","8886459561468","PANCCN0207","285/75R18 PATRIOT RENEGADE RT+ 121/118Q (4X4 / SUV SUMMER)","https://dcjqgkl774ppl.cloudfront.net/70/model/m_6537_patriot_rt.png","123.37","285","75","18","Q","121/118","","false","NA","NA","NA","NA","C1","30.0","PATRIOT","","RENEGADE RT+"
"2855022QPAPANCCN0167","8886459561062","PANCCN0167","285/50R22 PATRIOT RENEGADE RT+ 121Q (4X4 / SUV SUMMER)","https://dcjqgkl774ppl.cloudfront.net/70/model/m_6168_patriot_rt.png","142.75","285","50","22","Q","121","","false","NA","NA","NA","NA","C1","1.0","PATRIOT","","RENEGADE RT+"
"2553519ZUN0361100000","4024068003182","03611000000","255/35R19 UNIROYAL RAINSPORT 5 96Y XL (CAR SUMMER)","https://dcjqgkl774ppl.cloudfront.net/70/model/m_5279_rs5.jpg","94.38","255","35","19","Y","96","XL","false","C","A","73","2","C1","30.0","UNIROYAL","MID RANGE PREMIUM","RAINSPORT 5"
"2556020VPI3746200","8019227374629","3746200","255/60R20 PIRELLI SCORPION ZERO ALL SE 113V XL (4X4 / SUV SUMMER)","https://dcjqgkl774ppl.cloudfront.net/tyrecat/scorpion_zero_all_season.png","127.93","255","60","20","V","113","XL","false","A","C","70","1","C1","30.0","PIRELLI","PREMIUM","SCORPION ZERO ALL SE"
"2054017ZTO4052500","4981910516774","4052500","205/40R17 TOYO PXTR1 84W XL (CAR SUMMER)","https://dcjqgkl774ppl.cloudfront.net/tyrecat/pxtr1.png","52.99","205","40","17","W","84","XL","false","D","B","70","2","C1","30.0","TOYO","MID RANGE PREMIUM","PXTR1"
"2754518ZPI2127300","8019227212730","","275/45R18 PIRELLI CINTURATO P7 103W RUNFLAT (MOE) (CAR SUMMER)","http://www.etyre.net/preview/t3/pi-p7cintrft.jpg","190.57","275","45","18","W","103","","true","C","C","72","2","C1","1.0","PIRELLI","PREMIUM","CINTURATO P7"
"2454019ZUN0361093000","4024068002390","03610930000","245/40R19 UNIROYAL RAINSPORT 5 98Y XL (CAR SUMMER)","https://dcjqgkl774ppl.cloudfront.net/70/model/m_5279_rs5.jpg","98.34","245","40","19","Y","98","XL","false","C","A","72","2","C1","28.0","UNIROYAL","MID RANGE PREMIUM","RAINSPORT 5"
"2454517ZUN0361094000","4024068002710","03610940000","245/45R17 UNIROYAL RAINSPORT 5 99Y XL (CAR SUMMER)","https://dcjqgkl774ppl.cloudfront.net/70/model/m_5279_rs5.jpg","86.17","245","45","17","Y","99","XL","false","C","A","72","2","C1","2.0","UNIROYAL","MID RANGE PREMIUM","RAINSPORT 5"
"2254517ZUN0361057000","4024068002666","03610570000","225/45R17 UNIROYAL RAINSPORT 5 94Y XL (CAR SUMMER)","https://dcjqgkl774ppl.cloudfront.net/70/model/m_5279_rs5.jpg","54.43","225","45","17","Y","94","XL","false","C","A","72","2","C1","2.0","UNIROYAL","MID RANGE PREMIUM","RAINSPORT 5"
"2054517ZPI3145800","8019227314588","3145800","205/45R17 PIRELLI CINTURATO P7 (P7C2) 88W XL (*) (CAR SUMMER)","https://dcjqgkl774ppl.cloudfront.net/tyrecat/pirelli/cinturatop7(p7c2)_cinturato-p7c2.png","82.71","205","45","17","W","88","XL","false","A","B","69","1","C1","9.0","PIRELLI","PREMIUM","CINTURATO P7 (P7C2)"
"2354019ZUN0361074000","4024068003304","03610740000","235/40R19 UNIROYAL RAINSPORT 5 96Y XL (CAR SUMMER)","https://dcjqgkl774ppl.cloudfront.net/70/model/m_5279_rs5.jpg","103.56","235","40","19","Y","96","XL","false","C","A","72","2","C1","30.0","UNIROYAL","MID RANGE PREMIUM","RAINSPORT 5"
"2255018ZPI3141000","8019227314106","3141000","225/50R18 PIRELLI CINTURATO P7 C2 99W XL (*) (CAR SUMMER)","https://dcjqgkl774ppl.cloudfront.net/tyrecat/pirelli/cinturatop7(p7c2)_cinturato-p7c2.png","108.07","225","50","18","W","99","XL","false","A","B","70","2","C1","4.0","PIRELLI","PREMIUM","CINTURATO P7 (P7C2)"
"1856016HTRYSTX2R1606","6958460910473","YSTX2R1606","185/60R16 TRACMAX X-PRIVILO TX2 86H (CAR SUMMER)","","30.55","185","60","16","H","86","","false","C","C","70","B","C1","30.0","TRACMAX","BUDGET","X-PRIVILO TX2"
"2355018ZUN0361079000","4024068003007","03610790000","235/50R18 UNIROYAL RAINSPORT 5 101Y XL (CAR SUMMER)","https://dcjqgkl774ppl.cloudfront.net/70/model/m_5279_rs5.jpg","87.78","235","50","18","Y","101","XL","false","C","A","72","2","C1","30.0","UNIROYAL","MID RANGE PREMIUM","RAINSPORT 5"
"2754020ZUN0361123000","4024068002833","03611230000","275/40R20 UNIROYAL RAINSPORT 5 106Y XL (4X4 / SUV SUMMER)","https://dcjqgkl774ppl.cloudfront.net/70/model/m_5279_rs5.jpg","109.59","275","40","20","Y","106","XL","false","C","A","73","2","C1","30.0","UNIROYAL","MID RANGE PREMIUM","RAINSPORT 5"
"2553520ZUN0361101000","4024068002420","03611010000","255/35R20 UNIROYAL RAINSPORT 5 97Y XL (CAR SUMMER)","https://dcjqgkl774ppl.cloudfront.net/70/model/m_5279_rs5.jpg","107.65","255","35","20","Y","97","XL","false","C","A","73","2","C1","30.0","UNIROYAL","MID RANGE PREMIUM","RAINSPORT 5"
"1756016HTRYSTX2R1605","6958460910442","YSTX2R1605","175/60R16 TRACMAX X-PRIVILO TX2 86H (CAR SUMMER)","","29.07","175","60","16","H","86","","false","C","C","70","B","C1","15.0","TRACMAX","BUDGET","X-PRIVILO TX2"
"2653518ZUN0361114000","4024068002741","03611140000","265/35R18 UNIROYAL RAINSPORT 5 97Y XL (CAR SUMMER)","https://dcjqgkl774ppl.cloudfront.net/70/model/m_5279_rs5.jpg","105.0","265","35","18","Y","97","XL","false","C","A","73","2","C1","6.0","UNIROYAL","MID RANGE PREMIUM","RAINSPORT 5"
"2254517ZGO549688","5452000823588","549688","225/45R17 GOODYEAR EAGLE F1 (ASYMMETRIC) 5 91Y (CAR SUMMER)","https://dcjqgkl774ppl.cloudfront.net/tyrecat/eagle_f1_asym_5.png","62.17","225","45","17","Y","91","","false","D","A","70","2","C1","1.0","GOODYEAR","PREMIUM","EAGLE F1 (ASYMMETRIC) 5"
"2653519ZUN0361115000","4024068002536","03611150000","265/35R19 UNIROYAL RAINSPORT 5 98Y XL (CAR SUMMER)","https://dcjqgkl774ppl.cloudfront.net/70/model/m_5279_rs5.jpg","134.17","265","35","19","Y","98","XL","false","C","A","73","2","C1","2.0","UNIROYAL","MID RANGE PREMIUM","RAINSPORT 5"
"2156016HCO5070291","0029142812791","5070291","215/60R16 COOPER WM SA2 99H 1 ( WINTER)","http://images.tyresoft.biz/70/MODEL/wmsa2.jpeg","47.89","215","60","16","H","99","XL","false","C","B","70","2","C1","4.0","COOPER","MID RANGE 3","WM SA2"
"2555019ZUN0361109000","4024068003328","03611090000","255/50R19 UNIROYAL RAINSPORT 5 107Y XL (CAR SUMMER)","https://dcjqgkl774ppl.cloudfront.net/70/model/m_5279_rs5.jpg","97.11","255","50","19","Y","107","XL","false","C","A","73","2","C1","1.0","UNIROYAL","MID RANGE PREMIUM","RAINSPORT 5"
"2454017ZUN0361091000","4024068002253","03610910000","245/40R17 UNIROYAL RAINSPORT 5 91Y (CAR SUMMER)","https://dcjqgkl774ppl.cloudfront.net/70/model/m_5279_rs5.jpg","81.32","245","40","17","Y","91","","false","D","A","71","2","C1","1.0","UNIROYAL","MID RANGE PREMIUM","RAINSPORT 5"
"2554019ZUN0361103000","4024068003281","03611030000","255/40R19 UNIROYAL RAINSPORT 5 100Y XL (CAR SUMMER)","https://dcjqgkl774ppl.cloudfront.net/70/model/m_5279_rs5.jpg","105.69","255","40","19","Y","100","XL","false","C","A","73","2","C1","21.0","UNIROYAL","MID RANGE PREMIUM","RAINSPORT 5"
"2554518ZUN0361106000","4024068003090","03611060000","255/45R18 UNIROYAL RAINSPORT 5 103Y XL (CAR SUMMER)","https://dcjqgkl774ppl.cloudfront.net/70/model/m_5279_rs5.jpg","104.47","255","45","18","Y","103","XL","false","C","A","73","2","C1","15.0","UNIROYAL","MID RANGE PREMIUM","RAINSPORT 5"
"2255018ZPI2245600","8019227224566","2245600","225/50R18 PIRELLI CINTURATO P7 95W RUNFLAT (*) (CAR SUMMER)","http://www.etyre.net/preview/t3/pi-p7cintrft.jpg","113.04","225","50","18","W","95","","true","C","C","71","2","C1","10.0","PIRELLI","PREMIUM","CINTURATO P7"
"2555518ZUN0361111000","4024068003069","03611110000","255/55R18 UNIROYAL RAINSPORT 5 109Y XL (4X4 / SUV SUMMER)","https://dcjqgkl774ppl.cloudfront.net/70/model/m_5279_rs5.jpg","85.94","255","55","18","Y","109","XL","false","C","A","73","2","C1","1.0","UNIROYAL","MID RANGE PREMIUM","RAINSPORT 5"
"2453520ZPI2617400","8019227261745","2617400","245/35R20 PIRELLI PZERO 91Y (N1) (CAR SUMMER)","https://dcjqgkl774ppl.cloudfront.net/70/images/pi-pzero.jpg","134.59","245","35","20","Y","91","","false","D","A","71","2","C1","2.0","PIRELLI","PREMIUM","PZERO"
"2356516RBR20801","3286342080116","20801","235/65R16 BRIDGESTONE DURASE ALL SEASON EVO 115/113R (VAN ALL SEASON)","","106.75","235","65","16","R","115/113","","false","B","A","72","2","","4.0","BRIDGESTONE","PREMIUM",""
"2754521ZPI2220300","8019227222036","2220300","275/45R21 PIRELLI SCORPION VERDE ALL S 110W XL (LR) (4X4 / SUV SUMMER)","https://dcjqgkl774ppl.cloudfront.net/70/images/pi-verde.jpg","162.23","275","45","21","W","110","XL","false","C","B","72","2","C1","20.0","PIRELLI","PREMIUM","SCORPION VERDE ALL S"
"2454520ZPI2622600","8019227262261","2622600","245/45R20 PIRELLI SCORPION VERDE ALL SEASON 103W XL (LR) (4X4 / SUV ALL SEASON)","http://www.etyre.net/preview/t3/pi-scorpverde.jpg","132.55","245","45","20","W","103","XL","false","C","B","69","2","C1","30.0","PIRELLI","PREMIUM","SCORPION VERDE"
"2054018ZPI3146000","8019227314601","3146000","205/40R18 PIRELLI P-ZERO 86W XL RUNFLAT (*) (CAR SUMMER)","https://dcjqgkl774ppl.cloudfront.net/tyrecat/pzero.png","106.78","205","40","18","W","86","XL","true","B","B","68","1","C1","3.0","PIRELLI","PREMIUM","P-ZERO"
"2554021ZKUP9S","6974845082955","220091KU","255/40R21 KUSTONE PASSION P9S 102W XL (4X4 / SUV SUMMER)","","66.25","255","40","21","W","102","","false","B","B","73","2","","9.0","KUSTONE","BUDGET WHOLESALE","PASSION P9S"
"2253519ZPI2615100","8019227261516","2615100","225/35R19 PIRELLI PZERO 88Y XL (CAR SUMMER)","https://dcjqgkl774ppl.cloudfront.net/70/images/pi-pzero.jpg","102.41","225","35","19","Y","88","XL","false","C","A","71","2","C1","3.0","PIRELLI","PREMIUM","PZERO"
"1656014HKU2250023","8808956258542","2250023","165/60R14 KUMHO ES31 75H (CAR SUMMER)","https://dcjqgkl774ppl.cloudfront.net/tyrecat/es31.png","32.99","165","60","14","H","75","","false","C","C","70","2","C1","8.0","KUMHO","MID RANGE PREMIUM","ES31"
"2156017HBR28605","3286342860510","28605","215/60R17 BRIDGESTONE ALENZA 001 96H (4X4 / SUV SUMMER)","http://images.tyresoft.biz/70/MODEL/alenza001.jpg","66.25","215","60","17","H","96","","false","C","B","067","1","C1","3.0","BRIDGESTONE","PREMIUM","ALENZA 001"
"2354017ZTOR888R","4981910515296","3844400","235/40R17 TOYO R888R 94W XL (CAR SUMMER)","https://dcjqgkl774ppl.cloudfront.net/tyrecat/pxr8r.png","102.97","235","40","17","W","94","","false","D","D","72","2","","4.0","TOYO","MID RANGE PREMIUM","R888R"
"2155518VKU2263253","8808956271268","2263253","215/55R18 KUMHO PS71 99V XL (4X4 / SUV SUMMER)","https://dcjqgkl774ppl.cloudfront.net/tyrecat/ps71.png","71.07","215","55","18","V","99","XL","false","C","B","72","2","C2","5.0","KUMHO","MID RANGE PREMIUM","PS71"
"2355518VCO358079000","4019238014907","0358079","235/55R18 CONTINENTAL ECOCONTACT 6 100V VOL (CAR SUMMER)","http://images.tyresoft.biz/tyrecat/no_image.png","90.73","235","55","18","V","100","","false","A","A","71","2","C1","17.0","CONTINENTAL","PREMIUM","ECOCONTACT 6"
"2154017ZKU2262803","8808956271695","2262803","215/40R17 KUMHO PS71 87Y XL (CAR SUMMER)","https://dcjqgkl774ppl.cloudfront.net/tyrecat/ps71.png","61.15","215","40","17","Y","87","XL","false","D","A","72","2","C1","30.0","KUMHO","MID RANGE PREMIUM","PS71"
"2454520ZGR221016896","6969999053302","221016896","245/45R20 GRIPMAX SUREGRIP AS 103W XL (CAR ALL SEASON)","https://dcjqgkl774ppl.cloudfront.net/tyrecat/status-allclimate.png","87.67","245","45","20","W","103","XL","false","C","C","72","2","C1","1.0","GRIPMAX","BUDGET","SUREGRIP AS"
"2754020ZPI2918800","8019227291889","2918800","275/40R20 PIRELLI P-ZERO 106W XL (*) (4X4 / SUV SUMMER)","https://dcjqgkl774ppl.cloudfront.net/tyrecat/pzero.png","144.72","275","40","20","W","106","XL","false","A","B","70","1","C1","8.0","PIRELLI","PREMIUM","P-ZERO"
"2454520ZPI2918700","8019227291872","2918700","245/45R20 PIRELLI P-ZERO 103W XL (*) (4X4 / SUV SUMMER)","https://dcjqgkl774ppl.cloudfront.net/tyrecat/pzero.png","148.37","245","45","20","W","103","XL","false","A","B","71","2","C1","10.0","PIRELLI","PREMIUM","P-ZERO"
"2353519ZUN0361072000","4024068003298","03610720000","235/35R19 UNIROYAL RAINSPORT 5 91Y XL (CAR SUMMER)","https://dcjqgkl774ppl.cloudfront.net/70/model/m_5279_rs5.jpg","86.35","235","35","19","Y","91","XL","false","C","A","72","2","C1","30.0","UNIROYAL","MID RANGE PREMIUM","RAINSPORT 5"
"2254018VCO03550690000","4019238791600","03550690000","225/40R18 CONTINENTAL ALLSEASONCONTACT 92V XL EVC (CAR ALL SEASON)","http://images.tyresoft.biz/70/MODEL/allseasoncontact.jpg","73.75","225","40","18","V","92","XL","false","C","B","72","2","C1","1.0","CONTINENTAL","PREMIUM","ALLSEASONCONTACT"
"2857017QAC1200046099","8997020617542","1200046099","285/70R17 ACCELERA MT-01 121/118Q (4X4 / SUV SUMMER)","https://dcjqgkl774ppl.cloudfront.net/tyrecat/mt-01.png","98.89","285","70","17","Q","121/118","","false","NA","NA","NA","NA","C1","8.0","ACCELERA","BUDGET","MT-01"
"2353519ZGO549705","5452000824653","549705","235/35R19 GOODYEAR EAGLE F1 (ASYMMETRIC) 5 91Y XL (CAR SUMMER)","https://dcjqgkl774ppl.cloudfront.net/tyrecat/eagle_f1_asym_5.png","98.89","235","35","19","Y","91","XL","false","C","A","71","2","C1","8.0","GOODYEAR","PREMIUM","EAGLE F1 (ASYMMETRIC) 5"
"2753519ZRARASYCN0780","8886459594497","RASYCN0780","275/35R19 RADAR DIMAX R8+ 100Y XL (CAR SUMMER)","http://omni-united.com/wp-content/uploads/2016/06/dimax-r8-plus.jpg","58.09","275","35","19","Y","100","XL","false","C","A","73","2","C1","18.0","RADAR","BUDGET","DIMAX R8+"
"2355018ZHA1028179","8808563531885","1028179","235/50R18 HANKOOK VENTUS S1 EVO3 K127 101Y XL (CAR SUMMER)","https://dcjqgkl774ppl.cloudfront.net/tyrecat/k127.png","87.67","235","50","18","Y","101","XL","false","C","A","72","2","C1","3.0","HANKOOK","MID RANGE 2","VENTUS S1 EVO3 K127"
"2254517ZUN0361056000","4024068002659","03610560000","225/45R17 UNIROYAL RAINSPORT 5 91Y (CAR SUMMER)","https://dcjqgkl774ppl.cloudfront.net/70/model/m_5279_rs5.jpg","53.08","225","45","17","Y","91","","false","C","A","71","2","C1","30.0","UNIROYAL","MID RANGE PREMIUM","RAINSPORT 5"
"2256517HAC1200043175","8997020616996","1200043175","225/65R17 ACCELERA OMIKRON H/T 102H (4X4 / SUV SUMMER)","https://dcjqgkl774ppl.cloudfront.net/70/MODEL/4665_accelera-omikron-ht.jpg","45.85","225","65","17","H","102","","false","D","D","70","2","C1","2.0","ACCELERA","BUDGET","OMIKRON H/T"
"20514PCO451152000","4019238370430","04511520000","205/80R14 CONTINENTAL VANCO 2 109/107P (VAN SUMMER)","https://dcjqgkl774ppl.cloudfront.net/70/images/cn-van2.jpg","92.26","205","82","14","P","109/107","","false","C","C","71","2","C2","1.0","CONTINENTAL","PREMIUM","VANCO 2"
"2555020ZGO575981","5452000837646","575981","255/50R20 GOODYEAR EAGLE F1 (ASYMMETRIC) SUV AT 109W XL JLRXLSCTFP SEAL (4X4 / SUV SUMMER)","http://ordering.vandenban.nl/profielen/goodyear_f1 asym suv xl.jpg","148.87","255","50","20","W","109","XL","false","A","B","73","2","C1","4.0","GOODYEAR","PREMIUM","EAGLE F1 (ASYMMETRIC) SUV AT"
"2056517ZHA1026899","8808563507361","1026899","205/65R17 HANKOOK VENTUS S1 EVO3 K127 100Y XL BMW (CAR SUMMER)","https://dcjqgkl774ppl.cloudfront.net/tyrecat/ventuss1evo3.png","82.34","205","65","17","Y","100","XL","false","A","B","68","1","C1","6.0","HANKOOK","MID RANGE 2","VENTUS S1 EVO3 K127"
"2753522ZPI4259700","8019227425970","4259700","275/35R22 PIRELLI P-ZERO (PZ4) 104W XL (VOL)NCS (4X4 / SUV SUMMER)","https://dcjqgkl774ppl.cloudfront.net/tyrecat/pzero.png","197.33","275","35","22","W","104","XL","false","B","A","72","2","C1","12.0","PIRELLI","PREMIUM","P-ZERO (PZ4)"
"1756514TUN0361148000","4024068004578","03611480000","175/65R14 UNIROYAL RAINEXPERT 5 82T (CAR SUMMER)","https://dcjqgkl774ppl.cloudfront.net/70/model/m_6657_uniroyal__rainexpert-5__productpicture__30.png","37.67","175","65","14","T","82","","false","C","A","70","2","C1","30.0","UNIROYAL","MID RANGE PREMIUM","RAINEXPERT 5"
"1857014TUN0361156000","4024068004875","03611560000","185/70R14 UNIROYAL RAINEXPERT 5 88T (CAR SUMMER)","https://dcjqgkl774ppl.cloudfront.net/70/model/m_6657_uniroyal__rainexpert-5__productpicture__30.png","51.36","185","70","14","T","88","","false","D","A","70","2","C1","4.0","UNIROYAL","MID RANGE PREMIUM","RAINEXPERT 5"
"2453520ZRARASYCN0366","8886459587932","RASYCN0366","245/35R20 RADAR DIMAX R8+ 98Y XL (CAR SUMMER)","http://omni-united.com/wp-content/uploads/2016/06/dimax-r8-plus.jpg","56.05","245","35","20","Y","98","XL","false","C","B","72","2","C1","1.0","RADAR","BUDGET","DIMAX R8+"
"2453518ZGO581529","4038526074836","581529","245/35R18 GOODYEAR EAGLE F1 ASYMMETRIC 6 92Y XL (CAR SUMMER)","https://dcjqgkl774ppl.cloudfront.net/tyrecat/goodyear/eaglef1asymmetric6_eagle-f1-asymmetric-6.png","109.04","245","35","18","Y","92","XL","false","C","A","70","2","C1","2.0","GOODYEAR","PREMIUM","EAGLE F1 ASYMMETRIC 6"
"1856015HUN0361164000","4024068004868","03611640000","185/60R15 UNIROYAL RAINEXPERT 5 84H (CAR SUMMER)","https://dcjqgkl774ppl.cloudfront.net/70/model/m_6657_uniroyal__rainexpert-5__productpicture__30.png","48.42","185","60","15","H","84","","false","C","A","70","2","C1","30.0","UNIROYAL","MID RANGE PREMIUM","RAINEXPERT 5"
"1856515HUN0361165000","4024068004592","03611650000","185/65R15 UNIROYAL RAINEXPERT 5 88H (CAR SUMMER)","https://dcjqgkl774ppl.cloudfront.net/70/model/m_6657_uniroyal__rainexpert-5__productpicture__30.png","47.53","185","65","15","H","88","","false","C","A","70","2","C1","5.0","UNIROYAL","MID RANGE PREMIUM","RAINEXPERT 5"
"2256017HHA","8808563355023","","225/60R17 HANKOOK H436 KINERGY GT 99H ALL SEASON (4X4 / ALL SEASON)","","71.35","225","60","17","H","99","","false","C","C","69","2","C1","1.0","HANKOOK","MID RANGE 2","H436 KINERGY GT"
"2555020ZAC1200053796","8994234021394","1200053796","255/50R20 ACCELERA IOTA ST-68 109W XL (4X4 / SUV SUMMER)","http://images.tyresoft.co.uk/70/MODEL/iotast-68.jpg","59.11","255","50","20","W","109","XL","false","C","C","68","1","C1","4.0","ACCELERA","BUDGET","IOTA ST68"
"2056016HUN0361180000","4024068004455","03611800000","205/60R16 UNIROYAL RAINEXPERT 5 92H (CAR SUMMER)","https://dcjqgkl774ppl.cloudfront.net/70/model/m_6657_uniroyal__rainexpert-5__productpicture__30.png","61.08","205","60","16","H","92","","false","C","A","71","2","C1","30.0","UNIROYAL","MID RANGE PREMIUM","RAINEXPERT 5"
"2554519ZHA1031048","8808563567372","1031048","255/45R19 HANKOOK VENTUS S1 EVO3 EV K127E 104W XL T2 TESLA SOUND ABSORBER (CAR SUMMER)","https://dcjqgkl774ppl.cloudfront.net/tyrecat/hankook/ventuss1evo3evk127e_ventuss1evo3.png","169.27","255","45","19","W","104","XL","false","A","B","72","2","C1","30.0","HANKOOK","MID RANGE 2","VENTUS S1 EVO3 EV K127E"
"1758014TUN0361142000","4024068004363","03611420000","175/80R14 UNIROYAL RAINEXPERT 5 88T (CAR SUMMER)","https://dcjqgkl774ppl.cloudfront.net/70/model/m_6657_uniroyal__rainexpert-5__productpicture__30.png","49.01","175","80","14","T","88","","false","D","A","70","2","C1","4.0","UNIROYAL","MID RANGE PREMIUM","RAINEXPERT 5"
"2454018ZCO358355000","4019238820423","0358355","245/40R18 CONTINENTAL SPORTCONTACT 6 97Y XL MO1 (CAR SUMMER)","http://images.tyresoft.biz/tyrecat/sportcontact-6-tire-image.png","87.67","245","40","18","Y","97","XL","false","C","A","72","2","C1","8.0","CONTINENTAL","PREMIUM","SPORTCONTACT 6"
"1856015HUN0361139000","4024068004394","03611390000","185/60R15 UNIROYAL RAINEXPERT 5 88H XL (CAR SUMMER)","https://dcjqgkl774ppl.cloudfront.net/70/model/m_6657_uniroyal__rainexpert-5__productpicture__30.png","50.59","185","60","15","H","88","XL","false","C","A","71","2","C1","4.0","UNIROYAL","MID RANGE PREMIUM","RAINEXPERT 5"
"2454520ZHA1031378","8808563570877","1031378","245/45R20 HANKOOK VENTUS ION S (2 PLACES) V ION S01 103Y XL (CAR SUMMER)","https://dcjqgkl774ppl.cloudfront.net/tyrecat/hankook/ventusions(2places)ik01_ik01.jpg","162.11","245","45","20","Y","103","XL","false","B","A","69","1","C1","2.0","HANKOOK","MID RANGE 2","VENTUS ION S (2 PLACES) V ION S01"
"2953521ZUN0361127000","4024068002567","03611270000","295/35R21 UNIROYAL RAINSPORT 5 107Y XL (CAR SUMMER)","https://dcjqgkl774ppl.cloudfront.net/70/model/m_5279_rs5.jpg","135.3","295","35","21","Y","107","XL","false","C","A","75","2","C1","3.0","UNIROYAL","MID RANGE PREMIUM","RAINSPORT 5"
"1855515HUN0361009000","4024068002130","03610090000","185/55R15 UNIROYAL RAINSPORT 5 82H (CAR SUMMER)","https://dcjqgkl774ppl.cloudfront.net/70/model/m_5279_rs5.jpg","53.46","185","55","15","H","82","","false","C","A","70","2","C1","30.0","UNIROYAL","MID RANGE PREMIUM","RAINSPORT 5"
"2355519ZCO354320000","4019238793963","03543200000","235/55R19 CONTINENTAL CROSSCONTACT LX SPORT 105W XL LR (4X4 / SUV SUMMER)","http://www.etyre.net/preview/t3/co-crossconlx.jpg","110.03","235","55","19","W","105","XL","false","C","C","72","2","C1","2.0","CONTINENTAL","PREMIUM","CROSSCONTACT LX SPORT"
"2354518ZPI2439900","8019227243994","2439900","235/45R18 PIRELLI CINTURATO P7 94W (CAR SUMMER)","http://www.etyre.net/preview/t3/pi-p7cintrft.jpg","89.16","235","45","18","W","94","","false","C","A","71","2","C1","17.0","PIRELLI","PREMIUM","CINTURATO P7"
"2253519ZUN0361052000","4024068003229","03610520000","225/35R19 UNIROYAL RAINSPORT 5 88Y XL (CAR SUMMER)","https://dcjqgkl774ppl.cloudfront.net/70/model/m_5279_rs5.jpg","90.81","225","35","19","Y","88","XL","false","C","A","72","2","C1","23.0","UNIROYAL","MID RANGE PREMIUM","RAINSPORT 5"
"2154517ZUN0361040000","4024068002963","03610400000","215/45R17 UNIROYAL RAINSPORT 5 91Y XL (CAR SUMMER)","https://dcjqgkl774ppl.cloudfront.net/70/model/m_5279_rs5.jpg","62.89","215","45","17","Y","91","XL","false","C","A","72","2","C1","30.0","UNIROYAL","MID RANGE PREMIUM","RAINSPORT 5"
"2154518ZUN0361041000","4024068003205","03610410000","215/45R18 UNIROYAL RAINSPORT 5 93Y XL (CAR SUMMER)","https://dcjqgkl774ppl.cloudfront.net/70/model/m_5279_rs5.jpg","85.76","215","45","18","Y","93","XL","false","C","A","72","2","C1","2.0","UNIROYAL","MID RANGE PREMIUM","RAINSPORT 5"
"2354518ZHA1031376","8808563570853","1031376","235/45R18 HANKOOK VENTUS ION S V ION S01 98W XL (CAR SUMMER)","","109.86","235","45","18","W","98","XL","false","B","A","69","1","C1","1.0","HANKOOK","MID RANGE 2","VENTUS ION S V ION S01"
"2754521ZPI2166800","8019227216684","2166800","275/45R21 PIRELLI SCORPION VERDE ALL S 110Y XL (LR) (4X4 / SUV SUMMER)","https://dcjqgkl774ppl.cloudfront.net/70/images/pi-verde.jpg","158.3","275","45","21","Y","110","XL","false","C","B","71","2","C1","9.0","PIRELLI","PREMIUM","SCORPION VERDE ALL S"
"2255519VUN0361065000","4024068003076","03610650000","225/55R19 UNIROYAL RAINSPORT 5 99V (CAR SUMMER)","https://dcjqgkl774ppl.cloudfront.net/70/model/m_5279_rs5.jpg","80.05","225","55","19","V","99","","false","C","A","71","2","C1","4.0","UNIROYAL","MID RANGE PREMIUM","RAINSPORT 5"
"2554021ZPI2181400","8019227218145","2181400","255/40R21 PIRELLI PZERO 102Y XL (RO1) (4X4 / SUV SUMMER)","https://dcjqgkl774ppl.cloudfront.net/70/images/pi-pzero.jpg","185.76","255","40","21","Y","102","XL","false","D","B","72","2","C1","4.0","PIRELLI","PREMIUM","PZERO"
"2155017ZUN0361042000","4024068002284","03610420000","215/50R17 UNIROYAL RAINSPORT 5 91Y (CAR SUMMER)","https://dcjqgkl774ppl.cloudfront.net/70/model/m_5279_rs5.jpg","73.61","215","50","17","Y","91","","false","C","A","71","2","C1","4.0","UNIROYAL","MID RANGE PREMIUM","RAINSPORT 5"
"2653518VGR3229007112","6996779053795","3229007112","265/35R18 GRIPMAX PRO WINTER 97V XL (CAR WINTER)","https://dcjqgkl774ppl.cloudfront.net/tyrecat/status_pro_w.png","82.06","265","35","18","V","97","XL","false","D","C","73","2","C1","1.0","GRIPMAX","BUDGET","PRO WINTER"
"2155518VUN0361050000","4024068003120","03610500000","215/55R18 UNIROYAL RAINSPORT 5 99V XL (CAR SUMMER)","https://dcjqgkl774ppl.cloudfront.net/70/model/m_5279_rs5.jpg","78.75","215","55","18","V","99","XL","false","C","A","72","2","C1","30.0","UNIROYAL","MID RANGE PREMIUM","RAINSPORT 5"
